id,name,头像,类别,详情页,总点赞,总收藏,总评论,总分享,笔记数量,总互动量,门槛校验结果,收藏点赞比,评论点赞比,博主类型,投放建议
652bb119000000001f00610f,okgo妞,https://sns-avatar-qc.xhscdn.com/avatar/1040g2jo30qae428ane005ofa6v0k1dnogd3fljo?imageView2/2/w/80/format/jpg,穿搭,https://www.xiaohongshu.com/explore/68a6f57a000000001c034c0a?xsec_token=ABERDiKHg90g4_DzUnCcNuKEhLK6AFp_VfBcFuvY6-YVk=,720,127,1234,10,1,2091,双门槛全部达标,0.176,1.714,普通低价值博主,转化比值一般，性价比偏低
65f3c4150000000012032484,卿爱的书,https://sns-avatar-qc.xhscdn.com/avatar/1040g2jo30nor3nhona005p1mib5jjmp1m8b9so0?imageView2/2/w/80/format/jpg,穿搭,https://www.xiaohongshu.com/explore/68a6f57a000000001c034c0a?xsec_token=ABZ7atc0heN0_UU_VDXZzDYHatk12Xvh72xjLCWiUrbqQ=,96,12,16,4,1,128,双门槛全部达标,0.125,0.167,高讨论声量型,新品造势、品牌话题引爆，不适合直接带货转化
662e02af0000000004018fff,momo,https://sns-avatar-qc.xhscdn.com/avatar/651f8f91f150395ffb649d0d.jpg?imageView2/2/w/80/format/jpg,穿搭,https://www.xiaohongshu.com/explore/68a6f57a000000001c034c0a?xsec_token=ABa2wagLGdvd-QYjsuBzxlQ9Xh3-d73jHsE5YvIAM6ySY=,817,112,374,37,1,1340,双门槛全部达标,0.137,0.458,高讨论声量型,新品造势、品牌话题引爆，不适合直接带货转化
663ce1df000000001e0385ac,薄荷过敏,https://sns-avatar-qc.xhscdn.com/avatar/1040g2jo320rpahmu687040193mqqjebkgk5bqp8?imageView2/2/w/80/format/jpg,穿搭,https://www.xiaohongshu.com/explore/68a6f57a000000001c034c0a?xsec_token=ABsgmNxWE_NCN1Po1BTeeZHPa12eYKskwNtpv_LF8QgsA=,482,141,2775,274,1,3672,双门槛全部达标,0.293,5.757,普通低价值博主,转化比值一般，性价比偏低
6699b7150000000003026bc1,Shanghai sights,https://sns-avatar-qc.xhscdn.com/avatar/5fb1d59773e5e30001ee7c0e.jpg?imageView2/2/w/80/format/jpg,穿搭,https://www.xiaohongshu.com/explore/68a6f57a000000001c034c0a?xsec_token=AB9jJraMCxsqCjsVzReOXInuQi47Hj9ZdOIGVWlQc4zUc=,438,56,48,53,1,595,双门槛全部达标,0.128,0.11,普通低价值博主,转化比值一般，性价比偏低
66b55ac1000000001e01b701,孙少也,https://sns-avatar-qc.xhscdn.com/avatar/1040g2jo311f37e2tmg0048cpjrllt57k7jv3ttg?imageView2/2/w/80/format/jpg,穿搭,https://www.xiaohongshu.com/explore/68a6f57a000000001c034c0a?xsec_token=ABrMymRfE1UayQzhBQUOZ4L4Jk2aNNdoiMkx6nLVgcBkg=,2130,647,79,71,1,2927,双门槛全部达标,0.304,0.037,高收藏带货型,优先复投，适合挂车、引导搜索转化，深度年框/独家合作
66c69d61000000001d039ab5,Missyaa,https://sns-avatar-qc.xhscdn.com/avatar/1040g2jo31coajircgk004a1cvlah89o95hiuuq8?imageView2/2/w/80/format/jpg,穿搭,https://www.xiaohongshu.com/explore/68a6f57a000000001c034c0a?xsec_token=ABx8g2ExXUMJA9LxAfZRGiMCkkpL6vz9YfhMm3Lf_wpEo=,9643,1715,231,878,1,12467,双门槛全部达标,0.178,0.024,普通低价值博主,转化比值一般，性价比偏低
66e62a48000000001e01b6a0,明星同款style,https://sns-avatar-qc.xhscdn.com/avatar/644ba521bb7ee62fdf92851a.jpg?imageView2/2/w/80/format/jpg,穿搭,https://www.xiaohongshu.com/explore/68a6f57a000000001c034c0a?xsec_token=ABmEGAQ8bU8C-bV7JT4SqwCVUP915SC6nkYGXX09X9WYk=,5603,2264,6,179,1,8052,双门槛全部达标,0.404,0.001,高收藏带货型,优先复投，适合挂车、引导搜索转化，深度年框/独家合作
66f164f3000000002a035cde,wang*zzi,https://sns-avatar-qc.xhscdn.com/avatar/1040g2jo3106t6tl362005o6b74008cd83el6neg?imageView2/2/w/80/format/jpg,穿搭,https://www.xiaohongshu.com/explore/68a6f57a000000001c034c0a?xsec_token=ABgEcPaioZnExuUsFZQ-3d8_LJukQZJiUlACg6eeMj1Hc=,3206,670,30,138,1,4044,双门槛全部达标,0.209,0.009,普通低价值博主,转化比值一般，性价比偏低
670cc4c5000000001b02f863,李饱饱,https://sns-avatar-qc.xhscdn.com/avatar/6125f1dc268ac6a31b78da4d.jpg?imageView2/2/w/80/format/jpg,穿搭,https://www.xiaohongshu.com/explore/68a6f57a000000001c034c0a?xsec_token=ABjGoHGV2kqk_28NQtjMNmMc3dXSX_h6tXmmf9dE0m96M=,1607,435,61,112,1,2215,双门槛全部达标,0.271,0.038,普通低价值博主,转化比值一般，性价比偏低
6714df100000000021005604,喵喵蛋饺,https://sns-avatar-qc.xhscdn.com/avatar/1040g2jo3229i7fvun4005np40b0091gnp5ngegg?imageView2/2/w/80/format/jpg,穿搭,https://www.xiaohongshu.com/explore/68a6f57a000000001c034c0a?xsec_token=ABInOpYgwkmORFZIkIsspNWGxuriv4eHcJhNr_Ev2jgI4=,3858,284,70,63,1,4275,双门槛全部达标,0.074,0.018,普通低价值博主,转化比值一般，性价比偏低
672213ed000000001a01d7a0,曾沛慈,https://sns-avatar-qc.xhscdn.com/avatar/1040g2jo31vcku6mm20005n9lk2klgm9id5736dg?imageView2/2/w/80/format/jpg,穿搭,https://www.xiaohongshu.com/explore/68a6f57a000000001c034c0a?xsec_token=ABnpQKfoF0QeSDTClxsMrOCPOEZtWv5itXcpUkWFykB18=,1068,50,99,20,1,1237,双门槛全部达标,0.047,0.093,普通低价值博主,转化比值一般，性价比偏低
673016fd00000000190185f2,咕嘟咕嘟,https://sns-avatar-qc.xhscdn.com/avatar/1040g2jo322hbjnq6mu004b3ds6h5l3gs163rlro?imageView2/2/w/80/format/jpg,穿搭,https://www.xiaohongshu.com/explore/68a6f57a000000001c034c0a?xsec_token=ABysEGRpGNfBfNcn6Dt98h7roFz64IwNtO_4lmzlNEt7g=,2234,149,673,329,1,3385,双门槛全部达标,0.067,0.301,高讨论声量型,新品造势、品牌话题引爆，不适合直接带货转化
675028bd0000000008006df0,我的北欧快乐生活,https://sns-avatar-qc.xhscdn.com/avatar/1040g2jo322bf2lr7ms005oljvq56su1khdgb890?imageView2/2/w/80/format/jpg,穿搭,https://www.xiaohongshu.com/explore/68a6f57a000000001c034c0a?xsec_token=ABTnlBzcDpa9xGScCdV4924Juzz6mPpTMqF0DsQIcjUUQ=,46711,16553,5010,5115,1,73389,双门槛全部达标,0.354,0.107,普通低价值博主,转化比值一般，性价比偏低
675bba24000000000103d7f7,阿川纪录片,https://sns-avatar-qc.xhscdn.com/avatar/1040g2jo314iv9dca746g5pjmuu2hot1mba284n8?imageView2/2/w/80/format/jpg,穿搭,https://www.xiaohongshu.com/explore/68a6f57a000000001c034c0a?xsec_token=AB6FppjT-MrlJCVUOg1o4p9jqXekr0xUUAZqlyiwLcJ8s=,4312,944,150,1015,1,6421,双门槛全部达标,0.219,0.035,普通低价值博主,转化比值一般，性价比偏低
675da5bd0000000002036f30,🥝,https://sns-avatar-qc.xhscdn.com/avatar/1040g2jo31bd4nsmbng6g5np2gn308k6rrdeeqqg?imageView2/2/w/80/format/jpg,穿搭,https://www.xiaohongshu.com/explore/68a6f57a000000001c034c0a?xsec_token=ABloSOpNFw_qsbi0OhLetl7jWMFbXVfC9OPfDb5_kovMs=,3833,1161,58,192,1,5244,双门槛全部达标,0.303,0.015,高收藏带货型,优先复投，适合挂车、引导搜索转化，深度年框/独家合作
67602263000000000b015be3,刀子嘴的刀🔪,https://sns-avatar-qc.xhscdn.com/avatar/1040g2jo31as4256cne005p7n9jmh879t5q13av0?imageView2/2/w/80/format/jpg,穿搭,https://www.xiaohongshu.com/explore/68a6f57a000000001c034c0a?xsec_token=ABa-0IbWkfDwQKN8u4U8fvb36rCtheR5cznSPEfSnDQDg=,214,103,0,9,1,326,双门槛全部达标,0.481,0.0,高收藏带货型,优先复投，适合挂车、引导搜索转化，深度年框/独家合作
67651413000000001402754d,一只Mika酱,https://sns-avatar-qc.xhscdn.com/avatar/1040g2jo31mj1g7905i005pdcrgr4pfacltv0tjg?imageView2/2/w/80/format/jpg,穿搭,https://www.xiaohongshu.com/explore/68a6f57a000000001c034c0a?xsec_token=AB1IAyvFQZZk8Tx_fwdPOrW2_s7Blwd02v30hcnmx6yes=,1307,387,132,79,1,1905,双门槛全部达标,0.296,0.101,普通低价值博主,转化比值一般，性价比偏低
6767cc1e000000000900d4c0,taro.,https://sns-avatar-qc.xhscdn.com/avatar/1040g2jo31qfbdhkuga005nfefua094f4qdingk8?imageView2/2/w/80/format/jpg,穿搭,https://www.xiaohongshu.com/explore/68a6f57a000000001c034c0a?xsec_token=ABSL1AzwKi1SFTfV9p-dR9wCq5-CFA1Qsjfj_Hsbzkogg=,1839,77,39,41,1,1996,双门槛全部达标,0.042,0.021,普通低价值博主,转化比值一般，性价比偏低
67768d94000000000900ca94,夏晶圆,https://sns-avatar-qc.xhscdn.com/avatar/1040g2jo3202sul7fig6g5o7ddv9g959j7p54b2o?imageView2/2/w/80/format/jpg,穿搭,https://www.xiaohongshu.com/explore/68a6f57a000000001c034c0a?xsec_token=AB3B95EY7AY-AIi49IG2gvmea39MUCIvpfqvM5uhIm-KM=,587,86,582,79,1,1334,双门槛全部达标,0.147,0.991,高讨论声量型,新品造势、品牌话题引爆，不适合直接带货转化
677a7a44000000000b01450c,PINK SAVIOR,https://sns-avatar-qc.xhscdn.com/avatar/63205dd5825052000189f645.jpg?imageView2/2/w/80/format/jpg,穿搭,https://www.xiaohongshu.com/explore/68a6f57a000000001c034c0a?xsec_token=AB7-62oOd59Hp_zR_DRAGLZrpkERC1zCkuxUd-bE8-ZLU=,4243,1136,189,242,1,5810,双门槛全部达标,0.268,0.045,普通低价值博主,转化比值一般，性价比偏低
6781ed6f000000001800da66,一只喵,https://sns-avatar-qc.xhscdn.com/avatar/1040g2jo31ueoej5p2q005pgh0sp0u5hajc839jg?imageView2/2/w/80/format/jpg,穿搭,https://www.xiaohongshu.com/explore/68a6f57a000000001c034c0a?xsec_token=AB4L64_g27CBthO6IgIC8v0Gmv0HJzVtkih_bJ1h42WAI=,7900,2570,99,278,1,10847,双门槛全部达标,0.325,0.013,高收藏带货型,优先复投，适合挂车、引导搜索转化，深度年框/独家合作
67bb152e0000000029016661,温婉_,https://sns-avatar-qc.xhscdn.com/avatar/1040g2jo31tnuloqsmq0g4bjdmamjf4bc8ldf7mg?imageView2/2/w/80/format/jpg,穿搭,https://www.xiaohongshu.com/explore/68a6f57a000000001c034c0a?xsec_token=ABNAQQhx35QgRFPCFWHcrr43H2Vei3ZYcImLelwCVNROs=,1900,971,28,616,1,3515,双门槛全部达标,0.511,0.015,高收藏带货型,优先复投，适合挂车、引导搜索转化，深度年框/独家合作
67daaa75000000000302801a,安熊来了（努力测评版！,https://sns-avatar-qc.xhscdn.com/avatar/1040g2jo315aamjfo1a005nljvb408co0mgseu8g?imageView2/2/w/80/format/jpg,穿搭,https://www.xiaohongshu.com/explore/68a6f57a000000001c034c0a?xsec_token=ABW0yHdxd0M9ztSv8cz77NJ6QmvKareMLQk8xPOUdlEoQ=,13167,4775,450,1027,1,19419,双门槛全部达标,0.363,0.034,高收藏带货型,优先复投，适合挂车、引导搜索转化，深度年框/独家合作
67e3cc9a000000001203d189,蒲言延,https://sns-avatar-qc.xhscdn.com/avatar/659e5479b6e9a5a883534142.jpg?imageView2/2/w/80/format/jpg,穿搭,https://www.xiaohongshu.com/explore/68a6f57a000000001c034c0a?xsec_token=ABWqZfCmUUfjOy2Qf4Fo9Lfk6YxrzEKrCO0GEvyppKbtE=,16211,1556,967,691,1,19425,双门槛全部达标,0.096,0.06,普通低价值博主,转化比值一般，性价比偏低
67e54dfb0000000007036b08,my-name-is-MM,https://sns-avatar-qc.xhscdn.com/avatar/62348163ffe7365d84a77c0c.jpg?imageView2/2/w/80/format/jpg,穿搭,https://www.xiaohongshu.com/explore/68a6f57a000000001c034c0a?xsec_token=ABY6z53EeG-Y46R8wxopZxnzKyU2H9FqlV8krUpWja-h4=,7837,5171,480,1356,1,14844,双门槛全部达标,0.66,0.061,高收藏带货型,优先复投，适合挂车、引导搜索转化，深度年框/独家合作
67eaae45000000000900ca49,昆凌hannah_quinlivan,https://sns-avatar-qc.xhscdn.com/avatar/1000g2jo2pinvgi0ju0004b84m4fifjagl5tlhpg?imageView2/2/w/80/format/jpg,穿搭,https://www.xiaohongshu.com/explore/68a6f57a000000001c034c0a?xsec_token=ABngEqCk2Q3MAWSm1krkiqOXEYHDQ17o9JoYuE-F4YDdk=,57120,3050,2437,1599,1,64206,双门槛全部达标,0.053,0.043,普通低价值博主,转化比值一般，性价比偏低
67ee6d830000000009038ca2,taro.,https://sns-avatar-qc.xhscdn.com/avatar/1040g2jo31qfbdhkuga005nfefua094f4qdingk8?imageView2/2/w/80/format/jpg,穿搭,https://www.xiaohongshu.com/explore/68a6f57a000000001c034c0a?xsec_token=ABLc9yk8R65jalu_pOIKdLEsB_MiA9wA_J8p72b-erD6s=,6083,294,85,201,1,6663,双门槛全部达标,0.048,0.014,普通低价值博主,转化比值一般，性价比偏低
67f3db9100000000070376fd,赤井牙美,https://sns-avatar-qc.xhscdn.com/avatar/1040g2jo30p0pacv6k00043nqkfdqmoohoioildo?imageView2/2/w/80/format/jpg,穿搭,https://www.xiaohongshu.com/explore/68a6f57a000000001c034c0a?xsec_token=AB-Kfd2j20NoyLqxPzHT0vcpMwWLRNYEWqR-gctt7tRbM=,14760,3533,15566,239,1,34098,双门槛全部达标,0.239,1.055,普通低价值博主,转化比值一般，性价比偏低
67f721bf000000000b02e5a2,快乐咸鱼,https://sns-avatar-qc.xhscdn.com/avatar/60e90787000000002002dd29.jpg?imageView2/2/w/80/format/jpg,穿搭,https://www.xiaohongshu.com/explore/68a6f57a000000001c034c0a?xsec_token=ABqK3it1m8REODnM3gWsYFddKZQ-9GGTKnVy2rDTRIafQ=,11961,3256,1168,281,1,16666,双门槛全部达标,0.272,0.098,普通低价值博主,转化比值一般，性价比偏低
6806090e000000001c008d60,牵着小月亮长大,https://sns-avatar-qc.xhscdn.com/avatar/1040g2jo31sbupcrq5s004bcujqprndrqjkobpsg?imageView2/2/w/80/format/jpg,穿搭,https://www.xiaohongshu.com/explore/68a6f57a000000001c034c0a?xsec_token=ABrEIsPMA6EAq3lTuAwgiv53xUENazwypABQJrq-NLTC4=,923,320,306,32,1,1581,双门槛全部达标,0.347,0.332,普通低价值博主,转化比值一般，性价比偏低
68062faf000000000903b190,娜家HAO穿搭,https://sns-avatar-qc.xhscdn.com/avatar/62c6b27b1dd59b0001fc5003.jpg?imageView2/2/w/80/format/jpg,穿搭,https://www.xiaohongshu.com/explore/68a6f57a000000001c034c0a?xsec_token=ABrEIsPMA6EAq3lTuAwgiv5yhqGYpFDMhBtIR7B4OcLmo=,1472,1007,63,130,1,2672,双门槛全部达标,0.684,0.043,高收藏带货型,优先复投，适合挂车、引导搜索转化，深度年框/独家合作
6809f620000000000f03be13,周周念周周,https://sns-avatar-qc.xhscdn.com/avatar/1040g2jo31odjsde3g6005ni87ing950481lfin8?imageView2/2/w/80/format/jpg,穿搭,https://www.xiaohongshu.com/explore/68a6f57a000000001c034c0a?xsec_token=ABjo3YuNPDLjMdf8A81L0q35etGtkW_UbsJm9CTKh-aDw=,32370,3430,3291,2581,1,41672,双门槛全部达标,0.106,0.102,普通低价值博主,转化比值一般，性价比偏低
680af792000000001201f1ec,小团团,https://sns-avatar-qc.xhscdn.com/avatar/1040g2jo31c6kk2gk0k005plpcv3ncd3piprnhdg?imageView2/2/w/80/format/jpg,穿搭,https://www.xiaohongshu.com/explore/68a6f57a000000001c034c0a?xsec_token=ABSZBV_BmJFTLyKa3HaaKK5tQMjD3_KUiTBewTJ_YsmLI=,4318,1617,112,441,1,6488,双门槛全部达标,0.374,0.026,高收藏带货型,优先复投，适合挂车、引导搜索转化，深度年框/独家合作
680f56d10000000009014cc1,小团团,https://sns-avatar-qc.xhscdn.com/avatar/1040g2jo31c6kk2gk0k005plpcv3ncd3piprnhdg?imageView2/2/w/80/format/jpg,穿搭,https://www.xiaohongshu.com/explore/68a6f57a000000001c034c0a?xsec_token=ABLUpI5FHK4veAka44LSLBBDr3DAdgjV_NvAEYpY_tzmE=,1717,573,37,123,1,2450,双门槛全部达标,0.334,0.022,高收藏带货型,优先复投，适合挂车、引导搜索转化，深度年框/独家合作
680fac41000000002300ca56,赵露思,https://sns-avatar-qc.xhscdn.com/avatar/1040g2jo32206nlg5n2004a17jb2vl5roop6fpu0?imageView2/2/w/80/format/jpg,穿搭,https://www.xiaohongshu.com/explore/68a6f57a000000001c034c0a?xsec_token=ABLUpI5FHK4veAka44LSLBBBz6ZUG2iYjVpgdnp2_sv7I=,249014,15009,11231,1333,1,276587,双门槛全部达标,0.06,0.045,普通低价值博主,转化比值一般，性价比偏低
68259a590000000012002084,落小兔,https://sns-avatar-qc.xhscdn.com/avatar/1040g2jo30ouncqfuju004buerg03749nrd9m0po?imageView2/2/w/80/format/jpg,穿搭,https://www.xiaohongshu.com/explore/68a6f57a000000001c034c0a?xsec_token=ABjHcoaAgUdWIAyUIaLURAntW4UACR8oi-kwVNg3XSWVM=,535,200,56,26,1,817,双门槛全部达标,0.374,0.105,普通低价值博主,转化比值一般，性价比偏低
68294a9d000000000f03183b,小团团,https://sns-avatar-qc.xhscdn.com/avatar/1040g2jo31c6kk2gk0k005plpcv3ncd3piprnhdg?imageView2/2/w/80/format/jpg,穿搭,https://www.xiaohongshu.com/explore/68a6f57a000000001c034c0a?xsec_token=ABJuZoo7psZ63JULm1C5U4KvJoEpe2vMLLOU5bJe2qqdc=,3337,1137,61,217,1,4752,双门槛全部达标,0.341,0.018,高收藏带货型,优先复投，适合挂车、引导搜索转化，深度年框/独家合作
682e6c68000000002202819c,小心心的购物日记,https://sns-avatar-qc.xhscdn.com/avatar/5ee631851498a20001de7cb0.jpg?imageView2/2/w/80/format/jpg,穿搭,https://www.xiaohongshu.com/explore/68a6f57a000000001c034c0a?xsec_token=ABlbqShJvAR1avsyyjLZflhz7tNhhxtN7MQt0YajAFtV8=,8004,2923,1011,437,1,12375,双门槛全部达标,0.365,0.126,普通低价值博主,转化比值一般，性价比偏低
682f13fb000000001101cafa,小团团,https://sns-avatar-qc.xhscdn.com/avatar/1040g2jo31c6kk2gk0k005plpcv3ncd3piprnhdg?imageView2/2/w/80/format/jpg,穿搭,https://www.xiaohongshu.com/explore/68a6f57a000000001c034c0a?xsec_token=ABdu41xUzM7ZzVmB6jTQ0ga5MjDLaArbEnJWG_etirmpI=,1687,589,137,349,1,2762,双门槛全部达标,0.349,0.081,普通低价值博主,转化比值一般，性价比偏低
683d08cb000000002301d4cd,Melinda Wang,https://sns-avatar-qc.xhscdn.com/avatar/1040g2jo319m4es076u105o5v1d2g8fa30jn4pko?imageView2/2/w/80/format/jpg,穿搭,https://www.xiaohongshu.com/explore/68a6f57a000000001c034c0a?xsec_token=ABmYzg8Q546-EFxUMvYBQqejbrJFnKGZ7AE2VEox5klWE=,10254,533,386,826,1,11999,双门槛全部达标,0.052,0.038,普通低价值博主,转化比值一般，性价比偏低
6857dcbe0000000020018d9c,瑶瑶-Yoyo,https://sns-avatar-qc.xhscdn.com/avatar/636b9b185e9fd24e85ba76c3.jpg?imageView2/2/w/80/format/jpg,穿搭,https://www.xiaohongshu.com/explore/68a6f57a000000001c034c0a?xsec_token=ABzfK8mheH-fdUomepiCZrtSk5fpqzntVIjTymAUSGh5Q=,48494,1063,795,583,1,50935,双门槛全部达标,0.022,0.016,普通低价值博主,转化比值一般，性价比偏低
685e42cf000000001202f20e,vv,https://sns-avatar-qc.xhscdn.com/avatar/1040g2jo31v7dtnr12g005od0rujk0mrpjs1iil8?imageView2/2/w/80/format/jpg,穿搭,https://www.xiaohongshu.com/explore/68a6f57a000000001c034c0a?xsec_token=AB8BF816Jx_Gd3huxmFVob-3LrVlQVdMC6MUMqvV8XfzQ=,3530,759,35,136,1,4460,双门槛全部达标,0.215,0.01,普通低价值博主,转化比值一般，性价比偏低
685ff3570000000010025691,AINIAT,https://sns-avatar-qc.xhscdn.com/avatar/5b499e37d2c8a5155d8d2fb4.jpg?imageView2/2/w/80/format/jpg,穿搭,https://www.xiaohongshu.com/explore/68a6f57a000000001c034c0a?xsec_token=ABQ1IaE6nOC8N36KnBMwtedNS19h7dHiHSnAgy142sPWA=,2420,371,83,38,1,2912,双门槛全部达标,0.153,0.034,普通低价值博主,转化比值一般，性价比偏低
68693598000000001d00ff4d,小笙儿,https://sns-avatar-qc.xhscdn.com/avatar/6697c7726b066266c4451db8.jpg?imageView2/2/w/80/format/jpg,穿搭,https://www.xiaohongshu.com/explore/68a6f57a000000001c034c0a?xsec_token=ABpLtxKb53VWLtpgvzSvJKIcTSSNoKV_IE8fWNuNLtkXQ=,10122,4069,154,516,1,14861,双门槛全部达标,0.402,0.015,高收藏带货型,优先复投，适合挂车、引导搜索转化，深度年框/独家合作
686f813b0000000011000d42,肉哆的哩,https://sns-avatar-qc.xhscdn.com/avatar/1040g2jo31ioqs1jqgu005q2evr27armmvvenho0?imageView2/2/w/80/format/jpg,穿搭,https://www.xiaohongshu.com/explore/68a6f57a000000001c034c0a?xsec_token=ABBO_LxMfoQkPjz1WRA1ieBh_d97iuMVJSBchAFyzqsgs=,22647,1706,1944,5810,1,32107,双门槛全部达标,0.075,0.086,普通低价值博主,转化比值一般，性价比偏低
68739b55000000001d00f684,75岁马奶奶,https://sns-avatar-qc.xhscdn.com/avatar/1040g2jo31u4u6lmq2i6g5prq08362ngjam9os3o?imageView2/2/w/80/format/jpg,穿搭,https://www.xiaohongshu.com/explore/68a6f57a000000001c034c0a?xsec_token=ABcSQckQrEglX-Mik07MLZmR2Zp9zsNlQpG5GHa0ETpzA=,567,49,499,31,1,1146,双门槛全部达标,0.086,0.88,高讨论声量型,新品造势、品牌话题引爆，不适合直接带货转化
68790388000000001c032211,小布丁7uf,https://sns-avatar-qc.xhscdn.com/avatar/1040g2jo31dsat1st0m6g5o16ju8g8t4v0f1mn30?imageView2/2/w/80/format/jpg,穿搭,https://www.xiaohongshu.com/explore/68a6f57a000000001c034c0a?xsec_token=ABeDOaBbnziUWVPFZgnWmJXitqXs-2A6ZuUdxxdgl1Nmk=,532,151,23,20,1,726,双门槛全部达标,0.284,0.043,普通低价值博主,转化比值一般，性价比偏低
6879bd7700000000100129a8,小官教你学穿搭,https://sns-avatar-qc.xhscdn.com/avatar/5e436dda1d314d0001e8ba92.jpg?imageView2/2/w/80/format/jpg,穿搭,https://www.xiaohongshu.com/explore/68a6f57a000000001c034c0a?xsec_token=ABeDOaBbnziUWVPFZgnWmJXsm1j2ZD4MJerPX8brxZKYY=,3735,2862,67,1551,1,8215,双门槛全部达标,0.766,0.018,高收藏带货型,优先复投，适合挂车、引导搜索转化，深度年框/独家合作
687ce1d7000000001d00c7cf,街头好东西,https://sns-avatar-qc.xhscdn.com/avatar/1040g2jo31p5bqikh2o0g5prr6f7m2publcgd6t0?imageView2/2/w/80/format/jpg,穿搭,https://www.xiaohongshu.com/explore/68a6f57a000000001c034c0a?xsec_token=ABAE3C88AoXrgl9nWXsczLW2u78IScHCi9P9mcdMNtG9E=,25156,18423,129,536,1,44244,双门槛全部达标,0.732,0.005,高收藏带货型,优先复投，适合挂车、引导搜索转化，深度年框/独家合作
687d14e800000000240085cd,pppppppc,https://sns-avatar-qc.xhscdn.com/avatar/1040g2jo31k6svqsj326g5nhusge0917tan3tv78?imageView2/2/w/80/format/jpg,穿搭,https://www.xiaohongshu.com/explore/68a6f57a000000001c034c0a?xsec_token=ABTyIjjw9OBZAw7_UOTw5OL5tdus4sZj65NIroHgSPHu8=,2384,215,740,1274,1,4613,双门槛全部达标,0.09,0.31,高讨论声量型,新品造势、品牌话题引爆，不适合直接带货转化
687ee2f9000000001201539c,李李KING2.0版本,https://sns-avatar-qc.xhscdn.com/avatar/1040g2jo31mtptj2ul2005prs3rc62nv3eml79io?imageView2/2/w/80/format/jpg,穿搭,https://www.xiaohongshu.com/explore/68a6f57a000000001c034c0a?xsec_token=ABC3P8LoGJ_HUGZvwL3rSlLSKT9pxCVZ5fkMNKpa9iWVM=,634,116,19,32,1,801,双门槛全部达标,0.183,0.03,普通低价值博主,转化比值一般，性价比偏低
687eed03000000001202ca63,TiNayu,https://sns-avatar-qc.xhscdn.com/avatar/638c0413dd9f86c15df48708.jpg?imageView2/2/w/80/format/jpg,穿搭,https://www.xiaohongshu.com/explore/68a6f57a000000001c034c0a?xsec_token=ABC3P8LoGJ_HUGZvwL3rSlLTmFnceJ_BAUHY3by6OWw_M=,1215,383,34,70,1,1702,双门槛全部达标,0.315,0.028,高收藏带货型,优先复投，适合挂车、引导搜索转化，深度年框/独家合作
687f08d80000000012017608,太阳西瓜汁,https://sns-avatar-qc.xhscdn.com/avatar/1040g2jo31lmn6gubku0g4bj6ffmdfsc4cmn2ov8?imageView2/2/w/80/format/jpg,穿搭,https://www.xiaohongshu.com/explore/68a6f57a000000001c034c0a?xsec_token=ABoJGwPTpjzwxvckkL4qs2pRgCoarkPSwi7eV8zbXVdy0=,87,80,0,13,1,180,双门槛全部达标,0.92,0.0,高收藏带货型,优先复投，适合挂车、引导搜索转化，深度年框/独家合作
687f28f4000000002400c4a7,曾舜晞,https://sns-avatar-qc.xhscdn.com/avatar/6251355db7b82db323ed977c.jpg?imageView2/2/w/80/format/jpg,穿搭,https://www.xiaohongshu.com/explore/68a6f57a000000001c034c0a?xsec_token=ABoJGwPTpjzwxvckkL4qs2pSiGpg05g7O_a_JC-mfrVmQ=,65677,3608,14032,1318,1,84635,双门槛全部达标,0.055,0.214,高讨论声量型,新品造势、品牌话题引爆，不适合直接带货转化
687f97cb000000001c031197,Lucky Strike.,https://sns-avatar-qc.xhscdn.com/avatar/1040g2jo31o6cgcj46m005o1bfjg0bm5liaffn38?imageView2/2/w/80/format/jpg,穿搭,https://www.xiaohongshu.com/explore/68a6f57a000000001c034c0a?xsec_token=ABoJGwPTpjzwxvckkL4qs2pVsznW-ZlvWZELVdNTExt30=,7462,477,1990,3593,1,13522,双门槛全部达标,0.064,0.267,高讨论声量型,新品造势、品牌话题引爆，不适合直接带货转化
687fce55000000000d01b2dd,有机电子,https://sns-avatar-qc.xhscdn.com/avatar/1040g2jo31ni3pc11526g5nlh2mfg8vumhh4285o?imageView2/2/w/80/format/jpg,穿搭,https://www.xiaohongshu.com/explore/68a6f57a000000001c034c0a?xsec_token=ABoJGwPTpjzwxvckkL4qs2pZd-ke7GoeXnvSMFAT0idZ4=,754,58,468,9,1,1289,双门槛全部达标,0.077,0.621,高讨论声量型,新品造势、品牌话题引爆，不适合直接带货转化
68807d65000000002201f953,只阿裴,https://sns-avatar-qc.xhscdn.com/avatar/1040g2jo31utcu8pajq005o0nqle093v3ubtgd90?imageView2/2/w/80/format/jpg,穿搭,https://www.xiaohongshu.com/explore/68a6f57a000000001c034c0a?xsec_token=ABZI9yoLtPVtmEiu0814QlI6HVVSP2P4O0drrc0rdA6zs=,2131,522,28,50,1,2731,双门槛全部达标,0.245,0.013,普通低价值博主,转化比值一般，性价比偏低
6882487d000000001203c45e,XIANGSHANG向尚,https://sns-avatar-qc.xhscdn.com/avatar/1040g2jo31hjsl20ljo2g5n3qcf8llslal2evgmg?imageView2/2/w/80/format/jpg,穿搭,https://www.xiaohongshu.com/explore/68a6f57a000000001c034c0a?xsec_token=ABkayhuPj0vepmltmEO0F0LyvhbDAEiUTMJr1un11c-ZE=,0,0,0,0,1,0,总互动不足100,0.0,0.0,普通低价值博主,总互动仅0，流量薄弱，不建议投放
688249e5000000002400c352,蓝涩,https://sns-avatar-qc.xhscdn.com/avatar/616fc1e16a39bedc09c0f89e.jpg?imageView2/2/w/80/format/jpg,穿搭,https://www.xiaohongshu.com/explore/68a6f57a000000001c034c0a?xsec_token=ABkayhuPj0vepmltmEO0F0L_wclEIRobl9ZETaxL2-pmM=,3199,865,70,135,1,4269,双门槛全部达标,0.27,0.022,普通低价值博主,转化比值一般，性价比偏低
688648750000000017037178,摆烂所LAB,https://sns-avatar-qc.xhscdn.com/avatar/f3966b12-a162-3a92-b1fe-d104a61a0d3e?imageView2/2/w/80/format/jpg,穿搭,https://www.xiaohongshu.com/explore/68a6f57a000000001c034c0a?xsec_token=ABG_nALBfpu6wt6_pJ-XeU-OZlt-xiEu9YH9tpcsSixLo=,3077,1208,96,337,1,4718,双门槛全部达标,0.393,0.031,高收藏带货型,优先复投，适合挂车、引导搜索转化，深度年框/独家合作
688740320000000017034884,蛋卷大王,https://sns-avatar-qc.xhscdn.com/avatar/1040g2jo31g5v71dphq405opg3fa5augkl7380q8?imageView2/2/w/80/format/jpg,穿搭,https://www.xiaohongshu.com/explore/68a6f57a000000001c034c0a?xsec_token=ABrBbKk-5lkDA_H4QywD7LbmM_oBETFKcFsX_J4ghitaE=,3664,2089,10,697,1,6460,双门槛全部达标,0.57,0.003,高收藏带货型,优先复投，适合挂车、引导搜索转化，深度年框/独家合作
68899c890000000004004977,麻糖呗,https://sns-avatar-qc.xhscdn.com/avatar/625e6b85fd3a764da5dcee47.jpg?imageView2/2/w/80/format/jpg,穿搭,https://www.xiaohongshu.com/explore/68a6f57a000000001c034c0a?xsec_token=ABhmLaf24LAPnkZ9-lHaS0dFSMaTnAgJjJiA3dWCtdrw0=,1267,500,53,77,1,1897,双门槛全部达标,0.395,0.042,高收藏带货型,优先复投，适合挂车、引导搜索转化，深度年框/独家合作
6889c43b000000002302e2ed,魅大咖,https://sns-avatar-qc.xhscdn.com/avatar/fff8cc60-e8f3-3c03-b53c-541927593718?imageView2/2/w/80/format/jpg,穿搭,https://www.xiaohongshu.com/explore/68a6f57a000000001c034c0a?xsec_token=ABhmLaf24LAPnkZ9-lHaS0dPGsB9muYaFu-jgp2A1USQU=,1,0,0,0,1,1,总互动不足100,0.0,0.0,普通低价值博主,总互动仅1，流量薄弱，不建议投放
6889f1420000000023024e3e,cuibuju,https://sns-avatar-qc.xhscdn.com/avatar/1040g2jo3159086ta1e0g5nk7t2fg8geeuf1n3r0?imageView2/2/w/80/format/jpg,穿搭,https://www.xiaohongshu.com/explore/68a6f57a000000001c034c0a?xsec_token=ABhmLaf24LAPnkZ9-lHaS0dO6iJK-oH5JtzXp5aDVtIEw=,158,69,4,52,1,283,双门槛全部达标,0.437,0.025,高收藏带货型,优先复投，适合挂车、引导搜索转化，深度年框/独家合作
688aa497000000002502673e,吴千语Karena,https://sns-avatar-qc.xhscdn.com/avatar/5e1bb2b7e29ec00001828ada.jpg?imageView2/2/w/80/format/jpg,穿搭,https://www.xiaohongshu.com/explore/68a6f57a000000001c034c0a?xsec_token=AB5c6ZmBTEfqf0IMDh8hG9g-kHTIgfPYH9U3RiMOR1_Gs=,22500,1402,936,988,1,25826,双门槛全部达标,0.062,0.042,普通低价值博主,转化比值一般，性价比偏低
688b433b0000000023039953,雪饼,https://sns-avatar-qc.xhscdn.com/avatar/1040g2jo31trqc7076u005n33qmckkerje0178a8?imageView2/2/w/80/format/jpg,穿搭,https://www.xiaohongshu.com/explore/68a6f57a000000001c034c0a?xsec_token=ABWF8yoR3OEruKivFt5Nvt4yS45Ar0-cT7UvBKyRjCwQs=,4562,2375,40,1285,1,8262,双门槛全部达标,0.521,0.009,高收藏带货型,优先复投，适合挂车、引导搜索转化，深度年框/独家合作
688ca10900000000250234c9,LIT LIGHT 里奈拾光,https://sns-avatar-qc.xhscdn.com/avatar/62e0f594d26d9f0001f14d86.jpg?imageView2/2/w/80/format/jpg,穿搭,https://www.xiaohongshu.com/explore/68a6f57a000000001c034c0a?xsec_token=ABQyeIMj9xdnH_fWTOMJG40VxZ7kjJGytFlD3A7m13KMI=,0,0,0,0,1,0,总互动不足100,0.0,0.0,普通低价值博主,总互动仅0，流量薄弱，不建议投放
688e0ea00000000002002475,SIMWOOD简木,https://sns-avatar-qc.xhscdn.com/avatar/61fb5905ebbf38f68ac57c68.jpg?imageView2/2/w/80/format/jpg,穿搭,https://www.xiaohongshu.com/explore/68a6f57a000000001c034c0a?xsec_token=AB_cNBY4dlkFhR7LlHOfS-uey8UsQToxKM8lh-L74l4aQ=,282,72,26,23,1,403,双门槛全部达标,0.255,0.092,普通低价值博主,转化比值一般，性价比偏低
688f282300000000220388a7,施,https://sns-avatar-qc.xhscdn.com/avatar/1040g2jo31ff5n6mo6edg5oo5umq5bt7tvcjglk0?imageView2/2/w/80/format/jpg,穿搭,https://www.xiaohongshu.com/explore/68a6f57a000000001c034c0a?xsec_token=ABy2qEaHJi0WlbjsTag_s1n7c4NC5NawPwtsX-rNlw4uA=,4278,277,307,379,1,5241,双门槛全部达标,0.065,0.072,普通低价值博主,转化比值一般，性价比偏低
68908539000000002203a309,晚柠,https://sns-avatar-qc.xhscdn.com/avatar/1040g2jo31g5vb30b1u6g5pp342j2199ul1a3pu0?imageView2/2/w/80/format/jpg,穿搭,https://www.xiaohongshu.com/explore/68a6f57a000000001c034c0a?xsec_token=ABtIbcbuvN5tIHwGNSw5YCIu5HMtXoGLxeCyMVgnUYniI=,4176,1925,14,527,1,6642,双门槛全部达标,0.461,0.003,高收藏带货型,优先复投，适合挂车、引导搜索转化，深度年框/独家合作
6891a3610000000023039260,97,https://sns-avatar-qc.xhscdn.com/avatar/6333aad23b71d25e2c8b2234.jpg?imageView2/2/w/80/format/jpg,穿搭,https://www.xiaohongshu.com/explore/68a6f57a000000001c034c0a?xsec_token=AB9o_-x2-7gRvDrT97nrAR3Y8kYgQR1ZiXnisAIGsYQec=,3434,707,25,257,1,4423,双门槛全部达标,0.206,0.007,普通低价值博主,转化比值一般，性价比偏低
6891c1ea0000000002003f8f,vv,https://sns-avatar-qc.xhscdn.com/avatar/1040g2jo31v7dtnr12g005od0rujk0mrpjs1iil8?imageView2/2/w/80/format/jpg,穿搭,https://www.xiaohongshu.com/explore/68a6f57a000000001c034c0a?xsec_token=AB9o_-x2-7gRvDrT97nrAR3UiLGZPe4hI8ekiJBx3yuuc=,3354,569,38,86,1,4047,双门槛全部达标,0.17,0.011,普通低价值博主,转化比值一般，性价比偏低
6891eaa30000000025011452,etoiles,https://sns-avatar-qc.xhscdn.com/avatar/6257acb9324eb24bd637621d.jpg?imageView2/2/w/80/format/jpg,穿搭,https://www.xiaohongshu.com/explore/68a6f57a000000001c034c0a?xsec_token=AB9o_-x2-7gRvDrT97nrAR3ceR_ROQ9Os8uJvnSa-RYT4=,2611,1725,41,1374,1,5751,双门槛全部达标,0.661,0.016,高收藏带货型,优先复投，适合挂车、引导搜索转化，深度年框/独家合作
6892f21c000000002501ddf6,LIT LIGHT 里奈拾光,https://sns-avatar-qc.xhscdn.com/avatar/62e0f594d26d9f0001f14d86.jpg?imageView2/2/w/80/format/jpg,穿搭,https://www.xiaohongshu.com/explore/68a6f57a000000001c034c0a?xsec_token=ABtARHyA-IJ1JSHYJlTNPSCBXv7sK6pnfTGwA09jWJF2k=,2,1,0,0,1,3,总互动不足100,0.5,0.0,普通低价值博主,总互动仅3，流量薄弱，不建议投放
689449b90000000025015802,LIT LIGHT 里奈拾光,https://sns-avatar-qc.xhscdn.com/avatar/62e0f594d26d9f0001f14d86.jpg?imageView2/2/w/80/format/jpg,穿搭,https://www.xiaohongshu.com/explore/68a6f57a000000001c034c0a?xsec_token=AB9-bwr1b6jhD3QBzw43cLv3JAMk5CJAKE15YouJYaEpE=,2,1,0,0,1,3,总互动不足100,0.5,0.0,普通低价值博主,总互动仅3，流量薄弱，不建议投放
6894a2f90000000025025a33,Nick Tian,https://sns-avatar-qc.xhscdn.com/avatar/61165ef02d51bd6677196a60.jpg?imageView2/2/w/80/format/jpg,穿搭,https://www.xiaohongshu.com/explore/68a6f57a000000001c034c0a?xsec_token=AB9-bwr1b6jhD3QBzw43cLv8b3nmxK2ex2gSt70CzXdP0=,1334,774,43,613,1,2764,双门槛全部达标,0.58,0.032,高收藏带货型,优先复投，适合挂车、引导搜索转化，深度年框/独家合作
689738e7000000002302bd31,PJ先生,https://sns-avatar-qc.xhscdn.com/avatar/651c3c436115ef5370ecbcde.jpg?imageView2/2/w/80/format/jpg,穿搭,https://www.xiaohongshu.com/explore/68a6f57a000000001c034c0a?xsec_token=ABzjs1msvYrejdR7u0ZT0KBxk3B3NVpr0PlbxqbPf5aw8=,82,76,4,8,1,170,双门槛全部达标,0.927,0.049,高收藏带货型,优先复投，适合挂车、引导搜索转化，深度年框/独家合作
689af966000000001b03ffb1,昏昏nomadic,https://sns-avatar-qc.xhscdn.com/avatar/60e47f26c8993c6cd87f6010.jpg?imageView2/2/w/80/format/jpg,穿搭,https://www.xiaohongshu.com/explore/68a6f57a000000001c034c0a?xsec_token=ABchVCZrXFeKRXEGucT2vMQFQ4ieNK29NyukxDKpELWtU=,8497,2352,254,571,1,11674,双门槛全部达标,0.277,0.03,普通低价值博主,转化比值一般，性价比偏低
689d7484000000001b032e44,是珠非猪,https://sns-avatar-qc.xhscdn.com/avatar/1040g2jo31kfmb2ptio6g5obgv2bnv5l5rcj5s3o?imageView2/2/w/80/format/jpg,穿搭,https://www.xiaohongshu.com/explore/68a6f57a000000001c034c0a?xsec_token=ABvrVl64dJQsKl4DIuMBTN1a3EaZ6qv10K1mkF__L9myo=,5467,3075,280,247,1,9069,双门槛全部达标,0.562,0.051,高收藏带货型,优先复投，适合挂车、引导搜索转化，深度年框/独家合作
689dca4a000000001c03473f,男孩阿兵,https://sns-avatar-qc.xhscdn.com/avatar/634cdc830a31d716f142cf0d.jpg?imageView2/2/w/80/format/jpg,穿搭,https://www.xiaohongshu.com/explore/68a6f57a000000001c034c0a?xsec_token=ABvrVl64dJQsKl4DIuMBTN1Q9X7sULCaJq_PlSReg1BEY=,1536,524,42,208,1,2310,双门槛全部达标,0.341,0.027,高收藏带货型,优先复投，适合挂车、引导搜索转化，深度年框/独家合作
68a535e7000000001c031027,Souyui,https://sns-avatar-qc.xhscdn.com/avatar/6323434af7bb8c2718d6602c.jpg?imageView2/2/w/80/format/jpg,穿搭,https://www.xiaohongshu.com/explore/68a6f57a000000001c034c0a?xsec_token=ABzaMpy1ASr80J9tu71GxMdh5p3n1DwfUIJSEZnSD1j_8=,1008,149,71,51,1,1279,双门槛全部达标,0.148,0.07,普通低价值博主,转化比值一般，性价比偏低
68a5c45f000000001b01f991,小酒崽崽,https://sns-avatar-qc.xhscdn.com/avatar/1040g2jo30q99cifc7e0g5njr2ns08l67plo613g?imageView2/2/w/80/format/jpg,穿搭,https://www.xiaohongshu.com/explore/68a6f57a000000001c034c0a?xsec_token=ABzaMpy1ASr80J9tu71GxMdgcZQc3uGQIxOUFhd1mdZ_E=,1125,450,33,106,1,1714,双门槛全部达标,0.4,0.029,高收藏带货型,优先复投，适合挂车、引导搜索转化，深度年框/独家合作
68a71d60000000001d02325b,Hope✨,https://sns-avatar-qc.xhscdn.com/avatar/1040g2jo31l9c9681l8005pqvhjim3i68jpktlng?imageView2/2/w/80/format/jpg,穿搭,https://www.xiaohongshu.com/explore/68a6f57a000000001c034c0a?xsec_token=ABHBlGp64T2ivwMg8FMvQn5XjZjYcTz5MEoka2CjBkDPA=,1487,869,13,253,1,2622,双门槛全部达标,0.584,0.009,高收藏带货型,优先复投，适合挂车、引导搜索转化，深度年框/独家合作
68ae5e42000000001b036871,一只爆炸闫,https://sns-avatar-qc.xhscdn.com/avatar/1040g2jo31r2rmlns0a005odsbtu40lsmcml2kg0?imageView2/2/w/80/format/jpg,穿搭,https://www.xiaohongshu.com/explore/68a6f57a000000001c034c0a?xsec_token=ABFkE_yNvpnhWiWySATFvIs1dyZMfDV8v8xdDW9v7Gcw8=,374,203,7,176,1,760,双门槛全部达标,0.543,0.019,高收藏带货型,优先复投，适合挂车、引导搜索转化，深度年框/独家合作
68afe3ec000000001d014328,LIT LIGHT 里奈拾光,https://sns-avatar-qc.xhscdn.com/avatar/62e0f594d26d9f0001f14d86.jpg?imageView2/2/w/80/format/jpg,穿搭,https://www.xiaohongshu.com/explore/68a6f57a000000001c034c0a?xsec_token=ABqnsEYbtbSSsZv7A_4VIC0vwQqqShWdqg0cU4XRE7v3A=,1,0,0,0,1,1,总互动不足100,0.0,0.0,普通低价值博主,总互动仅1，流量薄弱，不建议投放
68afe74f000000001c035791,LIT LIGHT 里奈拾光,https://sns-avatar-qc.xhscdn.com/avatar/62e0f594d26d9f0001f14d86.jpg?imageView2/2/w/80/format/jpg,穿搭,https://www.xiaohongshu.com/explore/68a6f57a000000001c034c0a?xsec_token=ABqnsEYbtbSSsZv7A_4VIC0ru-mNyzwp4to94NAuZLGPo=,0,0,0,0,1,0,总互动不足100,0.0,0.0,普通低价值博主,总互动仅0，流量薄弱，不建议投放
68b10352000000001c013e83,A+设计师达人,https://sns-avatar-qc.xhscdn.com/avatar/1040g2jo31re2paop7o505no1lgu0bv5fflq047o?imageView2/2/w/80/format/jpg,穿搭,https://www.xiaohongshu.com/explore/68a6f57a000000001c034c0a?xsec_token=ABmSh9x3pOAlVuwoG9-N2CsL6Z8aCuaj5TM8TBu716XLw=,140,78,3,13,1,234,双门槛全部达标,0.557,0.021,高收藏带货型,优先复投，适合挂车、引导搜索转化，深度年框/独家合作
68b18a2f000000001c03426e,小贾夫人,https://sns-avatar-qc.xhscdn.com/avatar/1040g2jo31iummubhgm0047epn7qjcqv4jqlbg40?imageView2/2/w/80/format/jpg,穿搭,https://www.xiaohongshu.com/explore/68a6f57a000000001c034c0a?xsec_token=ABmSh9x3pOAlVuwoG9-N2CsL8F4OxHjhAhDKMCzLx1zYA=,525,99,37,20,1,681,双门槛全部达标,0.189,0.07,普通低价值博主,转化比值一般，性价比偏低
68b25086000000001d006b4a,多乐,https://sns-avatar-qc.xhscdn.com/avatar/1040g2jo31ljk0ujr52004a45dqi47b3ejeloq6g?imageView2/2/w/80/format/jpg,穿搭,https://www.xiaohongshu.com/explore/68a6f57a000000001c034c0a?xsec_token=ABNdKC9wEyFByrRKMNd7WlMdiPtn_bI-Zj3_NF6YAKRhw=,341,156,1,90,1,588,双门槛全部达标,0.457,0.003,高收藏带货型,优先复投，适合挂车、引导搜索转化，深度年框/独家合作
68b94252000000001b032770,一只甜甜怪,https://sns-avatar-qc.xhscdn.com/avatar/1040g2jo31b7sm3bvno005nl66rvg8nh644fdq1g?imageView2/2/w/80/format/jpg,穿搭,https://www.xiaohongshu.com/explore/68a6f57a000000001c034c0a?xsec_token=ABWmHMtZLY6_YtamKKVZbR66jjVsmYmZl8imAEP9CHaEo=,1418,531,16,36,1,2001,双门槛全部达标,0.374,0.011,高收藏带货型,优先复投，适合挂车、引导搜索转化，深度年框/独家合作
68bad0f8000000001c004ca7,叫我YIYI,https://sns-avatar-qc.xhscdn.com/avatar/1040g2jo31a0p75h3n2705ovaeqspgm05f965030?imageView2/2/w/80/format/jpg,穿搭,https://www.xiaohongshu.com/explore/68a6f57a000000001c034c0a?xsec_token=ABv8QSuhx43tQsbvC1Dd_7YPy4FTA4ai90fIyzGp1SnZk=,7813,2542,71,282,1,10708,双门槛全部达标,0.325,0.009,高收藏带货型,优先复投，适合挂车、引导搜索转化，深度年框/独家合作
68be7267000000001c00eacb,帅晕,https://sns-avatar-qc.xhscdn.com/avatar/1040g2jo322d4m05pnu005n5ikfkklee48itqlj8?imageView2/2/w/80/format/jpg,穿搭,https://www.xiaohongshu.com/explore/68a6f57a000000001c034c0a?xsec_token=AB4UQpD5aX-4Uk9msWSxat2OrciNdZIp_FFCtdInf4blc=,444,45,16,10,1,515,双门槛全部达标,0.101,0.036,普通低价值博主,转化比值一般，性价比偏低
68bef8b7000000001c0090ec,Pinko.,https://sns-avatar-qc.xhscdn.com/avatar/5f5df2c661d5d70001fc1bcb.jpg?imageView2/2/w/80/format/jpg,穿搭,https://www.xiaohongshu.com/explore/68a6f57a000000001c034c0a?xsec_token=AB4UQpD5aX-4Uk9msWSxat2M9pEnHY1FdidDEXFxUorKM=,7171,1234,105,237,1,8747,双门槛全部达标,0.172,0.015,普通低价值博主,转化比值一般，性价比偏低
68bf9eb8000000001c03f5c8,KB轻商务男装,https://sns-avatar-qc.xhscdn.com/avatar/1040g2jo30uiaaacvla6g5p22hlgqafg2pnqh3so?imageView2/2/w/80/format/jpg,穿搭,https://www.xiaohongshu.com/explore/68a6f57a000000001c034c0a?xsec_token=ABPF1MYu9pIH0Nk0N_wakqVaU5G78I2qjGniRS5h2PT4o=,0,0,0,0,1,0,总互动不足100,0.0,0.0,普通低价值博主,总互动仅0，流量薄弱，不建议投放
68c13ef5000000001d027002,时尚蜗牛,https://sns-avatar-qc.xhscdn.com/avatar/63f0c367f291fa54a882b761.jpg?imageView2/2/w/80/format/jpg,穿搭,https://www.xiaohongshu.com/explore/68a6f57a000000001c034c0a?xsec_token=ABfj61s8GN8XL0EWTWbw66p_xep2gH2ENQARboRP7mPbY=,1547,753,16,71,1,2387,双门槛全部达标,0.487,0.01,高收藏带货型,优先复投，适合挂车、引导搜索转化，深度年框/独家合作
68c3b452000000001d01a8c2,Hawaii Studio,https://sns-avatar-qc.xhscdn.com/avatar/1738f3ae-887b-3e5b-a4ad-7c68603a0c6e?imageView2/2/w/80/format/jpg,穿搭,https://www.xiaohongshu.com/explore/68a6f57a000000001c034c0a?xsec_token=ABE1GljVi1rY3_cDzfvYZvAZE4yTxusfKnEyIRWmYSL9s=,233,149,8,302,1,692,双门槛全部达标,0.639,0.034,高收藏带货型,优先复投，适合挂车、引导搜索转化，深度年框/独家合作
68c40dba000000001b03f63b,Jun1n,https://sns-avatar-qc.xhscdn.com/avatar/1040g2jo31n2dd7p85m005q2pdrhnamm0lqcno8g?imageView2/2/w/80/format/jpg,穿搭,https://www.xiaohongshu.com/explore/68a6f57a000000001c034c0a?xsec_token=ABV19IWqoByVBkiVD8sal-GA0A7dBoCJgORIJRjmJUirc=,865,96,613,45,1,1619,双门槛全部达标,0.111,0.709,高讨论声量型,新品造势、品牌话题引爆，不适合直接带货转化
68c6672e000000001d0039a4,愿喵成真,https://sns-avatar-qc.xhscdn.com/avatar/1040g2jo31lebvajfks004bn0bvhknl3i11orlug?imageView2/2/w/80/format/jpg,穿搭,https://www.xiaohongshu.com/explore/68a6f57a000000001c034c0a?xsec_token=AB_BSWCs4Lq2k-vAftQr8qHkdy7CEE8FldWW6c09iN6MY=,29,9,0,5,1,43,总互动不足100,0.31,0.0,普通低价值博主,总互动仅43，流量薄弱，不建议投放
68c80d5a000000001b02394e,山那边有光～,https://sns-avatar-qc.xhscdn.com/avatar/1040g2jo31p1hb90q2g005pg00l92pqesb8m9vro?imageView2/2/w/80/format/jpg,穿搭,https://www.xiaohongshu.com/explore/68a6f57a000000001c034c0a?xsec_token=ABFkBBHob7YQQs5TkfYJ90eN-Oy3Xa7dlDptP1w3Xyf9g=,11,1,0,0,1,12,总互动不足100,0.091,0.0,普通低价值博主,总互动仅12，流量薄弱，不建议投放
68c97647000000001101583d,啊哈哈哈哈哈黑猫警长！,https://sns-avatar-qc.xhscdn.com/avatar/63ae9be1daa810d35a5282a0.jpg?imageView2/2/w/80/format/jpg,穿搭,https://www.xiaohongshu.com/explore/68a6f57a000000001c034c0a?xsec_token=ABdmC-9RPigBTuJnGCHm-xF--cakUU9UPvS3rc9fFCQJU=,3789,112,554,119,1,4574,双门槛全部达标,0.03,0.146,普通低价值博主,转化比值一般，性价比偏低
68ca8415000000001202ee92,千语,https://sns-avatar-qc.xhscdn.com/avatar/1040g2jo31qlu9uml0m005n111s31elq4k952v0g?imageView2/2/w/80/format/jpg,穿搭,https://www.xiaohongshu.com/explore/68a6f57a000000001c034c0a?xsec_token=AB2SdjZBj4iJwvqclXjeDM1VyAZmcOphlLV1ldUFGSCDU=,1905,506,87,329,1,2827,双门槛全部达标,0.266,0.046,普通低价值博主,转化比值一般，性价比偏低
68cacd7c0000000013013c80,蛋饺bb,https://sns-avatar-qc.xhscdn.com/avatar/1040g2jo31tbeco8e62005pg83sahhil7atnh4s0?imageView2/2/w/80/format/jpg,穿搭,https://www.xiaohongshu.com/explore/68a6f57a000000001c034c0a?xsec_token=AB2SdjZBj4iJwvqclXjeDM1Xlygria5VbQqSFUVBUw4Ns=,6799,2891,56,875,1,10621,双门槛全部达标,0.425,0.008,高收藏带货型,优先复投，适合挂车、引导搜索转化，深度年框/独家合作
68cbc741000000000e02704f,一方清欢日常,https://sns-avatar-qc.xhscdn.com/avatar/645b65431e7abf18da7d1266.jpg?imageView2/2/w/80/format/jpg,穿搭,https://www.xiaohongshu.com/explore/68a6f57a000000001c034c0a?xsec_token=ABzIM4kjj2i7H-T1iuTd3wIFtIPk8Is813daQvT-Z_EIo=,0,0,0,0,1,0,总互动不足100,0.0,0.0,普通低价值博主,总互动仅0，流量薄弱，不建议投放
68cd5c660000000013029dd9,摇不摇,https://sns-avatar-qc.xhscdn.com/avatar/1040g2jo322enjirdno005o29kn0098l1idc5osg?imageView2/2/w/80/format/jpg,穿搭,https://www.xiaohongshu.com/explore/68a6f57a000000001c034c0a?xsec_token=AB4fxjeqroNnGTnBwt7Sm9sKzPqiPHMWodoInlYfOdLxI=,324,123,39,18,1,504,双门槛全部达标,0.38,0.12,普通低价值博主,转化比值一般，性价比偏低
68d11c9d0000000007028ddd,高伯伯,https://sns-avatar-qc.xhscdn.com/avatar/1040g2jo31vcnlejhia005nk324f082493pqo50o?imageView2/2/w/80/format/jpg,穿搭,https://www.xiaohongshu.com/explore/68a6f57a000000001c034c0a?xsec_token=ABOuZejoHi7oRzDQvjmYdYVFFumxz2zffFaYd7BN011A8=,1020,37,166,10,1,1233,双门槛全部达标,0.036,0.163,高讨论声量型,新品造势、品牌话题引爆，不适合直接带货转化
68d166ca000000000b03cb2c,Dopamine,https://sns-avatar-qc.xhscdn.com/avatar/1040g2jo3169lr2lq1e6g5o7qp3a85cn9den3ps0?imageView2/2/w/80/format/jpg,穿搭,https://www.xiaohongshu.com/explore/68a6f57a000000001c034c0a?xsec_token=ABOuZejoHi7oRzDQvjmYdYVOt-sd-WJfSXigMXodLeLc4=,7,2,2,0,1,11,总互动不足100,0.286,0.286,普通低价值博主,总互动仅11，流量薄弱，不建议投放
68d20414000000001003fc23,一梨YILI,https://sns-avatar-qc.xhscdn.com/avatar/1040g2jo31rk11dicis004a11t6t604jb93cif1g?imageView2/2/w/80/format/jpg,穿搭,https://www.xiaohongshu.com/explore/68a6f57a000000001c034c0a?xsec_token=AB1XZ4EFVL8LOWynXNiLC9Q69HEweGMYgRo7jA8yHOp60=,79231,6869,2977,709,1,89786,双门槛全部达标,0.087,0.038,普通低价值博主,转化比值一般，性价比偏低
68d2854c000000001301286a,Shenghannnn,https://sns-avatar-qc.xhscdn.com/avatar/61e9a683f5274d765323076a.jpg?imageView2/2/w/80/format/jpg,穿搭,https://www.xiaohongshu.com/explore/68a6f57a000000001c034c0a?xsec_token=AB1XZ4EFVL8LOWynXNiLC9Q2LeAhgeOMow3-4mZ-NRZUQ=,7165,1946,102,174,1,9387,双门槛全部达标,0.272,0.014,普通低价值博主,转化比值一般，性价比偏低
68d3f9d9000000001301e7ce,豆豆百宝袋,https://sns-avatar-qc.xhscdn.com/avatar/645b7c0d1d74d41345e61461.jpg?imageView2/2/w/80/format/jpg,穿搭,https://www.xiaohongshu.com/explore/68a6f57a000000001c034c0a?xsec_token=ABBNL2rxcSQkYUOf0lxue71AWdfzoyiiUzjkGgJH2o08s=,0,0,0,0,1,0,总互动不足100,0.0,0.0,普通低价值博主,总互动仅0，流量薄弱，不建议投放
68d66040000000000e00c9e8,付付要暴富,https://sns-avatar-qc.xhscdn.com/avatar/1040g2jo31mt20hgrl8005q3sumf792399vth8pg?imageView2/2/w/80/format/jpg,穿搭,https://www.xiaohongshu.com/explore/68a6f57a000000001c034c0a?xsec_token=ABMiMLZJc7WwVwfRwVOMQoYpNVWAtC7MzpXS0eBkbezKE=,120,56,2,4,1,182,双门槛全部达标,0.467,0.017,高收藏带货型,优先复投，适合挂车、引导搜索转化，深度年框/独家合作
68d8ec8e0000000011014035,Bccfy,https://sns-avatar-qc.xhscdn.com/avatar/5fef277eb596e240edab239c.jpg?imageView2/2/w/80/format/jpg,穿搭,https://www.xiaohongshu.com/explore/68a6f57a000000001c034c0a?xsec_token=ABuOVgrRFFEYh_-vS1tz5szp3euqrCXaiMxxHlU2xJvDU=,9431,676,273,588,1,10968,双门槛全部达标,0.072,0.029,普通低价值博主,转化比值一般，性价比偏低
68d8ef05000000000b0131c8,星野兔TuT,https://sns-avatar-qc.xhscdn.com/avatar/1040g2jo31tntqv5hn20g49ql1rma3v58mqguqvo?imageView2/2/w/80/format/jpg,穿搭,https://www.xiaohongshu.com/explore/68a6f57a000000001c034c0a?xsec_token=ABuOVgrRFFEYh_-vS1tz5szsHgPtUGAvBKROGlMzpkznM=,1984,496,117,179,1,2776,双门槛全部达标,0.25,0.059,普通低价值博主,转化比值一般，性价比偏低
68d979be000000000702a1a8,木村叔服饰,https://sns-avatar-qc.xhscdn.com/avatar/60c079a0578bcb0001af0c1e.jpg?imageView2/2/w/80/format/jpg,穿搭,https://www.xiaohongshu.com/explore/68a6f57a000000001c034c0a?xsec_token=ABRLGgmWXHxROve5WMM18W6mmhkcT2nHxTSRvQMRNEcmU=,66,11,4,12,1,93,总互动不足100,0.167,0.061,普通低价值博主,总互动仅93，流量薄弱，不建议投放
68ddf9c90000000003022949,RFDRFD 男装工作室,https://sns-avatar-qc.xhscdn.com/avatar/65fc17516e3dec0001ea6e66.jpg?imageView2/2/w/80/format/jpg,穿搭,https://www.xiaohongshu.com/explore/68a6f57a000000001c034c0a?xsec_token=ABf4F52xG3tPQHbiDE7ptk3KA_oZmdHNA-kZw_oRZ-cD0=,36,26,0,19,1,81,总互动不足100,0.722,0.0,普通低价值博主,总互动仅81，流量薄弱，不建议投放
68df2a140000000003020c44,柒柒宝藏屋,https://sns-avatar-qc.xhscdn.com/avatar/641f9dbe257af9e276b38504.jpg?imageView2/2/w/80/format/jpg,穿搭,https://www.xiaohongshu.com/explore/68a6f57a000000001c034c0a?xsec_token=ABi6I1kb-VopIDSDrWRjTShLk0wJolUknOvVVylM3EwDo=,7,5,8,2,1,22,总互动不足100,0.714,1.143,普通低价值博主,总互动仅22，流量薄弱，不建议投放
68df550b00000000030391bb,星星Star,https://sns-avatar-qc.xhscdn.com/avatar/1040g2jo31nkjlno6l80g4a02np9cts1p63j74d0?imageView2/2/w/80/format/jpg,穿搭,https://www.xiaohongshu.com/explore/68a6f57a000000001c034c0a?xsec_token=ABi6I1kb-VopIDSDrWRjTShKhxl1fZwosq4WqAfLEunVk=,214,85,32,18,1,349,双门槛全部达标,0.397,0.15,普通低价值博主,转化比值一般，性价比偏低
68df58ad000000000302e89d,SIMWOOD简木,https://sns-avatar-qc.xhscdn.com/avatar/61fb5905ebbf38f68ac57c68.jpg?imageView2/2/w/80/format/jpg,穿搭,https://www.xiaohongshu.com/explore/68a6f57a000000001c034c0a?xsec_token=ABi6I1kb-VopIDSDrWRjTShCs80HsTtzBR6NEjcxasJrU=,215,97,22,19,1,353,双门槛全部达标,0.451,0.102,普通低价值博主,转化比值一般，性价比偏低
68e0dd64000000000303579d,PeaceAndLove,https://sns-avatar-qc.xhscdn.com/avatar/1040g2jo31nfbcmqrl8005of9bin413sbakgkmk0?imageView2/2/w/80/format/jpg,穿搭,https://www.xiaohongshu.com/explore/68a6f57a000000001c034c0a?xsec_token=AB1TZl7bIH0TQdGzE-T-bHnocpiSwPLJuLrW73WSE7cLM=,5644,2517,43,434,1,8638,双门槛全部达标,0.446,0.008,高收藏带货型,优先复投，适合挂车、引导搜索转化，深度年框/独家合作
68e39c8f00000000030139c2,AESTHETIC观照,https://sns-avatar-qc.xhscdn.com/avatar/1040g2jo321sa93i9ne105o1h7va098k88p1d2d0?imageView2/2/w/80/format/jpg,穿搭,https://www.xiaohongshu.com/explore/68a6f57a000000001c034c0a?xsec_token=ABbP_J5KC2bIVXjJ5tOEQJxSWnU98SQQzLcJZzPydghzU=,1340,182,66,483,1,2071,双门槛全部达标,0.136,0.049,普通低价值博主,转化比值一般，性价比偏低
68e4d6d900000000040051a2,山那边有光～,https://sns-avatar-qc.xhscdn.com/avatar/1040g2jo31p1hb90q2g005pg00l92pqesb8m9vro?imageView2/2/w/80/format/jpg,穿搭,https://www.xiaohongshu.com/explore/68a6f57a000000001c034c0a?xsec_token=ABRSc6M9DoNeYp4tIMPvA3SWK10UfyllSpKRe_1SuWsl8=,61,36,3,35,1,135,双门槛全部达标,0.59,0.049,高收藏带货型,优先复投，适合挂车、引导搜索转化，深度年框/独家合作
68e87775000000000401587d,Nn,https://sns-avatar-qc.xhscdn.com/avatar/1040g2jo31g4lesaphq005oaegfqgk587crhdgv0?imageView2/2/w/80/format/jpg,穿搭,https://www.xiaohongshu.com/explore/68a6f57a000000001c034c0a?xsec_token=ABdwL_gLQS7soWzf2ouk0ufB7dokEYko_4nEsp8xMp7BI=,234,53,189,4,1,480,双门槛全部达标,0.226,0.808,普通低价值博主,转化比值一般，性价比偏低
68f24c87000000000703a048,香草拿铁,https://sns-avatar-qc.xhscdn.com/avatar/1040g2jo31ktig8o02g005pctbm08isn9m2amrno?imageView2/2/w/80/format/jpg,穿搭,https://www.xiaohongshu.com/explore/68a6f57a000000001c034c0a?xsec_token=ABN8xzi6E88nFnLE9Qde5rFGyvCeu7qirtcKPh_i2BzeA=,2611,1393,5,335,1,4344,双门槛全部达标,0.534,0.002,高收藏带货型,优先复投，适合挂车、引导搜索转化，深度年框/独家合作
68f5f16100000000040034c4,桃花岛岛主,https://sns-avatar-qc.xhscdn.com/avatar/1040g2jo313vt97l2ie005ng8a8809encfd93pog?imageView2/2/w/80/format/jpg,穿搭,https://www.xiaohongshu.com/explore/68a6f57a000000001c034c0a?xsec_token=ABm_L9-Q1MIsd7ot6wFwYZd_ynODL3OG_jheUuMrx7u80=,4992,971,419,358,1,6740,双门槛全部达标,0.195,0.084,均衡全能型,品效合一投放，兼顾曝光与商品转化
68f9e6c6000000000303b19e,Streetstyle Ethan,https://sns-avatar-qc.xhscdn.com/avatar/61e53d928c52a721df3e2224.jpg?imageView2/2/w/80/format/jpg,穿搭,https://www.xiaohongshu.com/explore/68a6f57a000000001c034c0a?xsec_token=ABTT8xkNMuuMxa3C7i4NxhmjsX_oUyDyDKmMf6HFD3n1c=,5360,1327,720,707,1,8114,双门槛全部达标,0.248,0.134,均衡全能型,品效合一投放，兼顾曝光与商品转化
68fafc0e000000000303a85f,YANGMEIWEN,https://sns-avatar-qc.xhscdn.com/avatar/64bb9ac6c1787f0001ec345b.jpg?imageView2/2/w/80/format/jpg,穿搭,https://www.xiaohongshu.com/explore/68a6f57a000000001c034c0a?xsec_token=ABMQtEH0qEmHqBTnH4n-C4wUe2iPrEK2ti5ZvxOWTcfnw=,5543,2033,131,340,1,8047,双门槛全部达标,0.367,0.024,高收藏带货型,优先复投，适合挂车、引导搜索转化，深度年框/独家合作
68ff26b600000000070000e2,rabbitsolovely,https://sns-avatar-qc.xhscdn.com/avatar/1040g2jo31v7br29kk0004a033kcqdaf6d5nuid8?imageView2/2/w/80/format/jpg,穿搭,https://www.xiaohongshu.com/explore/68a6f57a000000001c034c0a?xsec_token=ABs-h3mzvX3DqEi8dzgEIEbElAqYx_zhTd0AN9Y1j1v4o=,2800,614,15,162,1,3591,双门槛全部达标,0.219,0.005,普通低价值博主,转化比值一般，性价比偏低
6900f756000000000301b9dd,摆烂所LAB,https://sns-avatar-qc.xhscdn.com/avatar/f3966b12-a162-3a92-b1fe-d104a61a0d3e?imageView2/2/w/80/format/jpg,穿搭,https://www.xiaohongshu.com/explore/68a6f57a000000001c034c0a?xsec_token=ABkffZ-RyAHG3dg5JBw1XX2v20dOMRALrobBiHHC084KI=,536,236,2,39,1,813,双门槛全部达标,0.44,0.004,高收藏带货型,优先复投，适合挂车、引导搜索转化，深度年框/独家合作
6901ecef00000000050380ff,小鹿穿搭,https://sns-avatar-qc.xhscdn.com/avatar/1040g2jo30nsbgj0ch8705oa3tdh0kiia9o8g7jg?imageView2/2/w/80/format/jpg,穿搭,https://www.xiaohongshu.com/explore/68a6f57a000000001c034c0a?xsec_token=AB-VfkgYkDA9p-P6PbMMe7YMkLK0z7cOh0VowX2ftgePM=,19,5,2,7,1,33,总互动不足100,0.263,0.105,普通低价值博主,总互动仅33，流量薄弱，不建议投放
69026dc300000000040224bb,太古宝藏一,https://sns-avatar-qc.xhscdn.com/avatar/1040g2jo31klslhq0j00g5p3t6rdk8bj5ges6tto?imageView2/2/w/80/format/jpg,穿搭,https://www.xiaohongshu.com/explore/68a6f57a000000001c034c0a?xsec_token=ABVAFdJzLv9dxZxWS_GLBTklbo-IbIzKgXqZb63ZIfsBU=,0,0,0,0,1,0,总互动不足100,0.0,0.0,普通低价值博主,总互动仅0，流量薄弱，不建议投放
69032ef60000000005012db0,查理沧叶,https://sns-avatar-qc.xhscdn.com/avatar/1040g2jo31n02i7g8mg605onoqrg5b1889u97vb8?imageView2/2/w/80/format/jpg,穿搭,https://www.xiaohongshu.com/explore/68a6f57a000000001c034c0a?xsec_token=ABCuAJu8Sf0dMELw9LJN_CTuHthUlbqiHUlMjLFj35rNs=,4445,1766,195,2602,1,9008,双门槛全部达标,0.397,0.044,高收藏带货型,优先复投，适合挂车、引导搜索转化，深度年框/独家合作
6904cf72000000000301ec14,6oksocool,https://sns-avatar-qc.xhscdn.com/avatar/1040g2jo319ud83vune605pp4e49g81k9von68qg?imageView2/2/w/80/format/jpg,穿搭,https://www.xiaohongshu.com/explore/68a6f57a000000001c034c0a?xsec_token=ABTM6yGL11yvYMl0qOa0jNFfyM9AiuIrAcL4k0QjxbCUc=,3203,946,95,988,1,5232,双门槛全部达标,0.295,0.03,普通低价值博主,转化比值一般，性价比偏低
690609c100000000030394d6,SIMWOOD简木,https://sns-avatar-qc.xhscdn.com/avatar/61fb5905ebbf38f68ac57c68.jpg?imageView2/2/w/80/format/jpg,穿搭,https://www.xiaohongshu.com/explore/68a6f57a000000001c034c0a?xsec_token=ABn6cyq87H7_97fUj7mVsznaRa2y37aj9IdjIkL2zBGS8=,100,40,14,8,1,162,双门槛全部达标,0.4,0.14,普通低价值博主,转化比值一般，性价比偏低
690b87fb0000000007001c20,酷酷的斑马,https://sns-avatar-qc.xhscdn.com/avatar/1040g2jo31ig98tucnm005nuva1e096983d5mnb0?imageView2/2/w/80/format/jpg,穿搭,https://www.xiaohongshu.com/explore/68a6f57a000000001c034c0a?xsec_token=ABdyUt54Dgng4-86m_AKznHg9EBQgvP9sUcs8O1aIuHV4=,3,1,2,0,1,6,总互动不足100,0.333,0.667,普通低价值博主,总互动仅6，流量薄弱，不建议投放
690ba2590000000004005c24,塞纳分享好物,https://sns-avatar-qc.xhscdn.com/avatar/645b6b2504c28aa15eab1dac.jpg?imageView2/2/w/80/format/jpg,穿搭,https://www.xiaohongshu.com/explore/68a6f57a000000001c034c0a?xsec_token=ABdyUt54Dgng4-86m_AKznHvj9ZjLk2U0VUGcydoLMB6I=,0,0,0,0,1,0,总互动不足100,0.0,0.0,普通低价值博主,总互动仅0，流量薄弱，不建议投放
690dfdf70000000003018b9a,vv,https://sns-avatar-qc.xhscdn.com/avatar/1040g2jo320op9jatls005ov8r01pt5up9s4qi28?imageView2/2/w/80/format/jpg,穿搭,https://www.xiaohongshu.com/explore/68a6f57a000000001c034c0a?xsec_token=ABqzrQeaoNFH1SyaC3_Xm7HmKXVgQUEKgY4qBv1Ff0zK0=,308,47,59,10,1,424,双门槛全部达标,0.153,0.192,普通低价值博主,转化比值一般，性价比偏低
6910c0d0000000000300f007,小雅穿搭,https://sns-avatar-qc.xhscdn.com/avatar/6585619acd882d4a75301c0b.jpg?imageView2/2/w/80/format/jpg,穿搭,https://www.xiaohongshu.com/explore/68a6f57a000000001c034c0a?xsec_token=ABkXVu4R3ICZ3-PsUOngLT0lcb_4hp-1cgm3QYzkZ7sKg=,117,73,24,21,1,235,双门槛全部达标,0.624,0.205,普通低价值博主,转化比值一般，性价比偏低
69146793000000000503b1d2,少爷,https://sns-avatar-qc.xhscdn.com/avatar/1040g2jo311auads36c6g5ojttoa8cv0378j3j08?imageView2/2/w/80/format/jpg,穿搭,https://www.xiaohongshu.com/explore/68a6f57a000000001c034c0a?xsec_token=ABZBr97EoLdkXOZCUl-Is3tApVtje89Y9A-4zMVVQj_Tk=,10,6,2,1,1,19,总互动不足100,0.6,0.2,普通低价值博主,总互动仅19，流量薄弱，不建议投放
691805e3000000001b030314,酷派男装,https://sns-avatar-qc.xhscdn.com/avatar/645b7c0d1d74d41345e61461.jpg?imageView2/2/w/80/format/jpg,穿搭,https://www.xiaohongshu.com/explore/68a6f57a000000001c034c0a?xsec_token=ABwO1hdxQxfZbMqJ7dtZKi7ihbhN9_-IeIhnBqnofQEAM=,0,0,0,0,1,0,总互动不足100,0.0,0.0,普通低价值博主,总互动仅0，流量薄弱，不建议投放
691d8691000000001d038fb6,iamlyn,https://sns-avatar-qc.xhscdn.com/avatar/1040g2jo31o7sjl8qks004beqrj9bef2oonrojm8?imageView2/2/w/80/format/jpg,穿搭,https://www.xiaohongshu.com/explore/68a6f57a000000001c034c0a?xsec_token=ABVXZgxv8OFePxqrz5OoigSq7CHJUj5D3S1uFN6PmSoO8=,2301,296,58,40,1,2695,双门槛全部达标,0.129,0.025,普通低价值博主,转化比值一般，性价比偏低
69202622000000001e012f39,你别说话我嫌烦,https://sns-avatar-qc.xhscdn.com/avatar/643fa01384a43f762420425b.jpg?imageView2/2/w/80/format/jpg,穿搭,https://www.xiaohongshu.com/explore/68a6f57a000000001c034c0a?xsec_token=ABDx_E9SOjBAVgWARFffm2sB0ENx1UC1V7R50ZI4Gb7dw=,4452,554,33,142,1,5181,双门槛全部达标,0.124,0.007,普通低价值博主,转化比值一般，性价比偏低
69219fa9000000001e0116c0,chenielim,https://sns-avatar-qc.xhscdn.com/avatar/62e78f7acb78a9528c99bfa9.jpg?imageView2/2/w/80/format/jpg,穿搭,https://www.xiaohongshu.com/explore/68a6f57a000000001c034c0a?xsec_token=ABYbpWPAGfseIRUnFzOiFKMtwRc6Iu5xfX8yRuNFUCIrE=,6793,2115,540,241,1,9689,双门槛全部达标,0.311,0.079,高收藏带货型,优先复投，适合挂车、引导搜索转化，深度年框/独家合作
6922ae0b0000000019026547,小精灵拼豆星球,https://sns-avatar-qc.xhscdn.com/avatar/1040g2jo31ouk02k4hq0047b0hlvpit3cirq9gno?imageView2/2/w/80/format/jpg,穿搭,https://www.xiaohongshu.com/explore/68a6f57a000000001c034c0a?xsec_token=ABsW-Zpt_AeKuSnq-Z7ybpCIePtjEAMXpZXxwxakjvWnE=,110,11,10,5,1,136,双门槛全部达标,0.1,0.091,普通低价值博主,转化比值一般，性价比偏低
69231ace000000001e0210db,叮当家拼豆,https://sns-avatar-qc.xhscdn.com/avatar/1040g2jo31os6k30k1o005n5oh0v5mbjou7ibar8?imageView2/2/w/80/format/jpg,穿搭,https://www.xiaohongshu.com/explore/68a6f57a000000001c034c0a?xsec_token=ABtz9Vw6wdl1hBIbHZeeJ_XJQlrzlWPUpm9SECkDanIJQ=,127,41,29,14,1,211,双门槛全部达标,0.323,0.228,普通低价值博主,转化比值一般，性价比偏低
69232003000000001e0159ac,二十二号穿搭,https://sns-avatar-qc.xhscdn.com/avatar/seller_6a22c1208b35500001accf27?imageView2/2/w/80/format/jpg,穿搭,https://www.xiaohongshu.com/explore/68a6f57a000000001c034c0a?xsec_token=ABtz9Vw6wdl1hBIbHZeeJ_XGXyQgef3Zpa6DkJ0NY0zHM=,0,0,0,0,1,0,总互动不足100,0.0,0.0,普通低价值博主,总互动仅0，流量薄弱，不建议投放
6925d3b6000000001b024c08,爱吃椰子鸡的momo,https://sns-avatar-qc.xhscdn.com/avatar/1040g2jo31rsk2488im005ptg4o63jmcpspe5ki0?imageView2/2/w/80/format/jpg,穿搭,https://www.xiaohongshu.com/explore/68a6f57a000000001c034c0a?xsec_token=ABC-vbT4dFvcG6uUMd4hy8s74isW1X7i4fXxm56p0mVFQ=,779,190,167,70,1,1206,双门槛全部达标,0.244,0.214,普通低价值博主,转化比值一般，性价比偏低
692904fb000000000d038d24,麻本生活,https://sns-avatar-qc.xhscdn.com/avatar/1040g2jo31ivs7ac00s7g5pea21jiuif8mfl4il0?imageView2/2/w/80/format/jpg,穿搭,https://www.xiaohongshu.com/explore/68a6f57a000000001c034c0a?xsec_token=ABmtEjSRruiGCwAPhwtyPvxm4UbcePgneYAstSKkLL2cU=,0,0,1,0,1,1,总互动不足100,0.0,0.0,普通低价值博主,总互动仅1，流量薄弱，不建议投放
692909c2000000001d039fad,我不想精致土啦,https://sns-avatar-qc.xhscdn.com/avatar/1040g2jo31oik665v4u705o9m4b57v66ulvm8h38?imageView2/2/w/80/format/jpg,穿搭,https://www.xiaohongshu.com/explore/68a6f57a000000001c034c0a?xsec_token=ABmtEjSRruiGCwAPhwtyPvxrb0gTiyMpJZ6qfGb6iDtbs=,23,2,125,4,1,154,双门槛全部达标,0.087,5.435,高讨论声量型,新品造势、品牌话题引爆，不适合直接带货转化
692eb67d000000001e037462,Zyhuil,https://sns-avatar-qc.xhscdn.com/avatar/6466c9975417149a5a9ede65.jpg?imageView2/2/w/80/format/jpg,穿搭,https://www.xiaohongshu.com/explore/68a6f57a000000001c034c0a?xsec_token=AB2R-1kQ-RHKdHNdhHXXHzg9qzdEnkcuWvLNtKKkLq4J8=,2546,400,78,113,1,3137,双门槛全部达标,0.157,0.031,普通低价值博主,转化比值一般，性价比偏低
692fe215000000001b032f1d,美少女壮士,https://sns-avatar-qc.xhscdn.com/avatar/1040g2jo31l1976a9j2004aorf0icedn3jrdaa58?imageView2/2/w/80/format/jpg,穿搭,https://www.xiaohongshu.com/explore/68a6f57a000000001c034c0a?xsec_token=ABsZ5DHDV-oJZkNjIZuWvcfh_074FA0DT1Oqc-lSs7y7s=,238,72,171,4,1,485,双门槛全部达标,0.303,0.718,普通低价值博主,转化比值一般，性价比偏低
6934eeca000000001b021621,栗子草莓舒,https://sns-avatar-qc.xhscdn.com/avatar/61626c9121bb3de0ff79f954.jpg?imageView2/2/w/80/format/jpg,穿搭,https://www.xiaohongshu.com/explore/68a6f57a000000001c034c0a?xsec_token=ABXeJPdWF_riZfvN6qW66aZmD7NDfK1ZvsVRm7bRFiB0k=,630,191,140,20,1,981,双门槛全部达标,0.303,0.222,普通低价值博主,转化比值一般，性价比偏低
693a7a5b000000001e007522,Macro.,https://sns-avatar-qc.xhscdn.com/avatar/1040g2jo317o3r54vgm6049v6ddn4qorglbm0v2o?imageView2/2/w/80/format/jpg,穿搭,https://www.xiaohongshu.com/explore/68a6f57a000000001c034c0a?xsec_token=ABLgUIlisb9AWMTM8BtM9PoDPqJV7Us1RH0Q1BZPOrO8I=,86,25,8,15,1,134,双门槛全部达标,0.291,0.093,普通低价值博主,转化比值一般，性价比偏低
693cf3a0000000001d03a5a7,听雨,https://sns-avatar-qc.xhscdn.com/avatar/1040g2jo31pofugma404g5oocl6t3okav6961s4o?imageView2/2/w/80/format/jpg,穿搭,https://www.xiaohongshu.com/explore/68a6f57a000000001c034c0a?xsec_token=ABSMSX9S4mvRFrpYl0m95DpSdwb9ckJ7XO-YqU0aMQN4k=,59,14,265,2,1,340,双门槛全部达标,0.237,4.492,普通低价值博主,转化比值一般，性价比偏低
693e8ffb000000000d039a2a,易梦玲,https://sns-avatar-qc.xhscdn.com/avatar/5e8967ac20365a0001a9db56.jpg?imageView2/2/w/80/format/jpg,穿搭,https://www.xiaohongshu.com/explore/68a6f57a000000001c034c0a?xsec_token=AB84wac_1UIVui57BqrYhN2VD0H9xn2w2xe3iN1-tug0k=,93163,3328,1038,2109,1,99638,双门槛全部达标,0.036,0.011,普通低价值博主,转化比值一般，性价比偏低
694679dc000000001e007a5f,Dear穿搭,https://sns-avatar-qc.xhscdn.com/avatar/1040g2jo31if49c09nm5g5q22lc86s2gbhck3b9o?imageView2/2/w/80/format/jpg,穿搭,https://www.xiaohongshu.com/explore/68a6f57a000000001c034c0a?xsec_token=ABZyMamyauqY7nM8RiY_AmqW0W9TXGfIewKYPOirqYF38=,13,9,8,1,1,31,总互动不足100,0.692,0.615,普通低价值博主,总互动仅31，流量薄弱，不建议投放
6948f92c000000001d03daa1,林小花,https://sns-avatar-qc.xhscdn.com/avatar/1040g2jo30mucq3g1kg00492drmaifk9r6easln8?imageView2/2/w/80/format/jpg,穿搭,https://www.xiaohongshu.com/explore/68a6f57a000000001c034c0a?xsec_token=ABCjUD2i-c-t4YbzFGbNkPxtxMrc889GUrpY64Jv_ZusA=,8615,1734,307,767,1,11423,双门槛全部达标,0.201,0.036,普通低价值博主,转化比值一般，性价比偏低
694bbc5b000000001b031d5a,万一呢我是美女.🥂,https://sns-avatar-qc.xhscdn.com/avatar/1040g2jo31vdpj5o02i005q6incrod1gqfnfqu2o?imageView2/2/w/80/format/jpg,穿搭,https://www.xiaohongshu.com/explore/68a6f57a000000001c034c0a?xsec_token=AB3oJwvoRideHE3h-WZjVVvkbAQeguKWcmSSX5Jujy_S0=,5622,2717,31,370,1,8740,双门槛全部达标,0.483,0.006,高收藏带货型,优先复投，适合挂车、引导搜索转化，深度年框/独家合作
694fd04d000000001f00da53,小瓶bottle,https://sns-avatar-qc.xhscdn.com/avatar/62cd2d890cd277d9be3d23ec.jpg?imageView2/2/w/80/format/jpg,穿搭,https://www.xiaohongshu.com/explore/68a6f57a000000001c034c0a?xsec_token=ABAK57Tl2lIOHtyS-uaM_U54jVT5fOyfYh-x5eDXEhazc=,6162,1237,90,192,1,7681,双门槛全部达标,0.201,0.015,普通低价值博主,转化比值一般，性价比偏低
69512fce000000002103da06,小居,https://sns-avatar-qc.xhscdn.com/avatar/1040g2jo313abn8o204005pa5ognhgnfdkfjh95g?imageView2/2/w/80/format/jpg,穿搭,https://www.xiaohongshu.com/explore/68a6f57a000000001c034c0a?xsec_token=ABNJEsSNmiScK-LpiMpqDdYUCGHaKzaXx5WR9ykj6FRJg=,7316,3947,113,908,1,12284,双门槛全部达标,0.54,0.015,高收藏带货型,优先复投，适合挂车、引导搜索转化，深度年框/独家合作
69521da0000000001f00460b,小笙儿,https://sns-avatar-qc.xhscdn.com/avatar/6697c7726b066266c4451db8.jpg?imageView2/2/w/80/format/jpg,穿搭,https://www.xiaohongshu.com/explore/68a6f57a000000001c034c0a?xsec_token=ABEvKJ53Q3cNE_UCu9yoOJONbUREIrg0x0_8LHZDESh_o=,20304,10782,335,1451,1,32872,双门槛全部达标,0.531,0.016,高收藏带货型,优先复投，适合挂车、引导搜索转化，深度年框/独家合作
6952733c000000001e0299b3,一只宸,https://sns-avatar-qc.xhscdn.com/avatar/1040g2jo30nn7sebh7k004a4g3p27oa6mfdbj7a0?imageView2/2/w/80/format/jpg,穿搭,https://www.xiaohongshu.com/explore/68a6f57a000000001c034c0a?xsec_token=ABEvKJ53Q3cNE_UCu9yoOJOM6e7low2NbyIGpTPpb9oho=,888,292,97,21,1,1298,双门槛全部达标,0.329,0.109,普通低价值博主,转化比值一般，性价比偏低
6954e315000000001e008975,xxxy,https://sns-avatar-qc.xhscdn.com/avatar/1040g2jo31vfhas8gis005nv0r22g83d2cl97088?imageView2/2/w/80/format/jpg,穿搭,https://www.xiaohongshu.com/explore/68a6f57a000000001c034c0a?xsec_token=ABmonuJx9eFUd36aJCQAOGCrcFggIWQfl7vhpWWbdVedI=,2892,1379,137,148,1,4556,双门槛全部达标,0.477,0.047,高收藏带货型,优先复投，适合挂车、引导搜索转化，深度年框/独家合作
69671bbb000000000c0364dc,禾禾,https://sns-avatar-qc.xhscdn.com/avatar/1040g2jo31r5gvnfqn40g5q8hqahtu401qph6kqo?imageView2/2/w/80/format/jpg,穿搭,https://www.xiaohongshu.com/explore/68a6f57a000000001c034c0a?xsec_token=ABe8ullH-co916LpitLHeD2eIZ0RPIpv5MqBBP9zSQGlc=,1187,532,18,166,1,1903,双门槛全部达标,0.448,0.015,高收藏带货型,优先复投，适合挂车、引导搜索转化，深度年框/独家合作
69677aa6000000000b00954d,穿搭灵感集,https://sns-avatar-qc.xhscdn.com/avatar/1040g2jo30p7ufmqtjo005nrb440g8udng362b6g?imageView2/2/w/80/format/jpg,穿搭,https://www.xiaohongshu.com/explore/68a6f57a000000001c034c0a?xsec_token=ABe8ullH-co916LpitLHeD2fwRAVJYDs9KSqku3EWBK6c=,6216,2666,34,211,1,9127,双门槛全部达标,0.429,0.005,高收藏带货型,优先复投，适合挂车、引导搜索转化，深度年框/独家合作
696a0ab6000000000a032455,草鱼爱吃鱼zzz,https://sns-avatar-qc.xhscdn.com/avatar/63fd99cbfca3d98c0e1c0825.jpg?imageView2/2/w/80/format/jpg,穿搭,https://www.xiaohongshu.com/explore/68a6f57a000000001c034c0a?xsec_token=ABGKBF92aEQPD5Bk5aBb1K1N1NxzKB-5a9M_M39lb9RQQ=,10298,3445,51,338,1,14132,双门槛全部达标,0.335,0.005,高收藏带货型,优先复投，适合挂车、引导搜索转化，深度年框/独家合作
696b0f3a000000001a01e606,HelloKittyyy_,https://sns-avatar-qc.xhscdn.com/avatar/635d12c44be37d2764c28f50.jpg?imageView2/2/w/80/format/jpg,穿搭,https://www.xiaohongshu.com/explore/68a6f57a000000001c034c0a?xsec_token=AB0YZY_EqJrMlKJ4IF-yQY6oaOGFvLFYC5uq9dciDiPgc=,235396,17867,1645,3931,1,258839,双门槛全部达标,0.076,0.007,普通低价值博主,转化比值一般，性价比偏低
696b34d90000000022023fb5,Walking Town,https://sns-avatar-qc.xhscdn.com/avatar/5b642707f7e8b97bce8ad9a2.jpg?imageView2/2/w/80/format/jpg,穿搭,https://www.xiaohongshu.com/explore/68a6f57a000000001c034c0a?xsec_token=AB0YZY_EqJrMlKJ4IF-yQY6rR-aM7uJVb8fqig-jVjMeY=,867,279,19,119,1,1284,双门槛全部达标,0.322,0.022,高收藏带货型,优先复投，适合挂车、引导搜索转化，深度年框/独家合作
696b8523000000002200ab94,裙角飞扬.,https://sns-avatar-qc.xhscdn.com/avatar/1040g2jo31pcgd5ri2u605pff5a819d2g20avqv8?imageView2/2/w/80/format/jpg,穿搭,https://www.xiaohongshu.com/explore/68a6f57a000000001c034c0a?xsec_token=AB0YZY_EqJrMlKJ4IF-yQY6sQDx8xNjx1dU61oSC4Yeng=,0,0,0,0,1,0,总互动不足100,0.0,0.0,普通低价值博主,总互动仅0，流量薄弱，不建议投放
696c9899000000001a031d36,my-name-is-MM,https://sns-avatar-qc.xhscdn.com/avatar/62348163ffe7365d84a77c0c.jpg?imageView2/2/w/80/format/jpg,穿搭,https://www.xiaohongshu.com/explore/68a6f57a000000001c034c0a?xsec_token=ABA2-iPLsWDU5jBUlr0RvCe675OcM4tDUJ_Yuwn3Vl8-Y=,1863,1020,135,160,1,3178,双门槛全部达标,0.548,0.072,高收藏带货型,优先复投，适合挂车、引导搜索转化，深度年框/独家合作
6971f1f3000000000d008e70,何美誼子📸,https://sns-avatar-qc.xhscdn.com/avatar/1040g2jo321ti3vdvnu005n4n44n4n0ndt0go2go?imageView2/2/w/80/format/jpg,穿搭,https://www.xiaohongshu.com/explore/68a6f57a000000001c034c0a?xsec_token=ABHs2D978_RnDWbmrPgC3m-ZYCTQr1BO84KPx-YsNrfI0=,163,101,16,29,1,309,双门槛全部达标,0.62,0.098,普通低价值博主,转化比值一般，性价比偏低
69749eb4000000000a03177d,清清｜形象设计,https://sns-avatar-qc.xhscdn.com/avatar/1040g2jo31liti9jj4u005pi6evk0u2pqat06m88?imageView2/2/w/80/format/jpg,穿搭,https://www.xiaohongshu.com/explore/68a6f57a000000001c034c0a?xsec_token=ABlf6l03on2atxZIbb4a7GyL9AKsyjHmgcrWYqfuTCCls=,53,57,17,14,1,141,双门槛全部达标,1.075,0.321,普通低价值博主,转化比值一般，性价比偏低
6975fcbc000000001a01e2ef,克莱鹅,https://sns-avatar-qc.xhscdn.com/avatar/601220ee84e21f08b9ba4d0a.jpg?imageView2/2/w/80/format/jpg,穿搭,https://www.xiaohongshu.com/explore/68a6f57a000000001c034c0a?xsec_token=ABgat6jorMmIJYSIEgwiqsKP6wbVQ_YlxR85ncZOg6Bns=,121734,7766,1874,5291,1,136665,双门槛全部达标,0.064,0.015,普通低价值博主,转化比值一般，性价比偏低
69773306000000000a029a21,玥玥爱画画,https://sns-avatar-qc.xhscdn.com/avatar/1040g2jo31ron8av126505pmd8p0ne3k55o8iit0?imageView2/2/w/80/format/jpg,穿搭,https://www.xiaohongshu.com/explore/68a6f57a000000001c034c0a?xsec_token=ABRSCcxy4QbQXoVrkU3HJwok8__MEPW-Dz77I07os2Pbs=,565,170,35,66,1,836,双门槛全部达标,0.301,0.062,高收藏带货型,优先复投，适合挂车、引导搜索转化，深度年框/独家合作
697c32bc00000000220305f8,软软学姐✨,https://sns-avatar-qc.xhscdn.com/avatar/1040g2jo31armv7rq7g6g5pioceuiucki873rcsg?imageView2/2/w/80/format/jpg,穿搭,https://www.xiaohongshu.com/explore/68a6f57a000000001c034c0a?xsec_token=ABASKgmwMk-kSnwBJw4mljw4pQeaeMHkzcNZ4gD9tPYHI=,3882,1477,56,1711,1,7126,双门槛全部达标,0.38,0.014,高收藏带货型,优先复投，适合挂车、引导搜索转化，深度年框/独家合作
697c5696000000001a01e46a,糯糯家女装,https://sns-avatar-qc.xhscdn.com/avatar/seller_69764b6a289e5a00018d6339?imageView2/2/w/80/format/jpg,穿搭,https://www.xiaohongshu.com/explore/68a6f57a000000001c034c0a?xsec_token=ABASKgmwMk-kSnwBJw4mljw89fkL4P7WFGv3SzedXH8Fw=,1046,501,7,326,1,1880,双门槛全部达标,0.479,0.007,高收藏带货型,优先复投，适合挂车、引导搜索转化，深度年框/独家合作
697cba4a000000001a023c94,一个林妹妹,https://sns-avatar-qc.xhscdn.com/avatar/1040g2jo31faj7gh76o005oucv5u9t358s0k2et8?imageView2/2/w/80/format/jpg,穿搭,https://www.xiaohongshu.com/explore/68a6f57a000000001c034c0a?xsec_token=ABASKgmwMk-kSnwBJw4mljw9XHGzO027VDY8DMQ0jL8_g=,2828,1199,21,179,1,4227,双门槛全部达标,0.424,0.007,高收藏带货型,优先复投，适合挂车、引导搜索转化，深度年框/独家合作
697ccb68000000000b013e46,求你吃饱就停😑,https://sns-avatar-qc.xhscdn.com/avatar/636b1f0714f22280f3b5c964.jpg?imageView2/2/w/80/format/jpg,穿搭,https://www.xiaohongshu.com/explore/68a6f57a000000001c034c0a?xsec_token=ABASKgmwMk-kSnwBJw4mljw32C7c_iqrTXTTeStSouvSo=,7950,3100,49,519,1,11618,双门槛全部达标,0.39,0.006,高收藏带货型,优先复投，适合挂车、引导搜索转化，深度年框/独家合作
6982fee1000000002102a118,icycream,https://sns-avatar-qc.xhscdn.com/avatar/608eca7f231383d089eca70f.jpg?imageView2/2/w/80/format/jpg,穿搭,https://www.xiaohongshu.com/explore/68a6f57a000000001c034c0a?xsec_token=ABHgwE-g9QhZEPv5XvPG-TmX2nS6Kvu4DWhF1xDPxu72w=,261109,15080,1661,2734,1,280584,双门槛全部达标,0.058,0.006,普通低价值博主,转化比值一般，性价比偏低
6983f983000000000c036bc2,皮皮,https://sns-avatar-qc.xhscdn.com/avatar/1040g2jo31g8trinnhe0g5p9bhmuaj86ulpdipg8?imageView2/2/w/80/format/jpg,穿搭,https://www.xiaohongshu.com/explore/68a6f57a000000001c034c0a?xsec_token=AB_31CXHQJBmBx456G0WorGEJGdu3WLnUWnwHrRNPq5d4=,2698,1194,64,163,1,4119,双门槛全部达标,0.443,0.024,高收藏带货型,优先复投，适合挂车、引导搜索转化，深度年框/独家合作
6984817c000000000c035899,韩好甜,https://sns-avatar-qc.xhscdn.com/avatar/62f629e9100a6104703a4fea.jpg?imageView2/2/w/80/format/jpg,穿搭,https://www.xiaohongshu.com/explore/68a6f57a000000001c034c0a?xsec_token=AB1BND7blXXF8XLmuJCL2YfloYwEU6romiYKjKG3DoYe8=,12743,1541,175,410,1,14869,双门槛全部达标,0.121,0.014,普通低价值博主,转化比值一般，性价比偏低
6985b393000000001a02f2c1,永远财运爆棚的静静,https://sns-avatar-qc.xhscdn.com/avatar/6471fe6b63774f70a0483b45.jpg?imageView2/2/w/80/format/jpg,穿搭,https://www.xiaohongshu.com/explore/68a6f57a000000001c034c0a?xsec_token=ABHGPZeFLUIrmqtZcWmVFEdL5604suLybjq5sjK5TKalQ=,79,17,19,3,1,118,双门槛全部达标,0.215,0.241,普通低价值博主,转化比值一般，性价比偏低
6985e141000000001a02d2e3,牙牙,https://sns-avatar-qc.xhscdn.com/avatar/1040g2jo31pr23f0g4m004a7e7cr87ggnihf4qm0?imageView2/2/w/80/format/jpg,穿搭,https://www.xiaohongshu.com/explore/68a6f57a000000001c034c0a?xsec_token=ABHGPZeFLUIrmqtZcWmVFEdPAwQr_7OFEkpcVb4M-KKbo=,53081,15682,387,2047,1,71197,双门槛全部达标,0.295,0.007,普通低价值博主,转化比值一般，性价比偏低
698719ea0000000015023b42,可以静,https://sns-avatar-qc.xhscdn.com/avatar/1040g2jo31utnfi9tiq005n2hkc74efq90dhup10?imageView2/2/w/80/format/jpg,穿搭,https://www.xiaohongshu.com/explore/68a6f57a000000001c034c0a?xsec_token=ABELJlUME4HZ-KmxhwkIxYc2qoJD7XXuwF0KAi8qeP4ts=,4759,950,129,660,1,6498,双门槛全部达标,0.2,0.027,普通低价值博主,转化比值一般，性价比偏低
698b21ba0000000015023754,Ethere_,https://sns-avatar-qc.xhscdn.com/avatar/67a7a018310bb734a99d1763.jpg?imageView2/2/w/80/format/jpg,穿搭,https://www.xiaohongshu.com/explore/68a6f57a000000001c034c0a?xsec_token=ABlucorK0wdfP0q0CeQwuzHtF4zezUvtozANF1AdpciFM=,13969,1195,205,373,1,15742,双门槛全部达标,0.086,0.015,普通低价值博主,转化比值一般，性价比偏低
698dd60f000000000e03e621,奶油泡芙,https://sns-avatar-qc.xhscdn.com/avatar/1040g2jo31qs98i9snu5g5q1ka447h07p9gsi7r8?imageView2/2/w/80/format/jpg,穿搭,https://www.xiaohongshu.com/explore/68a6f57a000000001c034c0a?xsec_token=AByyR0ohIKulV5v_4Kb6rTZsx9T_dY7LioR1cfq_ZCoDg=,3181,1455,85,315,1,5036,双门槛全部达标,0.457,0.027,高收藏带货型,优先复投，适合挂车、引导搜索转化，深度年框/独家合作
699042c6000000000a03f38a,秋鱼奈橙菜,https://sns-avatar-qc.xhscdn.com/avatar/1040g2jo30veej0e664004a0f3rq7hs51hug04d0?imageView2/2/w/80/format/jpg,穿搭,https://www.xiaohongshu.com/explore/68a6f57a000000001c034c0a?xsec_token=AB8rYs1PU9IudrPKaVSNvq8jckPENUH7LozabS4Ho1M-0=,13630,2893,798,304,1,17625,双门槛全部达标,0.212,0.059,普通低价值博主,转化比值一般，性价比偏低
69908b94000000000a030a5d,小学生守则,https://sns-avatar-qc.xhscdn.com/avatar/1040g2jo317vl9sin0s005nql0bdg9ee2auh6vn8?imageView2/2/w/80/format/jpg,穿搭,https://www.xiaohongshu.com/explore/68a6f57a000000001c034c0a?xsec_token=AB8rYs1PU9IudrPKaVSNvq8iKXlcLuUerEH8p6_4Hkz1E=,2719,250,2713,224,1,5906,双门槛全部达标,0.092,0.998,高讨论声量型,新品造势、品牌话题引爆，不适合直接带货转化
6996b518000000002801dedf,nap.p,https://sns-avatar-qc.xhscdn.com/avatar/1040g2jo31qbtbq1b0a005pnqc8cne0tc7862ero?imageView2/2/w/80/format/jpg,穿搭,https://www.xiaohongshu.com/explore/68a6f57a000000001c034c0a?xsec_token=ABNKuX97AbedKAb7wcH-uNTTriko8eDN12HURlexDFxCU=,1822,757,102,304,1,2985,双门槛全部达标,0.415,0.056,高收藏带货型,优先复投，适合挂车、引导搜索转化，深度年框/独家合作
6996d815000000001b01466c,娇气包,https://sns-avatar-qc.xhscdn.com/avatar/1040g2jo3110klm8imo6g5pg94q02pptptctve5o?imageView2/2/w/80/format/jpg,穿搭,https://www.xiaohongshu.com/explore/68a6f57a000000001c034c0a?xsec_token=ABNKuX97AbedKAb7wcH-uNTV9egntl1U5AHx1tgN42zb4=,1277,558,7,220,1,2062,双门槛全部达标,0.437,0.005,高收藏带货型,优先复投，适合挂车、引导搜索转化，深度年框/独家合作
6997cd4b00000000150208ca,On the Street,https://sns-avatar-qc.xhscdn.com/avatar/5f7eabcfe2dbee0001d8d8c9.jpg?imageView2/2/w/80/format/jpg,穿搭,https://www.xiaohongshu.com/explore/68a6f57a000000001c034c0a?xsec_token=ABpxwOZdZDMiqfniRha356gb7g6GJW-_WJ874uOdAKekE=,13347,2929,325,417,1,17018,双门槛全部达标,0.219,0.024,普通低价值博主,转化比值一般，性价比偏低
6997d856000000001b01e496,乖乖,https://sns-avatar-qc.xhscdn.com/avatar/65518f7820f4400a47bf7da8.jpg?imageView2/2/w/80/format/jpg,穿搭,https://www.xiaohongshu.com/explore/68a6f57a000000001c034c0a?xsec_token=ABpxwOZdZDMiqfniRha356gez1AwCrqVyEYLClSbAlOqM=,1326,506,4,111,1,1947,双门槛全部达标,0.382,0.003,高收藏带货型,优先复投，适合挂车、引导搜索转化，深度年框/独家合作
69991fbc000000000a030b6b,常开心心,https://sns-avatar-qc.xhscdn.com/avatar/1040g2jo31objavju4s005p1jhqq3jgce8cjoj60?imageView2/2/w/80/format/jpg,穿搭,https://www.xiaohongshu.com/explore/68a6f57a000000001c034c0a?xsec_token=ABwH1sgsWWj1PQYufBFoda5rOpkDRMGmjve7l8P1MFlzM=,2550,753,93,147,1,3543,双门槛全部达标,0.295,0.036,普通低价值博主,转化比值一般，性价比偏低
69999a6c000000001503066f,辛夷,https://sns-avatar-qc.xhscdn.com/avatar/1040g2jo31pf42cmvigdg5q1maq37nnvml0ld4ig?imageView2/2/w/80/format/jpg,穿搭,https://www.xiaohongshu.com/explore/68a6f57a000000001c034c0a?xsec_token=ABwH1sgsWWj1PQYufBFoda5n6AqtFDnKH6eqL6LHjtI08=,1535,1009,7,277,1,2828,双门槛全部达标,0.657,0.005,高收藏带货型,优先复投，适合挂车、引导搜索转化，深度年框/独家合作
6999ac520000000028008619,伊人集,https://sns-avatar-qc.xhscdn.com/avatar/1040g2jo31spb7a0hm2605q1h55u39cs953ddl6o?imageView2/2/w/80/format/jpg,穿搭,https://www.xiaohongshu.com/explore/68a6f57a000000001c034c0a?xsec_token=ABwH1sgsWWj1PQYufBFoda5g8TA-HHnVA8iUN-C7QzziE=,1017,453,32,44,1,1546,双门槛全部达标,0.445,0.031,高收藏带货型,优先复投，适合挂车、引导搜索转化，深度年框/独家合作
699bd17e00000000280201ab,白白不拜拜,https://sns-avatar-qc.xhscdn.com/avatar/66c6ef92f5f8080001ab2c20.jpg?imageView2/2/w/80/format/jpg,穿搭,https://www.xiaohongshu.com/explore/68a6f57a000000001c034c0a?xsec_token=ABHtEkk5hJp-6HTUq6OqRwdf2Q3WikxLBUPZsA88wfxcY=,10,5,17,0,1,32,总互动不足100,0.5,1.7,普通低价值博主,总互动仅32，流量薄弱，不建议投放
699d2808000000000903a39d,爆付付,https://sns-avatar-qc.xhscdn.com/avatar/1040g2jo31rl0s4cs24005qb0h7852uh9re11060?imageView2/2/w/80/format/jpg,穿搭,https://www.xiaohongshu.com/explore/68a6f57a000000001c034c0a?xsec_token=ABxYiiyiNaig27uodwudKtBm7V7QcDMMRwX58TpFbJmbA=,227,74,21,23,1,345,双门槛全部达标,0.326,0.093,普通低价值博主,转化比值一般，性价比偏低
699ec5a20000000015023533,RC拼豆,https://sns-avatar-qc.xhscdn.com/avatar/1040g2jo314aplh1smg005pjlrp0hostneisgv30?imageView2/2/w/80/format/jpg,穿搭,https://www.xiaohongshu.com/explore/68a6f57a000000001c034c0a?xsec_token=ABWzmXlI4Y6ZnLDMGYLYOD6796iFMQge1pPPSeZmWJloo=,61,16,33,13,1,123,双门槛全部达标,0.262,0.541,普通低价值博主,转化比值一般，性价比偏低
699fb822000000002203bb47,董礼貌,https://sns-avatar-qc.xhscdn.com/avatar/1040g2jo31cu1tet6120049lbm8hhds925p9fu8o?imageView2/2/w/80/format/jpg,穿搭,https://www.xiaohongshu.com/explore/68a6f57a000000001c034c0a?xsec_token=ABGizNjyWCk94UaZmAsmG9fvlcm-rQaewSkE3Zw-Pc2uo=,2294,1048,159,172,1,3673,双门槛全部达标,0.457,0.069,高收藏带货型,优先复投，适合挂车、引导搜索转化，深度年框/独家合作
69a267f40000000022021598,池三也,https://sns-avatar-qc.xhscdn.com/avatar/62a9e1ef007b00f05fc39a98.jpg?imageView2/2/w/80/format/jpg,穿搭,https://www.xiaohongshu.com/explore/68a6f57a000000001c034c0a?xsec_token=ABkCyrXTwbUxkYtgNPuZJkGn4Ad70LX_C7gSXfeTK34XE=,2437,938,27,197,1,3599,双门槛全部达标,0.385,0.011,高收藏带货型,优先复投，适合挂车、引导搜索转化，深度年框/独家合作
69a3bf40000000002202e878,奶芙少女,https://sns-avatar-qc.xhscdn.com/avatar/1040g2jo31tchbb5pl6005njoaobg9egi1k3anfo?imageView2/2/w/80/format/jpg,穿搭,https://www.xiaohongshu.com/explore/68a6f57a000000001c034c0a?xsec_token=ABFCD_vdfXUemkBRu51dQPNPI6eWznTDhcXScb_D1937g=,1919,681,261,305,0,3166,笔记不足1,0.355,0.136,普通低价值博主,笔记仅0条，无内容基础，不建议投放
69a3d974000000001d026de6,许你耀眼🌹,https://sns-avatar-qc.xhscdn.com/avatar/5e900b31d6e3b000019ba4c9.jpg?imageView2/2/w/80/format/jpg,穿搭,https://www.xiaohongshu.com/explore/68a6f57a000000001c034c0a?xsec_token=ABFCD_vdfXUemkBRu51dQPNFPTZU0SUsVZ1dDgOqaVpQg=,200,100,8,24,1,332,双门槛全部达标,0.5,0.04,高收藏带货型,优先复投，适合挂车、引导搜索转化，深度年框/独家合作
69a431b10000000015032ca9,大大大珊,https://sns-avatar-qc.xhscdn.com/avatar/6526b1c90226271fc0078ff7.jpg?imageView2/2/w/80/format/jpg,穿搭,https://www.xiaohongshu.com/explore/68a6f57a000000001c034c0a?xsec_token=AB4Kl1qLae5BqAajMYlFpGctR1TWnzS_Zu7zitNUpFpIo=,4339,2977,160,371,1,7847,双门槛全部达标,0.686,0.037,高收藏带货型,优先复投，适合挂车、引导搜索转化，深度年框/独家合作
69a5263b000000002202ef07,沙丁魚的腦子,https://sns-avatar-qc.xhscdn.com/avatar/1040g2jo31rbnqtl10m0049o221lc86gesfemtn0?imageView2/2/w/80/format/jpg,穿搭,https://www.xiaohongshu.com/explore/68a6f57a000000001c034c0a?xsec_token=ABtSEDP2v-mtT_Q_4IrNlWA5YVmQAG2wyM0Gtg2Q0o9fY=,441,113,4,48,1,606,双门槛全部达标,0.256,0.009,普通低价值博主,转化比值一般，性价比偏低
69a62479000000002800a703,Miho!!!,https://sns-avatar-qc.xhscdn.com/avatar/1040g2jo32074gs765s005p2b18rqa42hk77vhdo?imageView2/2/w/80/format/jpg,穿搭,https://www.xiaohongshu.com/explore/68a6f57a000000001c034c0a?xsec_token=ABedIDjeq9-hZHdlPM3_tQGK5LntWafUuidhvDJwHKuhk=,3352,2202,179,259,1,5992,双门槛全部达标,0.657,0.053,高收藏带货型,优先复投，适合挂车、引导搜索转化，深度年框/独家合作
69a6bd8a0000000015033c25,737**,https://sns-avatar-qc.xhscdn.com/avatar/1040g2jo31dvdmn23h00g4a1a009qdjnjln02d9o?imageView2/2/w/80/format/jpg,穿搭,https://www.xiaohongshu.com/explore/68a6f57a000000001c034c0a?xsec_token=ABedIDjeq9-hZHdlPM3_tQGClN4Dc58qlDAnX-yWYdbSw=,2322,774,34,113,1,3243,双门槛全部达标,0.333,0.015,高收藏带货型,优先复投，适合挂车、引导搜索转化，深度年框/独家合作
69a6ca1f000000001a02306b,WestFan,https://sns-avatar-qc.xhscdn.com/avatar/1040g2jo3203s7pfi2q0g49elt5f2eth849pqdi0?imageView2/2/w/80/format/jpg,穿搭,https://www.xiaohongshu.com/explore/68a6f57a000000001c034c0a?xsec_token=ABedIDjeq9-hZHdlPM3_tQGIH4DVUSkioVEoKFmeeRPks=,393,103,42,17,1,555,双门槛全部达标,0.262,0.107,普通低价值博主,转化比值一般，性价比偏低
69a7dd3d000000001b01fb38,马登福叔,https://sns-avatar-qc.xhscdn.com/avatar/60cac178d2c53d000110ca4c.jpg?imageView2/2/w/80/format/jpg,穿搭,https://www.xiaohongshu.com/explore/68a6f57a000000001c034c0a?xsec_token=ABgIU7faNAcIOiulVdtA4_MsNO6ZLXsz5idwC-W8sqtZI=,353,211,29,66,1,659,双门槛全部达标,0.598,0.082,普通低价值博主,转化比值一般，性价比偏低
69aa6afb000000001b01cc00,今天爆爆,https://sns-avatar-qc.xhscdn.com/avatar/1040g2jo31tas4iam68d05p4u7kvap2gg6iu9pq0?imageView2/2/w/80/format/jpg,穿搭,https://www.xiaohongshu.com/explore/68a6f57a000000001c034c0a?xsec_token=ABjaALyyHMIZUMnLpUPgQvQtqSbYiSHp7o2PHmBackIqw=,46,12,2,15,1,75,总互动不足100,0.261,0.043,普通低价值博主,总互动仅75，流量薄弱，不建议投放
69aadf5a000000001a024ec1,小薯爱穿搭,https://sns-avatar-qc.xhscdn.com/avatar/64ce23ec727c37f5a76d3952.jpg?imageView2/2/w/80/format/jpg,穿搭,https://www.xiaohongshu.com/explore/68a6f57a000000001c034c0a?xsec_token=ABjaALyyHMIZUMnLpUPgQvQthFgsbgxK9O8WBIxwYlko4=,536,449,46,124,1,1155,双门槛全部达标,0.838,0.086,普通低价值博主,转化比值一般，性价比偏低
69ad5e67000000001a030d7b,u-r-fashion,https://sns-avatar-qc.xhscdn.com/avatar/1040g2jo3229jtn05ne0049ouaeogsqo19n15gpg?imageView2/2/w/80/format/jpg,穿搭,https://www.xiaohongshu.com/explore/68a6f57a000000001c034c0a?xsec_token=ABkyZfRZqAdWDgivFe842RCir8SnaVXksbAyEM8etqpCA=,1308,498,3,75,1,1884,双门槛全部达标,0.381,0.002,高收藏带货型,优先复投，适合挂车、引导搜索转化，深度年框/独家合作
69af8f72000000000c00b8fd,163的周周,https://sns-avatar-qc.xhscdn.com/avatar/1040g2jo32144ceju7a605q7tr8ccj2m2ia3p3j0?imageView2/2/w/80/format/jpg,穿搭,https://www.xiaohongshu.com/explore/68a6f57a000000001c034c0a?xsec_token=ABQfp5CEZPhNLJcYsXwjk9eop7P1IDXMoguEwOOdnHt9s=,6675,3046,41,553,1,10315,双门槛全部达标,0.456,0.006,高收藏带货型,优先复投，适合挂车、引导搜索转化，深度年框/独家合作
69af91b30000000022030c79,木子维,https://sns-avatar-qc.xhscdn.com/avatar/61dbf34f4ea6806b698f64e4.jpg?imageView2/2/w/80/format/jpg,穿搭,https://www.xiaohongshu.com/explore/68a6f57a000000001c034c0a?xsec_token=ABQfp5CEZPhNLJcYsXwjk9egoi8eq7Pk5tkGPZ9PtFz68=,579,415,5,142,1,1141,双门槛全部达标,0.717,0.009,高收藏带货型,优先复投，适合挂车、引导搜索转化，深度年框/独家合作
69b02748000000002603e403,Sisi,https://sns-avatar-qc.xhscdn.com/avatar/1040g2jo31umf0hfb1u0049n7klbuj5ko7fm3gco?imageView2/2/w/80/format/jpg,穿搭,https://www.xiaohongshu.com/explore/68a6f57a000000001c034c0a?xsec_token=ABwbVrTPh6o3DBdrwMLUJzSv_5SrbwrDABAo8w5UxqA8A=,254,83,21,11,1,369,双门槛全部达标,0.327,0.083,普通低价值博主,转化比值一般，性价比偏低
69b0ef8b000000002603cec0,马克斯星球,https://sns-avatar-qc.xhscdn.com/avatar/1040g2jo31g1t6gsb0e005ph5q3e1ortfn6q6t5o?imageView2/2/w/80/format/jpg,穿搭,https://www.xiaohongshu.com/explore/68a6f57a000000001c034c0a?xsec_token=ABwbVrTPh6o3DBdrwMLUJzSpjHy33w-tpDzFahIy6LJY0=,1438,724,28,943,1,3133,双门槛全部达标,0.503,0.019,高收藏带货型,优先复投，适合挂车、引导搜索转化，深度年框/独家合作
69b22f64000000000600eeeb,刘老板商店,https://sns-avatar-qc.xhscdn.com/avatar/1040g2jo31puvruq0g0005o1mchc08reab7recng?imageView2/2/w/80/format/jpg,穿搭,https://www.xiaohongshu.com/explore/68a6f57a000000001c034c0a?xsec_token=ABC5_XnnYuqJOYrXrkfdlJ1keNs6XWKVNRORRnoSX93-0=,9,3,0,0,1,12,总互动不足100,0.333,0.0,普通低价值博主,总互动仅12，流量薄弱，不建议投放
69b230be0000000022039f52,马登工装,https://sns-avatar-qc.xhscdn.com/avatar/seller_695388ff01e8f900018cd057?imageView2/2/w/80/format/jpg,穿搭,https://www.xiaohongshu.com/explore/68a6f57a000000001c034c0a?xsec_token=ABC5_XnnYuqJOYrXrkfdlJ1s6YlpQWaLraLwllvZ3a_zE=,32,11,5,4,1,52,总互动不足100,0.344,0.156,普通低价值博主,总互动仅52，流量薄弱，不建议投放
69b2b1e00000000016008ee0,chris-小倩,https://sns-avatar-qc.xhscdn.com/avatar/5f66093bdcc13800018a5bc1.jpg?imageView2/2/w/80/format/jpg,穿搭,https://www.xiaohongshu.com/explore/68a6f57a000000001c034c0a?xsec_token=ABC5_XnnYuqJOYrXrkfdlJ1gpwEBtIN_FElJlriCDB-vE=,704,269,76,76,1,1125,双门槛全部达标,0.382,0.108,普通低价值博主,转化比值一般，性价比偏低
69b3c08a000000001b022c61,W_耐耐,https://sns-avatar-qc.xhscdn.com/avatar/1000g2jo2l23lo2aj200049vn5paqfecjh2ntm3o?imageView2/2/w/80/format/jpg,穿搭,https://www.xiaohongshu.com/explore/68a6f57a000000001c034c0a?xsec_token=AB0DadK5xctEA7QpuL9QA-VctW_-Z46bWHL8RIRh4RYFY=,664,266,78,28,1,1036,双门槛全部达标,0.401,0.117,普通低价值博主,转化比值一般，性价比偏低
69b4c021000000001a030f10,朱古力li,https://sns-avatar-qc.xhscdn.com/avatar/07002914-edf1-3136-ae76-b13c2d51573b?imageView2/2/w/80/format/jpg,穿搭,https://www.xiaohongshu.com/explore/68a6f57a000000001c034c0a?xsec_token=AB8HzaxQ6ZgFiTWFWa03B0Tu-VgpRrCNpJFvWRdTNCbFE=,4,5,1,1,1,11,总互动不足100,1.25,0.25,普通低价值博主,总互动仅11，流量薄弱，不建议投放
69b50e13000000002102c8fe,马登工装,https://sns-avatar-qc.xhscdn.com/avatar/seller_695388ff01e8f900018cd057?imageView2/2/w/80/format/jpg,穿搭,https://www.xiaohongshu.com/explore/68a6f57a000000001c034c0a?xsec_token=AB4h4HLazHHVfmJGpHeZZ5GTWNNiehmCd3e-0xAvdCx8U=,132,84,5,27,1,248,双门槛全部达标,0.636,0.038,高收藏带货型,优先复投，适合挂车、引导搜索转化，深度年框/独家合作
69b527ac0000000023022377,LIT LIGHT 里奈拾光,https://sns-avatar-qc.xhscdn.com/avatar/62e0f594d26d9f0001f14d86.jpg?imageView2/2/w/80/format/jpg,穿搭,https://www.xiaohongshu.com/explore/68a6f57a000000001c034c0a?xsec_token=AB4h4HLazHHVfmJGpHeZZ5GSJy8EpPqxBzuMhSHr0ArjI=,6,4,3,0,1,13,总互动不足100,0.667,0.5,普通低价值博主,总互动仅13，流量薄弱，不建议投放
69b52a4e000000001e00edda,V+设计师买手店,https://sns-avatar-qc.xhscdn.com/avatar/1040g2jo31f0nt0fd6i0049kc9e8e0t9vmaqsql8?imageView2/2/w/80/format/jpg,穿搭,https://www.xiaohongshu.com/explore/68a6f57a000000001c034c0a?xsec_token=AB4h4HLazHHVfmJGpHeZZ5GfdSib4qai06Sfvmzg-0Q2Q=,829,377,77,82,1,1365,双门槛全部达标,0.455,0.093,普通低价值博主,转化比值一般，性价比偏低
69b7d7d1000000001d018576,小官教你学穿搭,https://sns-avatar-qc.xhscdn.com/avatar/5e436dda1d314d0001e8ba92.jpg?imageView2/2/w/80/format/jpg,穿搭,https://www.xiaohongshu.com/explore/68a6f57a000000001c034c0a?xsec_token=AB3r0RwlPxygFmBrryuZ_20BwsfPF0RSmfMNTrWvwzpk8=,193,85,3,49,1,330,双门槛全部达标,0.44,0.016,高收藏带货型,优先复投，适合挂车、引导搜索转化，深度年框/独家合作
69b94e2b0000000022027eaf,潮人衣馆,https://sns-avatar-qc.xhscdn.com/avatar/1040g2jo312cp359ll26g5phjfk6gu0c5bnqdfqg?imageView2/2/w/80/format/jpg,穿搭,https://www.xiaohongshu.com/explore/68a6f57a000000001c034c0a?xsec_token=ABEj6M4bHmm4A5xzv-i9e0vnmtPQJyHuH57Z8v6JRfFMY=,228,131,36,127,1,522,双门槛全部达标,0.575,0.158,普通低价值博主,转化比值一般，性价比偏低
69bba53c00000000230240d4,LIT LIGHT 里奈拾光,https://sns-avatar-qc.xhscdn.com/avatar/62e0f594d26d9f0001f14d86.jpg?imageView2/2/w/80/format/jpg,穿搭,https://www.xiaohongshu.com/explore/68a6f57a000000001c034c0a?xsec_token=ABfqwq0lBt7LJC9MWoS_uTZy4djVeXEumaocnfuPtmUlk=,54,36,6,30,1,126,双门槛全部达标,0.667,0.111,普通低价值博主,转化比值一般，性价比偏低
69bd1cf8000000001e00c4f9,小杜家拼豆二店,https://sns-avatar-qc.xhscdn.com/avatar/seller_69d63ea29f4759000159b38a?imageView2/2/w/80/format/jpg,穿搭,https://www.xiaohongshu.com/explore/68a6f57a000000001c034c0a?xsec_token=ABvIshMKpr_Cv7qF4Pi8nugOsCT9qHllxON-fCYrMVWqc=,27,10,40,5,1,82,总互动不足100,0.37,1.481,普通低价值博主,总互动仅82，流量薄弱，不建议投放
69bd27d70000000023023f55,刘佳仪,https://sns-avatar-qc.xhscdn.com/avatar/1040g2jo31h67aabq3a004a5mge6991jg1bp649o?imageView2/2/w/80/format/jpg,穿搭,https://www.xiaohongshu.com/explore/68a6f57a000000001c034c0a?xsec_token=ABvIshMKpr_Cv7qF4Pi8nugEtJdhsdjo9trZdVVIPDgxc=,5045,1482,950,263,1,7740,双门槛全部达标,0.294,0.188,普通低价值博主,转化比值一般，性价比偏低
69be061300000000220026cb,TRIPLE聊穿搭,https://sns-avatar-qc.xhscdn.com/avatar/1040g2jo31b06g4807c005por1id7c8t56vcd4v8?imageView2/2/w/80/format/jpg,穿搭,https://www.xiaohongshu.com/explore/68a6f57a000000001c034c0a?xsec_token=ABWf5OM7DFJ_BABhgNgJz_yXkBCVmHbQI3fivC6LyDZ0w=,2308,1406,88,452,1,4254,双门槛全部达标,0.609,0.038,高收藏带货型,优先复投，适合挂车、引导搜索转化，深度年框/独家合作
69be6987000000001f003236,思远Glenindiv,https://sns-avatar-qc.xhscdn.com/avatar/57811adb02f37d086293d1c1.jpg?imageView2/2/w/80/format/jpg,穿搭,https://www.xiaohongshu.com/explore/68a6f57a000000001c034c0a?xsec_token=ABWf5OM7DFJ_BABhgNgJz_yclU8-V12RszCZrJIFEiV-c=,30240,5246,1623,4590,1,41699,双门槛全部达标,0.173,0.054,普通低价值博主,转化比值一般，性价比偏低
69be7186000000002301580f,cuibuju,https://sns-avatar-qc.xhscdn.com/avatar/1040g2jo3159086ta1e0g5nk7t2fg8geeuf1n3r0?imageView2/2/w/80/format/jpg,穿搭,https://www.xiaohongshu.com/explore/68a6f57a000000001c034c0a?xsec_token=ABWf5OM7DFJ_BABhgNgJz_yUYyHOKX2p_dTggzlP-XKLI=,1389,443,38,1022,1,2892,双门槛全部达标,0.319,0.027,高收藏带货型,优先复投，适合挂车、引导搜索转化，深度年框/独家合作
69be7acc000000001d01a479,LIT LIGHT 里奈拾光,https://sns-avatar-qc.xhscdn.com/avatar/62e0f594d26d9f0001f14d86.jpg?imageView2/2/w/80/format/jpg,穿搭,https://www.xiaohongshu.com/explore/68a6f57a000000001c034c0a?xsec_token=ABWf5OM7DFJ_BABhgNgJz_yTGyF4ql3WxsZAUqkfHVyfw=,61,31,3,29,1,124,双门槛全部达标,0.508,0.049,高收藏带货型,优先复投，适合挂车、引导搜索转化，深度年框/独家合作
69beb347000000001a0301ca,小居,https://sns-avatar-qc.xhscdn.com/avatar/1040g2jo313abn8o204005pa5ognhgnfdkfjh95g?imageView2/2/w/80/format/jpg,穿搭,https://www.xiaohongshu.com/explore/68a6f57a000000001c034c0a?xsec_token=ABWf5OM7DFJ_BABhgNgJz_yeeiJx_y2MhlsoTGmL-ppy8=,5407,2393,62,532,1,8394,双门槛全部达标,0.443,0.011,高收藏带货型,优先复投，适合挂车、引导搜索转化，深度年框/独家合作
69c01b5b000000002202a0ac,井井玩,https://sns-avatar-qc.xhscdn.com/avatar/61b30e774fd8210778aa8c70.jpg?imageView2/2/w/80/format/jpg,穿搭,https://www.xiaohongshu.com/explore/68a6f57a000000001c034c0a?xsec_token=ABkhyxOs4A_WpwCBGHVrg-JIVRv8OSe0CGL6eiHNlZNpE=,2925,1141,115,169,1,4350,双门槛全部达标,0.39,0.039,高收藏带货型,优先复投，适合挂车、引导搜索转化，深度年框/独家合作
69c0a78d000000001d01c975,瑶瑶有3只狗呀,https://sns-avatar-qc.xhscdn.com/avatar/1040g2jo31q59lj0h02004a5st6nh6ljkfdm2s9o?imageView2/2/w/80/format/jpg,穿搭,https://www.xiaohongshu.com/explore/68a6f57a000000001c034c0a?xsec_token=ABkhyxOs4A_WpwCBGHVrg-JBT54C3CcjhGoUq5i2llUPg=,3714,812,80,230,1,4836,双门槛全部达标,0.219,0.022,普通低价值博主,转化比值一般，性价比偏低
69c12252000000002102c30e,桥本茶,https://sns-avatar-qc.xhscdn.com/avatar/5ef1a69e2ec197000187e764.jpg?imageView2/2/w/80/format/jpg,穿搭,https://www.xiaohongshu.com/explore/68a6f57a000000001c034c0a?xsec_token=ABitb1jDHwIKZz0S1hB0KfSi0hEEkURaJtOfiYKlM7GZw=,17805,2205,173,374,1,20557,双门槛全部达标,0.124,0.01,普通低价值博主,转化比值一般，性价比偏低
69c27423000000002200e104,胖胖桔🍊和休休李,https://sns-avatar-qc.xhscdn.com/avatar/1040g2jo31tcat7426e005p9j4j4ajeg4u8rrnn8?imageView2/2/w/80/format/jpg,穿搭,https://www.xiaohongshu.com/explore/68a6f57a000000001c034c0a?xsec_token=ABxC6r9nPq0EU7P3fOQQIHfSGuRV5XIbw41oqeZjs2NIo=,72,56,6,4,1,138,双门槛全部达标,0.778,0.083,普通低价值博主,转化比值一般，性价比偏低
69c28a0c00000000230133ca,颂伊宝,https://sns-avatar-qc.xhscdn.com/avatar/1040g2jo31rfk4f1e0m005neojfvg9cestj27loo?imageView2/2/w/80/format/jpg,穿搭,https://www.xiaohongshu.com/explore/68a6f57a000000001c034c0a?xsec_token=ABxC6r9nPq0EU7P3fOQQIHfXZK-BXRmwQfZzgYPo3-yyk=,5598,5138,100,197,1,11033,双门槛全部达标,0.918,0.018,高收藏带货型,优先复投，适合挂车、引导搜索转化，深度年框/独家合作
69c296b5000000001a03296d,谷子美,https://sns-avatar-qc.xhscdn.com/avatar/6410bbf92a05a5c7c47fa042.jpg?imageView2/2/w/80/format/jpg,穿搭,https://www.xiaohongshu.com/explore/68a6f57a000000001c034c0a?xsec_token=ABxC6r9nPq0EU7P3fOQQIHfSyql7ESXCnbivXwrLviH4A=,1743,534,77,292,1,2646,双门槛全部达标,0.306,0.044,高收藏带货型,优先复投，适合挂车、引导搜索转化，深度年框/独家合作
69c345a5000000001a024553,CoosRetro,https://sns-avatar-qc.xhscdn.com/avatar/seller_6a15461bf4db62000150a176?imageView2/2/w/80/format/jpg,穿搭,https://www.xiaohongshu.com/explore/68a6f57a000000001c034c0a?xsec_token=ABnZxM2w7nq4DHti5bYe0nWE27qn2PdNAjNgKsm-k7QmE=,170,93,46,21,1,330,双门槛全部达标,0.547,0.271,普通低价值博主,转化比值一般，性价比偏低
69c360050000000023020a29,H^,https://sns-avatar-qc.xhscdn.com/avatar/1040g2jo31edmvinkh2005oqpbokmbnd2p72uehg?imageView2/2/w/80/format/jpg,穿搭,https://www.xiaohongshu.com/explore/68a6f57a000000001c034c0a?xsec_token=ABnZxM2w7nq4DHti5bYe0nWJQPfXUfc6nDMZFe4fCNbVU=,9446,3051,168,311,1,12976,双门槛全部达标,0.323,0.018,高收藏带货型,优先复投，适合挂车、引导搜索转化，深度年框/独家合作
69c374dc0000000023022e37,子秋,https://sns-avatar-qc.xhscdn.com/avatar/1040g2jo31a5ptm6dni004bv0fpo5p5544f8kbs0?imageView2/2/w/80/format/jpg,穿搭,https://www.xiaohongshu.com/explore/68a6f57a000000001c034c0a?xsec_token=ABnZxM2w7nq4DHti5bYe0nWEMmNFG5kfULAbOrXvezt38=,7045,1004,214,515,1,8778,双门槛全部达标,0.143,0.03,普通低价值博主,转化比值一般，性价比偏低
69c3a181000000001d01f794,LIT LIGHT 里奈拾光,https://sns-avatar-qc.xhscdn.com/avatar/62e0f594d26d9f0001f14d86.jpg?imageView2/2/w/80/format/jpg,穿搭,https://www.xiaohongshu.com/explore/68a6f57a000000001c034c0a?xsec_token=ABnZxM2w7nq4DHti5bYe0nWIOlsinLMlpVzAxlqhC5rWI=,190,164,1,39,1,394,双门槛全部达标,0.863,0.005,高收藏带货型,优先复投，适合挂车、引导搜索转化，深度年框/独家合作
69c400b80000000023026f52,喜欢开心果,https://sns-avatar-qc.xhscdn.com/avatar/1040g2jo31sbu2p5u58005pgtclbgu8ft9ag2sc0?imageView2/2/w/80/format/jpg,穿搭,https://www.xiaohongshu.com/explore/68a6f57a000000001c034c0a?xsec_token=ABWd6zqSg1re5X6OsRjaFmijDxfVuWLj0-mxsumEXd0Z4=,27,10,0,1,1,38,总互动不足100,0.37,0.0,普通低价值博主,总互动仅38，流量薄弱，不建议投放
69c51c3a000000001d019131,草鱼爱吃鱼zzz,https://sns-avatar-qc.xhscdn.com/avatar/63fd99cbfca3d98c0e1c0825.jpg?imageView2/2/w/80/format/jpg,穿搭,https://www.xiaohongshu.com/explore/68a6f57a000000001c034c0a?xsec_token=ABS0o_QAN9ZbXTjZsIfnLooXaefNNay57dtrdeqZBRGFM=,38111,14810,258,860,1,54039,双门槛全部达标,0.389,0.007,高收藏带货型,优先复投，适合挂车、引导搜索转化，深度年框/独家合作
69c5e7cb000000001f00720f,柒柒宝藏屋,https://sns-avatar-qc.xhscdn.com/avatar/641f9dbe257af9e276b38504.jpg?imageView2/2/w/80/format/jpg,穿搭,https://www.xiaohongshu.com/explore/68a6f57a000000001c034c0a?xsec_token=ABS0o_QAN9ZbXTjZsIfnLooe8bFUtfeH4APrc6mgQBqVY=,7,2,10,2,1,21,总互动不足100,0.286,1.429,普通低价值博主,总互动仅21，流量薄弱，不建议投放
69c6644c000000002202889e,妍儿穿搭酱🍒,https://sns-avatar-qc.xhscdn.com/avatar/5e401cc9bcad070001e1bd4a.jpg?imageView2/2/w/80/format/jpg,穿搭,https://www.xiaohongshu.com/explore/68a6f57a000000001c034c0a?xsec_token=AB8c-kOO1cPXyCJggQQ6eA49646G_ijNhV0IH3ch0RMns=,2786,1096,37,471,1,4390,双门槛全部达标,0.393,0.013,高收藏带货型,优先复投，适合挂车、引导搜索转化，深度年框/独家合作
69c67644000000001a02c007,我是小鱼,https://sns-avatar-qc.xhscdn.com/avatar/seller_697d4ffc609df50001ca0844?imageView2/2/w/80/format/jpg,穿搭,https://www.xiaohongshu.com/explore/68a6f57a000000001c034c0a?xsec_token=AB8c-kOO1cPXyCJggQQ6eA41WuIBzJ9xqbzk-T10X4Dn8=,666,209,38,31,1,944,双门槛全部达标,0.314,0.057,高收藏带货型,优先复投，适合挂车、引导搜索转化，深度年框/独家合作
69c7a0ca0000000021011c56,SheWins,https://sns-avatar-qc.xhscdn.com/avatar/1040g2jo31t4jjenbm8105p9km9vgrtl00vg3hfo?imageView2/2/w/80/format/jpg,穿搭,https://www.xiaohongshu.com/explore/68a6f57a000000001c034c0a?xsec_token=ABEttW8D5JmL-0d4Gif17Y-UAJjpx-AwNtt3_HKHlsC1Q=,2751,1114,6,90,1,3961,双门槛全部达标,0.405,0.002,高收藏带货型,优先复投，适合挂车、引导搜索转化，深度年框/独家合作
69c7d44b000000001a020392,马登福叔,https://sns-avatar-qc.xhscdn.com/avatar/60cac178d2c53d000110ca4c.jpg?imageView2/2/w/80/format/jpg,穿搭,https://www.xiaohongshu.com/explore/68a6f57a000000001c034c0a?xsec_token=ABEttW8D5JmL-0d4Gif17Y-dLmdoHMWs20XeV-AEEKZJY=,216,150,21,23,1,410,双门槛全部达标,0.694,0.097,普通低价值博主,转化比值一般，性价比偏低
69c8ca230000000023014159,小骨啊骨,https://sns-avatar-qc.xhscdn.com/avatar/1040g2jo31c6njj2f0m0049cg6j7q3kq43b4094g?imageView2/2/w/80/format/jpg,穿搭,https://www.xiaohongshu.com/explore/68a6f57a000000001c034c0a?xsec_token=ABjmzDNQAOny3bTvzUAlfXm1QBozG35sTGoe4pwNPyejY=,23876,17737,643,1399,1,43655,双门槛全部达标,0.743,0.027,高收藏带货型,优先复投，适合挂车、引导搜索转化，深度年框/独家合作
69c906b10000000022027aa1,月月是斯嘉丽,https://sns-avatar-qc.xhscdn.com/avatar/1040g2jo30ue1tchf5g0040la393804092tc8e9g?imageView2/2/w/80/format/jpg,穿搭,https://www.xiaohongshu.com/explore/68a6f57a000000001c034c0a?xsec_token=ABybWDp6xoCSh0ZM6Bc0s9Ero_CeXc-727RK0yE3Idsz0=,25187,25747,549,4816,1,56299,双门槛全部达标,1.022,0.022,高收藏带货型,优先复投，适合挂车、引导搜索转化，深度年框/独家合作
69c90daa000000001a0355ee,打工人通勤穿搭,https://sns-avatar-qc.xhscdn.com/avatar/1040g2jo31tqdb5is78605p4j0hu7osv63hh6d3o?imageView2/2/w/80/format/jpg,穿搭,https://www.xiaohongshu.com/explore/68a6f57a000000001c034c0a?xsec_token=ABybWDp6xoCSh0ZM6Bc0s9Ep8_1x9o2wZMW4l502CD448=,70,40,0,60,1,170,双门槛全部达标,0.571,0.0,高收藏带货型,优先复投，适合挂车、引导搜索转化，深度年框/独家合作
69c91b57000000001d01abde,池三也,https://sns-avatar-qc.xhscdn.com/avatar/62a9e1ef007b00f05fc39a98.jpg?imageView2/2/w/80/format/jpg,穿搭,https://www.xiaohongshu.com/explore/68a6f57a000000001c034c0a?xsec_token=ABybWDp6xoCSh0ZM6Bc0s9ErrSn2vjdQN6DvAc2LL5u7I=,194,49,17,6,1,266,双门槛全部达标,0.253,0.088,普通低价值博主,转化比值一般，性价比偏低
69ca34170000000023022b3a,请您不要偷偷看我,https://sns-avatar-qc.xhscdn.com/avatar/62de3c02fad9d71e3c601836.jpg?imageView2/2/w/80/format/jpg,穿搭,https://www.xiaohongshu.com/explore/68a6f57a000000001c034c0a?xsec_token=ABL0ZOAiRO7skS6jpcI-0kr1rgm13kBi6Cm00vKvYnt4s=,683,259,15,107,1,1064,双门槛全部达标,0.379,0.022,高收藏带货型,优先复投，适合挂车、引导搜索转化，深度年框/独家合作
69ca4a3e000000001d01c4f1,啦啦酱 原创设计,https://sns-avatar-qc.xhscdn.com/avatar/1040g2jo31tc97gkv5e005nj1nh3g94aij40h750?imageView2/2/w/80/format/jpg,穿搭,https://www.xiaohongshu.com/explore/68a6f57a000000001c034c0a?xsec_token=ABL0ZOAiRO7skS6jpcI-0kr3rEwN3lK127qk_sMAF5nCw=,16284,6678,49,809,1,23820,双门槛全部达标,0.41,0.003,高收藏带货型,优先复投，适合挂车、引导搜索转化，深度年框/独家合作
69caaec2000000002202a8fc,CHOR穿搭灵感,https://sns-avatar-qc.xhscdn.com/avatar/1040g2jo31in035juhc005peo5eph3p4ubauq9c8?imageView2/2/w/80/format/jpg,穿搭,https://www.xiaohongshu.com/explore/68a6f57a000000001c034c0a?xsec_token=ABL0ZOAiRO7skS6jpcI-0kr07CNL9_Kqri3kW26MWXnmo=,2400,1248,29,488,1,4165,双门槛全部达标,0.52,0.012,高收藏带货型,优先复投，适合挂车、引导搜索转化，深度年框/独家合作
69cb6bb300000000230135f0,老王的衣橱,https://sns-avatar-qc.xhscdn.com/avatar/1040g2jo31s4c0cs956005q9pdvrttipbr49bo6o?imageView2/2/w/80/format/jpg,穿搭,https://www.xiaohongshu.com/explore/68a6f57a000000001c034c0a?xsec_token=ABQcvt717ZcJUDilvwsKaf8f96rXU_IPmUTnC_FDA1QhY=,112,33,0,30,1,175,双门槛全部达标,0.295,0.0,普通低价值博主,转化比值一般，性价比偏低
69cbc07e000000001a03405a,甜辣小笼包,https://sns-avatar-qc.xhscdn.com/avatar/1040g2jo30n7t7j2a5c005obh7jf0jt4iibsrag0?imageView2/2/w/80/format/jpg,穿搭,https://www.xiaohongshu.com/explore/68a6f57a000000001c034c0a?xsec_token=ABQcvt717ZcJUDilvwsKaf8YQzWNZJM0j6pA46MpysxOo=,942,276,24,71,1,1313,双门槛全部达标,0.293,0.025,普通低价值博主,转化比值一般，性价比偏低
69cca678000000001d01be50,Fuuuu,https://sns-avatar-qc.xhscdn.com/avatar/1040g2jo30ujhkutl5i004bki58kv5u91s579ug0?imageView2/2/w/80/format/jpg,穿搭,https://www.xiaohongshu.com/explore/68a6f57a000000001c034c0a?xsec_token=AB90J4xlF1MpH16gabBQfInfnNc3cc9SeVIkd-hvgduPA=,6606,3000,353,510,1,10469,双门槛全部达标,0.454,0.053,高收藏带货型,优先复投，适合挂车、引导搜索转化，深度年框/独家合作
69ccdd250000000022025a7c,崔成浩,https://sns-avatar-qc.xhscdn.com/avatar/1040g2jo31ubdo7l32gd05phh5ss0u0sr57tea8o?imageView2/2/w/80/format/jpg,穿搭,https://www.xiaohongshu.com/explore/68a6f57a000000001c034c0a?xsec_token=AB90J4xlF1MpH16gabBQfInXp6UJnvMs7VysQzk5gMJdo=,611,351,63,168,1,1193,双门槛全部达标,0.574,0.103,普通低价值博主,转化比值一般，性价比偏低
69cd11b1000000002202679c,禾一,https://sns-avatar-qc.xhscdn.com/avatar/661ece59f54d719b1e8a5886.jpg?imageView2/2/w/80/format/jpg,穿搭,https://www.xiaohongshu.com/explore/68a6f57a000000001c034c0a?xsec_token=ABC4A-Vm3JNdCKqp-QrYhIzRe3-mZmZd03rMPslRK2p5U=,6155,2078,61,276,1,8570,双门槛全部达标,0.338,0.01,高收藏带货型,优先复投，适合挂车、引导搜索转化，深度年框/独家合作
69cdf061000000001d0192e4,小泰酱ovo,https://sns-avatar-qc.xhscdn.com/avatar/5e6015edb8b7b00001766cb4.jpg?imageView2/2/w/80/format/jpg,穿搭,https://www.xiaohongshu.com/explore/68a6f57a000000001c034c0a?xsec_token=ABC4A-Vm3JNdCKqp-QrYhIzcyvDlfmDrtH5RbpxOB8uO8=,1878,617,48,180,1,2723,双门槛全部达标,0.329,0.026,高收藏带货型,优先复投，适合挂车、引导搜索转化，深度年框/独家合作
69ce0d41000000002200c726,LIT LIGHT 里奈拾光,https://sns-avatar-qc.xhscdn.com/avatar/62e0f594d26d9f0001f14d86.jpg?imageView2/2/w/80/format/jpg,穿搭,https://www.xiaohongshu.com/explore/68a6f57a000000001c034c0a?xsec_token=ABq61rKHVjXSbNGJk5U_cnUibqWAuHYoGMB6en5IbsgFc=,14,9,4,1,1,28,总互动不足100,0.643,0.286,普通低价值博主,总互动仅28，流量薄弱，不建议投放
69ce3378000000001a024259,东瓜嘀嘀,https://sns-avatar-qc.xhscdn.com/avatar/5a03abf4b46c5d17c1e1e1b7.jpg?imageView2/2/w/80/format/jpg,穿搭,https://www.xiaohongshu.com/explore/68a6f57a000000001c034c0a?xsec_token=ABq61rKHVjXSbNGJk5U_cnUgXi7myBFyvU6OBxZUH4VZI=,18350,2968,389,1182,1,22889,双门槛全部达标,0.162,0.021,普通低价值博主,转化比值一般，性价比偏低
69ce4792000000002200ec3d,Aabbi,https://sns-avatar-qc.xhscdn.com/avatar/1040g2jo322ac7bvr6u004a2v84rh2lr4ffk4luo?imageView2/2/w/80/format/jpg,穿搭,https://www.xiaohongshu.com/explore/68a6f57a000000001c034c0a?xsec_token=ABq61rKHVjXSbNGJk5U_cnUm8xk22g4dvGDtSXY5jCna8=,4209,624,127,417,1,5377,双门槛全部达标,0.148,0.03,普通低价值博主,转化比值一般，性价比偏低
69cf6630000000001a02fca6,我不是拼豆神,https://sns-avatar-qc.xhscdn.com/avatar/1040g2jo31olir9pg066g5p59gbu7501hnb16nmo?imageView2/2/w/80/format/jpg,穿搭,https://www.xiaohongshu.com/explore/68a6f57a000000001c034c0a?xsec_token=ABbabrxqlZN2pj9EAfgJlI-E9ayGMS5tICvubPBvv2Gck=,874,319,91,67,1,1351,双门槛全部达标,0.365,0.104,普通低价值博主,转化比值一般，性价比偏低
69cf7e9d000000002301cd8e,大大奇呱嗒呱嗒,https://sns-avatar-qc.xhscdn.com/avatar/636c6c595855188c6e0b6349.jpg?imageView2/2/w/80/format/jpg,穿搭,https://www.xiaohongshu.com/explore/68a6f57a000000001c034c0a?xsec_token=ABbabrxqlZN2pj9EAfgJlI-P2jA8WlHtIjkBnpdz1s1iM=,743,734,18,110,1,1605,双门槛全部达标,0.988,0.024,高收藏带货型,优先复投，适合挂车、引导搜索转化，深度年框/独家合作
69cfa238000000001e00c0a9,Orense Man,https://sns-avatar-qc.xhscdn.com/avatar/1040g2jo31g0rcpffgi0g5pv3sbq3i0ka6hctn0o?imageView2/2/w/80/format/jpg,穿搭,https://www.xiaohongshu.com/explore/68a6f57a000000001c034c0a?xsec_token=ABbabrxqlZN2pj9EAfgJlI-KRELAVpjL0cahZdgOmm7nM=,414,325,39,172,1,950,双门槛全部达标,0.785,0.094,普通低价值博主,转化比值一般，性价比偏低
69d0c75b000000001b0039b7,花生酥k5k,https://sns-avatar-qc.xhscdn.com/avatar/6458d54ca4beb89eeeaa150c.jpg?imageView2/2/w/80/format/jpg,穿搭,https://www.xiaohongshu.com/explore/68a6f57a000000001c034c0a?xsec_token=AB4xtKtiHRHFGAQ5zyJDEQWBQYtOAsX5UktYSIshnCiDg=,7053,2349,179,574,1,10155,双门槛全部达标,0.333,0.025,高收藏带货型,优先复投，适合挂车、引导搜索转化，深度年框/独家合作
69d0d334000000001a035264,Liny01,https://sns-avatar-qc.xhscdn.com/avatar/1040g2jo31u71om74ig005n7rrdc5nj1t3j1m9ko?imageView2/2/w/80/format/jpg,穿搭,https://www.xiaohongshu.com/explore/68a6f57a000000001c034c0a?xsec_token=AB4xtKtiHRHFGAQ5zyJDEQWL583_o-wr7NMm1W4BdKhs0=,809,271,58,302,1,1440,双门槛全部达标,0.335,0.072,高收藏带货型,优先复投，适合挂车、引导搜索转化，深度年框/独家合作
69d11fcb000000001a03040b,千邪月姬,https://sns-avatar-qc.xhscdn.com/avatar/5f323878000000000100a989.jpg?imageView2/2/w/80/format/jpg,穿搭,https://www.xiaohongshu.com/explore/68a6f57a000000001c034c0a?xsec_token=ABgudcSyoIZpG5PHL7VJPR5ZQPZdNqKzfOpKkmR6JWKyc=,13367,3184,234,579,1,17364,双门槛全部达标,0.238,0.018,普通低价值博主,转化比值一般，性价比偏低
69d1d8810000000023006ec4,Ray.,https://sns-avatar-qc.xhscdn.com/avatar/1040g2jo31ue19jhi2a605pdb0ef3bn50qqjiecg?imageView2/2/w/80/format/jpg,穿搭,https://www.xiaohongshu.com/explore/68a6f57a000000001c034c0a?xsec_token=ABgudcSyoIZpG5PHL7VJPR5Z1EHr5ECoVhyzlUZxN-4RA=,276,154,5,231,1,666,双门槛全部达标,0.558,0.018,高收藏带货型,优先复投，适合挂车、引导搜索转化，深度年框/独家合作
69d1fcdd00000000230253d2,小官教你学穿搭,https://sns-avatar-qc.xhscdn.com/avatar/5e436dda1d314d0001e8ba92.jpg?imageView2/2/w/80/format/jpg,穿搭,https://www.xiaohongshu.com/explore/68a6f57a000000001c034c0a?xsec_token=ABgudcSyoIZpG5PHL7VJPR5S5nh86sNqYA41-wepmJ4A4=,71,24,0,18,1,113,双门槛全部达标,0.338,0.0,高收藏带货型,优先复投，适合挂车、引导搜索转化，深度年框/独家合作
69d21799000000001a0342c5,小美淘衣舍,https://sns-avatar-qc.xhscdn.com/avatar/1040g2jo31jtb3iab3q6g5pjenp62ua5hcngrk48?imageView2/2/w/80/format/jpg,穿搭,https://www.xiaohongshu.com/explore/68a6f57a000000001c034c0a?xsec_token=ABrc1Jw2BbDFRbBZ94QVMBjQc0Xung8JxdObhFY9tyE4A=,375,178,11,106,1,670,双门槛全部达标,0.475,0.029,高收藏带货型,优先复投，适合挂车、引导搜索转化，深度年框/独家合作
69d223dd00000000210062de,小珠珠,https://sns-avatar-qc.xhscdn.com/avatar/1040g2jo31mql8jecl80g4blcr3123pgvde6irq8?imageView2/2/w/80/format/jpg,穿搭,https://www.xiaohongshu.com/explore/68a6f57a000000001c034c0a?xsec_token=ABrc1Jw2BbDFRbBZ94QVMBjWov0OhtgYxWbNi08G7xrZw=,3107,1561,264,196,1,5128,双门槛全部达标,0.502,0.085,普通低价值博主,转化比值一般，性价比偏低
69d3754e000000001b020166,朴实无华Emily,https://sns-avatar-qc.xhscdn.com/avatar/1040g2jo31bgs5cqsgu0g48l8udvbdl7pvudjfmg?imageView2/2/w/80/format/jpg,穿搭,https://www.xiaohongshu.com/explore/68a6f57a000000001c034c0a?xsec_token=ABxC7pfsR84QhKaE4k6jIfhbiga6FRgCq-6iykikPFVBs=,268,88,69,64,1,489,双门槛全部达标,0.328,0.257,普通低价值博主,转化比值一般，性价比偏低
69d39bbb000000001f005e57,荔子不聊天,https://sns-avatar-qc.xhscdn.com/avatar/610d5095344d93912564adeb.jpg?imageView2/2/w/80/format/jpg,穿搭,https://www.xiaohongshu.com/explore/68a6f57a000000001c034c0a?xsec_token=ABxC7pfsR84QhKaE4k6jIfhVkx5Nq3AbCF1XkKz_mZyBY=,773,243,29,176,1,1221,双门槛全部达标,0.314,0.038,高收藏带货型,优先复投，适合挂车、引导搜索转化，深度年框/独家合作
69d48b08000000001d01a83e,卡拉娜J穿搭,https://sns-avatar-qc.xhscdn.com/avatar/63720f1fcda29600018a7d4a.jpg?imageView2/2/w/80/format/jpg,穿搭,https://www.xiaohongshu.com/explore/68a6f57a000000001c034c0a?xsec_token=ABxz_Ugb3fD1_ZCCcL3lVxm7U_OK8QkLpPONxZ7PSCqeo=,728,400,13,43,1,1184,双门槛全部达标,0.549,0.018,高收藏带货型,优先复投，适合挂车、引导搜索转化，深度年框/独家合作
69d4acf90000000020039fc2,小朱的穿搭笔记,https://sns-avatar-qc.xhscdn.com/avatar/638c4a1ee1162837a945c06c.jpg?imageView2/2/w/80/format/jpg,穿搭,https://www.xiaohongshu.com/explore/68a6f57a000000001c034c0a?xsec_token=ABxz_Ugb3fD1_ZCCcL3lVxm3MS9gdUrM02kzsADi-Jx8U=,279,142,1,7,1,429,双门槛全部达标,0.509,0.004,高收藏带货型,优先复投，适合挂车、引导搜索转化，深度年框/独家合作
69d4b626000000001d0184f1,是葡萄啊～,https://sns-avatar-qc.xhscdn.com/avatar/1040g2jo31hf9t2j1j8705podsvone7j236sfe40?imageView2/2/w/80/format/jpg,穿搭,https://www.xiaohongshu.com/explore/68a6f57a000000001c034c0a?xsec_token=ABxz_Ugb3fD1_ZCCcL3lVxm5ZEYsr9SLLmeDEsgqrR-ZA=,1094,759,58,528,1,2439,双门槛全部达标,0.694,0.053,高收藏带货型,优先复投，适合挂车、引导搜索转化，深度年框/独家合作
69d4e7de000000001e00ec94,多多吖～,https://sns-avatar-qc.xhscdn.com/avatar/1040g2jo31tk3s6o6720g48vd3374hq7e2bdsqdg?imageView2/2/w/80/format/jpg,穿搭,https://www.xiaohongshu.com/explore/68a6f57a000000001c034c0a?xsec_token=ABxz_Ugb3fD1_ZCCcL3lVxmwmlNQXZ4ZYVmKlB2Uph38U=,260,112,0,7,1,379,双门槛全部达标,0.431,0.0,高收藏带货型,优先复投，适合挂车、引导搜索转化，深度年框/独家合作
69d5a9e9000000002301d896,向南,https://sns-avatar-qc.xhscdn.com/avatar/1040g2jo319504ukm5a705p1m8di525j6lak4go0?imageView2/2/w/80/format/jpg,穿搭,https://www.xiaohongshu.com/explore/68a6f57a000000001c034c0a?xsec_token=ABvN6qDxa4hDiMDfh9-yqiriHZvFI1juxmC33lBujMml4=,1136,598,13,643,1,2390,双门槛全部达标,0.526,0.011,高收藏带货型,优先复投，适合挂车、引导搜索转化，深度年框/独家合作
69d6462a0000000022001525,Rico,https://sns-avatar-qc.xhscdn.com/avatar/1040g2jo30rgbit3k1c1049li82q3smi5v04vncg?imageView2/2/w/80/format/jpg,穿搭,https://www.xiaohongshu.com/explore/68a6f57a000000001c034c0a?xsec_token=AB4rZY1TKVTvRzkjAAED-bg-lCHl8pESMg26DaNEmphkg=,1201,337,49,92,1,1679,双门槛全部达标,0.281,0.041,普通低价值博主,转化比值一般，性价比偏低
69d6780b00000000200396e5,珈珈加油,https://sns-avatar-qc.xhscdn.com/avatar/1040g2jo31qo55okeno004a50fvilq2c0nq069h0?imageView2/2/w/80/format/jpg,穿搭,https://www.xiaohongshu.com/explore/68a6f57a000000001c034c0a?xsec_token=AB4rZY1TKVTvRzkjAAED-bg6zKkRCHiEQNhY4BIRMtz1o=,900,126,122,61,1,1209,双门槛全部达标,0.14,0.136,普通低价值博主,转化比值一般，性价比偏低
69d78872000000001a02d2bf,贰拾肆日,https://sns-avatar-qc.xhscdn.com/avatar/1040g2jo31tbgt49alm005plqn11ne9fjmgvdps0?imageView2/2/w/80/format/jpg,穿搭,https://www.xiaohongshu.com/explore/68a6f57a000000001c034c0a?xsec_token=ABYHrttUrDaWeQOOuNKUDJqRrfMJmIapdx_7B8GGzLtK4=,1282,682,13,60,1,2037,双门槛全部达标,0.532,0.01,高收藏带货型,优先复投，适合挂车、引导搜索转化，深度年框/独家合作
69d78e12000000001e00e9e3,Heywonc,https://sns-avatar-qc.xhscdn.com/avatar/615b0dc7985e11e33ef53ef6.jpg?imageView2/2/w/80/format/jpg,穿搭,https://www.xiaohongshu.com/explore/68a6f57a000000001c034c0a?xsec_token=ABYHrttUrDaWeQOOuNKUDJqfiC2bsSzrHN8tbHyhiQGS8=,24489,4694,274,1668,2,31125,双门槛全部达标,0.192,0.011,普通低价值博主,转化比值一般，性价比偏低
69d79bff000000001e00f65a,颂颂好脾气,https://sns-avatar-qc.xhscdn.com/avatar/1040g2jo31pgr1rnjig005oo84rnjonm0e5bg4oo?imageView2/2/w/80/format/jpg,穿搭,https://www.xiaohongshu.com/explore/68a6f57a000000001c034c0a?xsec_token=ABYHrttUrDaWeQOOuNKUDJqRgekg_3UEKtT4BUXYfbCoM=,4127,1823,87,145,1,6182,双门槛全部达标,0.442,0.021,高收藏带货型,优先复投，适合挂车、引导搜索转化，深度年框/独家合作
69d9eeb9000000001b022aca,小红书福多,https://sns-avatar-qc.xhscdn.com/avatar/1040g2jo310mjr8f96m005nnu1krg8fbd7qi2dig?imageView2/2/w/80/format/jpg,穿搭,https://www.xiaohongshu.com/explore/68a6f57a000000001c034c0a?xsec_token=ABkd5aC_rmParqxfx0eanHf_9JRwY3lirhROYCTDE9dz0=,14,3,14,1,1,32,总互动不足100,0.214,1.0,普通低价值博主,总互动仅32，流量薄弱，不建议投放
69da1a7e000000001b0015a6,FUYUE赴约本人,https://sns-avatar-qc.xhscdn.com/avatar/60706992d1aebe00012cfb9b.jpg?imageView2/2/w/80/format/jpg,穿搭,https://www.xiaohongshu.com/explore/68a6f57a000000001c034c0a?xsec_token=ABpzgW7keoEFLqVXJTkapBS2GIU5-Qb0_b6lAeb9_RC50=,1407,495,36,110,1,2048,双门槛全部达标,0.352,0.026,高收藏带货型,优先复投，适合挂车、引导搜索转化，深度年框/独家合作
69dafb5c000000001f006dfb,小月🌙,https://sns-avatar-qc.xhscdn.com/avatar/1040g2jo321muceup7u005nqvmif091kv807tvng?imageView2/2/w/80/format/jpg,穿搭,https://www.xiaohongshu.com/explore/68a6f57a000000001c034c0a?xsec_token=ABpzgW7keoEFLqVXJTkapBSzByfsPKLcC-9CNV7uZAp8c=,1057,445,35,286,1,1823,双门槛全部达标,0.421,0.033,高收藏带货型,优先复投，适合挂车、引导搜索转化，深度年框/独家合作
69db16c30000000022003690,鼻涕狗,https://sns-avatar-qc.xhscdn.com/avatar/1040g2jo31abqq0jin20g5nu202n08ain9hbtaj8?imageView2/2/w/80/format/jpg,穿搭,https://www.xiaohongshu.com/explore/68a6f57a000000001c034c0a?xsec_token=AB1Y1m2qKHgnd-rot8zRXlNGjfw4JEMu7mLGEyP0oM9bc=,5402,2752,164,338,1,8656,双门槛全部达标,0.509,0.03,高收藏带货型,优先复投，适合挂车、引导搜索转化，深度年框/独家合作
69db5e07000000001a02f586,小红薯68118BD0,https://sns-avatar-qc.xhscdn.com/avatar/1040g2jo31p07h6d7is005n2gfk74h7d8hqar8bo?imageView2/2/w/80/format/jpg,穿搭,https://www.xiaohongshu.com/explore/68a6f57a000000001c034c0a?xsec_token=AB1Y1m2qKHgnd-rot8zRXlNNlRYKKicdOX5rw14lKmmIg=,984,597,28,1370,1,2979,双门槛全部达标,0.607,0.028,高收藏带货型,优先复投，适合挂车、引导搜索转化，深度年框/独家合作
69dbd31a0000000023015f8a,井井玩,https://sns-avatar-qc.xhscdn.com/avatar/61b30e774fd8210778aa8c70.jpg?imageView2/2/w/80/format/jpg,穿搭,https://www.xiaohongshu.com/explore/68a6f57a000000001c034c0a?xsec_token=AB1Y1m2qKHgnd-rot8zRXlNEATHYN7ioAsgPjcpxF27UE=,2209,1042,33,159,1,3443,双门槛全部达标,0.472,0.015,高收藏带货型,优先复投，适合挂车、引导搜索转化，深度年框/独家合作
69dcaf680000000022025a02,大维尼,https://sns-avatar-qc.xhscdn.com/avatar/1040g2jo31mev52j4l80048bt1g7ur53f7mks438?imageView2/2/w/80/format/jpg,穿搭,https://www.xiaohongshu.com/explore/68a6f57a000000001c034c0a?xsec_token=ABsatkj1T_DOCUTJE4saJViTqxDG_EqAkPVTXRk3oVeW4=,1462,664,28,47,1,2201,双门槛全部达标,0.454,0.019,高收藏带货型,优先复投，适合挂车、引导搜索转化，深度年框/独家合作
69dcbabc0000000023026e51,小R同学,https://sns-avatar-qc.xhscdn.com/avatar/1040g2jo30p46lkkj3s005ondrv67qom63nt1f9o?imageView2/2/w/80/format/jpg,穿搭,https://www.xiaohongshu.com/explore/68a6f57a000000001c034c0a?xsec_token=ABsatkj1T_DOCUTJE4saJVic1YyhCUnhF3WsPsOTOh_8g=,620,226,34,257,1,1137,双门槛全部达标,0.365,0.055,高收藏带货型,优先复投，适合挂车、引导搜索转化，深度年框/独家合作
69dcc2cb000000002003be10,小野要早睡,https://sns-avatar-qc.xhscdn.com/avatar/66c84ff068c7f3d94e432257.jpg?imageView2/2/w/80/format/jpg,穿搭,https://www.xiaohongshu.com/explore/68a6f57a000000001c034c0a?xsec_token=ABsatkj1T_DOCUTJE4saJViTxEaLTr6yesDFNg_A3M9eI=,1265,719,53,914,1,2951,双门槛全部达标,0.568,0.042,高收藏带货型,优先复投，适合挂车、引导搜索转化，深度年框/独家合作
69dd071f000000002302792c,浅小浅,https://sns-avatar-qc.xhscdn.com/avatar/1040g2jo31ui061j5is5g5peu5ab3chav0dub3f0?imageView2/2/w/80/format/jpg,穿搭,https://www.xiaohongshu.com/explore/68a6f57a000000001c034c0a?xsec_token=AB6YFAaGG9uO827bqFSRl1smJwWmMXKl9TT1pUff_WUfE=,336,152,9,129,1,626,双门槛全部达标,0.452,0.027,高收藏带货型,优先复投，适合挂车、引导搜索转化，深度年框/独家合作
69dd11a400000000230266a6,LIT LIGHT 里奈拾光,https://sns-avatar-qc.xhscdn.com/avatar/62e0f594d26d9f0001f14d86.jpg?imageView2/2/w/80/format/jpg,穿搭,https://www.xiaohongshu.com/explore/68a6f57a000000001c034c0a?xsec_token=AB6YFAaGG9uO827bqFSRl1stjGqdQvnQSvQoS-3O787vw=,6,8,3,1,1,18,总互动不足100,1.333,0.5,普通低价值博主,总互动仅18，流量薄弱，不建议投放
69ddd0e6000000001d01c5c9,是温温温呀,https://sns-avatar-qc.xhscdn.com/avatar/1040g2jo31meq58ndks005pabca6grqgr5jb21fo?imageView2/2/w/80/format/jpg,穿搭,https://www.xiaohongshu.com/explore/68a6f57a000000001c034c0a?xsec_token=AB6YFAaGG9uO827bqFSRl1suVsciunevOhmZdCVpk2FpM=,8675,3544,222,1244,1,13685,双门槛全部达标,0.409,0.026,高收藏带货型,优先复投，适合挂车、引导搜索转化，深度年框/独家合作
69de129b000000001a035c44,穗穗念,https://sns-avatar-qc.xhscdn.com/avatar/1040g2jo31id39mgkg2004butapi96hh21i8fee0?imageView2/2/w/80/format/jpg,穿搭,https://www.xiaohongshu.com/explore/68a6f57a000000001c034c0a?xsec_token=ABnCZ7LI9mrAuEGcHARKkGVvurVyDjlllcOQ67-hqvEL0=,4524,1169,246,102,1,6041,双门槛全部达标,0.258,0.054,普通低价值博主,转化比值一般，性价比偏低
69de3445000000001a03506f,妍儿穿搭酱🍒,https://sns-avatar-qc.xhscdn.com/avatar/5e401cc9bcad070001e1bd4a.jpg?imageView2/2/w/80/format/jpg,穿搭,https://www.xiaohongshu.com/explore/68a6f57a000000001c034c0a?xsec_token=ABnCZ7LI9mrAuEGcHARKkGVkv1hgqhE__xBA_6BJzp3Fc=,1941,741,89,279,1,3050,双门槛全部达标,0.382,0.046,高收藏带货型,优先复投，适合挂车、引导搜索转化，深度年框/独家合作
69de5891000000001a027eba,後山HAUSAN,https://sns-avatar-qc.xhscdn.com/avatar/1040g2jo31pe5e4sn2s005p7jvbqh89ngrdane2o?imageView2/2/w/80/format/jpg,穿搭,https://www.xiaohongshu.com/explore/68a6f57a000000001c034c0a?xsec_token=ABnCZ7LI9mrAuEGcHARKkGVhGWSV3zvP9mCImyM3BQ4Kg=,292,257,36,86,1,671,双门槛全部达标,0.88,0.123,普通低价值博主,转化比值一般，性价比偏低
69de8e4d000000001a02b3dd,DD_：,https://sns-avatar-qc.xhscdn.com/avatar/1040g2jo31kr6798oio005prnh4e63l37beu1hoo?imageView2/2/w/80/format/jpg,穿搭,https://www.xiaohongshu.com/explore/68a6f57a000000001c034c0a?xsec_token=ABnCZ7LI9mrAuEGcHARKkGVk_xGYxFq0-gb6s_Xm9_vL8=,221,74,3,60,1,358,双门槛全部达标,0.335,0.014,高收藏带货型,优先复投，适合挂车、引导搜索转化，深度年框/独家合作
69defbc0000000001f007522,miko酱ww,https://sns-avatar-qc.xhscdn.com/avatar/1040g2jo31h0u4f5ljs005okcdv2od9o8514t9r8?imageView2/2/w/80/format/jpg,穿搭,https://www.xiaohongshu.com/explore/68a6f57a000000001c034c0a?xsec_token=ABnCZ7LI9mrAuEGcHARKkGVlgUDlRobzYosrGDP0ciytU=,2560,800,30,68,1,3458,双门槛全部达标,0.312,0.012,高收藏带货型,优先复投，适合挂车、引导搜索转化，深度年框/独家合作
69dfa8ef000000001b002b73,LIT LIGHT 里奈拾光,https://sns-avatar-qc.xhscdn.com/avatar/62e0f594d26d9f0001f14d86.jpg?imageView2/2/w/80/format/jpg,穿搭,https://www.xiaohongshu.com/explore/68a6f57a000000001c034c0a?xsec_token=AB7pQDAAVYFU6Kg_fBuom60uBmjQoMfEd78EWQ1BYyY6E=,1,1,2,0,1,4,总互动不足100,1.0,2.0,普通低价值博主,总互动仅4，流量薄弱，不建议投放
69dfa9300000000023005a25,小台,https://sns-avatar-qc.xhscdn.com/avatar/1040g2jo30ur4b79a5c005njiutog8grimr38eh0?imageView2/2/w/80/format/jpg,穿搭,https://www.xiaohongshu.com/explore/68a6f57a000000001c034c0a?xsec_token=AB7pQDAAVYFU6Kg_fBuom60voNhfCrTtUpXROIY1EpZsc=,1983,1028,70,84,1,3165,双门槛全部达标,0.518,0.035,高收藏带货型,优先复投，适合挂车、引导搜索转化，深度年框/独家合作
69e039320000000022024792,无限Young,https://sns-avatar-qc.xhscdn.com/avatar/1040g2jo31virq0m2iq105ons63dkg7i95s1k1s8?imageView2/2/w/80/format/jpg,穿搭,https://www.xiaohongshu.com/explore/68a6f57a000000001c034c0a?xsec_token=ABg8TBacOCq0xsUaOMDtob0SUWsMxwLqzk8CizNpw0U8Y=,111,19,14,6,1,150,双门槛全部达标,0.171,0.126,均衡全能型,品效合一投放，兼顾曝光与商品转化
69e05f46000000002200c0da,_coffee_mm,https://sns-avatar-qc.xhscdn.com/avatar/1040g2jo31i3kpfgp6m005q1nud3ms2digi87a9o?imageView2/2/w/80/format/jpg,穿搭,https://www.xiaohongshu.com/explore/68a6f57a000000001c034c0a?xsec_token=ABg8TBacOCq0xsUaOMDtob0dygxdrEGR510YWMBBkGJ3c=,2144,2014,45,97,1,4300,双门槛全部达标,0.939,0.021,高收藏带货型,优先复投，适合挂车、引导搜索转化，深度年框/独家合作
69e09c500000000021006e5a,chim,https://sns-avatar-qc.xhscdn.com/avatar/1040g2jo316ib0ftn0k0g49p64njafbkrvfusl50?imageView2/2/w/80/format/jpg,穿搭,https://www.xiaohongshu.com/explore/68a6f57a000000001c034c0a?xsec_token=ABg8TBacOCq0xsUaOMDtob0codh7mPXmr3BXbSHv2K1yA=,1692,545,45,67,1,2349,双门槛全部达标,0.322,0.027,高收藏带货型,优先复投，适合挂车、引导搜索转化，深度年框/独家合作
69e0c639000000001b023900,巴啦啦小汤汤,https://sns-avatar-qc.xhscdn.com/avatar/1040g2jo310tc8ul5mm0g5pf6tnn19vebs0a4c8o?imageView2/2/w/80/format/jpg,穿搭,https://www.xiaohongshu.com/explore/68a6f57a000000001c034c0a?xsec_token=ABg8TBacOCq0xsUaOMDtob0fRaNChiBg0wIQ88Uw4m6rA=,108622,36664,400,1709,1,147395,双门槛全部达标,0.338,0.004,高收藏带货型,优先复投，适合挂车、引导搜索转化，深度年框/独家合作
69e1a63f000000001a02fff2,鲜虾脆片儿,https://sns-avatar-qc.xhscdn.com/avatar/1040g2jo317pbrlvpka0g5n548dplvba35u3pupg?imageView2/2/w/80/format/jpg,穿搭,https://www.xiaohongshu.com/explore/68a6f57a000000001c034c0a?xsec_token=AB-6bY45GCKPnfnzayI0vWjNFXjvrSOAgl8RdOzLUIO1U=,505,241,15,70,1,831,双门槛全部达标,0.477,0.03,高收藏带货型,优先复投，适合挂车、引导搜索转化，深度年框/独家合作
69e1c107000000001a02c306,CCの穿搭日记（持续更新ing...）,https://sns-avatar-qc.xhscdn.com/avatar/1040g2jo31fnqf47a7k0045be44fjs7kso9hc1mg?imageView2/2/w/80/format/jpg,穿搭,https://www.xiaohongshu.com/explore/68a6f57a000000001c034c0a?xsec_token=AB-6bY45GCKPnfnzayI0vWjH35G0AuDbar-J7Q_xpQiXE=,77,61,0,30,1,168,双门槛全部达标,0.792,0.0,高收藏带货型,优先复投，适合挂车、引导搜索转化，深度年框/独家合作
69e1c775000000002301ecec,suyn筱筱,https://sns-avatar-qc.xhscdn.com/avatar/1040g2jo31gj64plsju004a35rk0ounrlrjkjofg?imageView2/2/w/80/format/jpg,穿搭,https://www.xiaohongshu.com/explore/68a6f57a000000001c034c0a?xsec_token=AB-6bY45GCKPnfnzayI0vWjCBS6nNk6-NuCzLgFWmKGqI=,4532,1076,98,351,1,6057,双门槛全部达标,0.237,0.022,普通低价值博主,转化比值一般，性价比偏低
69e1e70e0000000023022a02,bb95,https://sns-avatar-qc.xhscdn.com/avatar/60e991cb5c6f953b8a6484a2.jpg?imageView2/2/w/80/format/jpg,穿搭,https://www.xiaohongshu.com/explore/68a6f57a000000001c034c0a?xsec_token=AB-6bY45GCKPnfnzayI0vWjIBmkSLzY9591JvHQ23Z4QE=,2328,863,40,97,1,3328,双门槛全部达标,0.371,0.017,高收藏带货型,优先复投，适合挂车、引导搜索转化，深度年框/独家合作
69e1f4900000000022024927,heee_cx,https://sns-avatar-qc.xhscdn.com/avatar/1040g2jo31j47rgdt1c005pdsv463boo7ed4k7t0?imageView2/2/w/80/format/jpg,穿搭,https://www.xiaohongshu.com/explore/68a6f57a000000001c034c0a?xsec_token=AB-6bY45GCKPnfnzayI0vWjIQQnviHqaRS9lAbuesCLug=,731,258,14,56,1,1059,双门槛全部达标,0.353,0.019,高收藏带货型,优先复投，适合挂车、引导搜索转化，深度年框/独家合作
69e238a8000000002200cc26,恩拉,https://sns-avatar-qc.xhscdn.com/avatar/1040g2jo31a8ev5uvmu0g4akufj8mi2sncvl62kg?imageView2/2/w/80/format/jpg,穿搭,https://www.xiaohongshu.com/explore/68a6f57a000000001c034c0a?xsec_token=ABz7Kr8WTIIkLst297mzTLZggw9IToJ1Vf4higV0wobMQ=,991,446,2,76,1,1515,双门槛全部达标,0.45,0.002,高收藏带货型,优先复投，适合挂车、引导搜索转化，深度年框/独家合作
69e3271e00000000210114dc,正在舒入,https://sns-avatar-qc.xhscdn.com/avatar/1040g2jo321936vjfnu005nff58cg8da9q88iv0o?imageView2/2/w/80/format/jpg,穿搭,https://www.xiaohongshu.com/explore/68a6f57a000000001c034c0a?xsec_token=ABeIxyQY9JMSxIUR7SfQhvrmMgbtTnhF-wBeq7_ljLjwY=,357,110,22,36,1,525,双门槛全部达标,0.308,0.062,高收藏带货型,优先复投，适合挂车、引导搜索转化，深度年框/独家合作
69e3387b000000001d01e1d5,光月定大青蛙,https://sns-avatar-qc.xhscdn.com/avatar/1000g2jo2k95a53kj406g4a5646mojbltkel15po?imageView2/2/w/80/format/jpg,穿搭,https://www.xiaohongshu.com/explore/68a6f57a000000001c034c0a?xsec_token=ABeIxyQY9JMSxIUR7SfQhvroLEej6Y2d_YTNEHgP2QD9Q=,43248,12382,644,1916,2,58190,双门槛全部达标,0.286,0.015,普通低价值博主,转化比值一般，性价比偏低
69e33ae2000000001f0008f7,人偶的穿搭日常,https://sns-avatar-qc.xhscdn.com/avatar/63161d7af3ccddcb2f0fe848.jpg?imageView2/2/w/80/format/jpg,穿搭,https://www.xiaohongshu.com/explore/68a6f57a000000001c034c0a?xsec_token=ABeIxyQY9JMSxIUR7SfQhvrvQRb6blulJRCuSNer1S7Pw=,189,96,0,10,1,295,双门槛全部达标,0.508,0.0,高收藏带货型,优先复投，适合挂车、引导搜索转化，深度年框/独家合作
69e352bd0000000022001c3e,悠悠yoyou,https://sns-avatar-qc.xhscdn.com/avatar/1040g2jo31td26m3ils005nfkdjs08eot168ed70?imageView2/2/w/80/format/jpg,穿搭,https://www.xiaohongshu.com/explore/68a6f57a000000001c034c0a?xsec_token=ABeIxyQY9JMSxIUR7SfQhvrvpxaVdK21Nu093slUF6R48=,193,40,2,11,1,246,双门槛全部达标,0.207,0.01,普通低价值博主,转化比值一般，性价比偏低
69e35c520000000023027ca0,阿布dulla,https://sns-avatar-qc.xhscdn.com/avatar/1040g2jo31lc2s9p9kq005opf3k9ovd9jki22r3o?imageView2/2/w/80/format/jpg,穿搭,https://www.xiaohongshu.com/explore/68a6f57a000000001c034c0a?xsec_token=ABeIxyQY9JMSxIUR7SfQhvrotUZG1WVeFjS5oKMjjN2gg=,10139,1720,117,294,1,12270,双门槛全部达标,0.17,0.012,普通低价值博主,转化比值一般，性价比偏低
69e377a7000000001b001ac6,就叫小徐吧,https://sns-avatar-qc.xhscdn.com/avatar/1040g2jo31cgmblb7h65g5oh61aqoc8lrvrdfpbo?imageView2/2/w/80/format/jpg,穿搭,https://www.xiaohongshu.com/explore/68a6f57a000000001c034c0a?xsec_token=ABeIxyQY9JMSxIUR7SfQhvrovpYkb_6NidBkqViPmwtfs=,1034,471,99,371,1,1975,双门槛全部达标,0.456,0.096,普通低价值博主,转化比值一般，性价比偏低
69e395a8000000001a023818,苏格酱Style,https://sns-avatar-qc.xhscdn.com/avatar/5bc23d8ce5cde10001392aa2.jpg?imageView2/2/w/80/format/jpg,穿搭,https://www.xiaohongshu.com/explore/68a6f57a000000001c034c0a?xsec_token=ABeIxyQY9JMSxIUR7SfQhvrlFnkWfbtf8oEnKS6xzZiwE=,8011,5514,548,878,1,14951,双门槛全部达标,0.688,0.068,高收藏带货型,优先复投，适合挂车、引导搜索转化，深度年框/独家合作
69e481e6000000002101289a,胤胤妈,https://sns-avatar-qc.xhscdn.com/avatar/1040g2jo31lrq4j9hl8005ng07e508qplij0t2m8?imageView2/2/w/80/format/jpg,穿搭,https://www.xiaohongshu.com/explore/68a6f57a000000001c034c0a?xsec_token=AB7gnML7UV8GN2BOpOIaMCUrnKiiUcf_B1vcTvqAqRQfs=,122,16,30,4,1,172,双门槛全部达标,0.131,0.246,高讨论声量型,新品造势、品牌话题引爆，不适合直接带货转化
69e4ccfa000000001d01b2dc,久菜和子,https://sns-avatar-qc.xhscdn.com/avatar/60f41a45f5e4ea508edd8a0b.jpg?imageView2/2/w/80/format/jpg,穿搭,https://www.xiaohongshu.com/explore/68a6f57a000000001c034c0a?xsec_token=AB7gnML7UV8GN2BOpOIaMCUhFcAHS-EhGX__ZLN0DKuJM=,2793,863,122,404,1,4182,双门槛全部达标,0.309,0.044,高收藏带货型,优先复投，适合挂车、引导搜索转化，深度年框/独家合作
69e5d63700000000210070fd,SEEALSO 服饰,https://sns-avatar-qc.xhscdn.com/avatar/1040g2jo31eemh6uk0u005pllpc07ebfhltun4k0?imageView2/2/w/80/format/jpg,穿搭,https://www.xiaohongshu.com/explore/68a6f57a000000001c034c0a?xsec_token=ABfVmSAHEWZOLDOyPsGqCwYQLUFfqFDe__PnGcCA_97Gg=,7,3,0,4,1,14,总互动不足100,0.429,0.0,普通低价值博主,总互动仅14，流量薄弱，不建议投放
69e6226a0000000021011e56,chenxihe-,https://sns-avatar-qc.xhscdn.com/avatar/1040g2jo30q33igmnnc0g5onu78vkg4jln34bqrg?imageView2/2/w/80/format/jpg,穿搭,https://www.xiaohongshu.com/explore/68a6f57a000000001c034c0a?xsec_token=ABc-VPmAnCB4USk9pk-ISzZtXMll4QTHyEC9mW8IJHzRI=,2071,688,141,214,1,3114,双门槛全部达标,0.332,0.068,高收藏带货型,优先复投，适合挂车、引导搜索转化，深度年框/独家合作
69e64ada00000000200397f4,Veyra Collective,https://sns-avatar-qc.xhscdn.com/avatar/67bc5ead9109f60001669b39.jpg?imageView2/2/w/80/format/jpg,穿搭,https://www.xiaohongshu.com/explore/68a6f57a000000001c034c0a?xsec_token=ABc-VPmAnCB4USk9pk-ISzZqBi6xjtt9yZFJ9Gmn0anuY=,1032,505,25,520,1,2082,双门槛全部达标,0.489,0.024,高收藏带货型,优先复投，适合挂车、引导搜索转化，深度年框/独家合作
69e70b9c00000000230159c2,序言XUYAN,https://sns-avatar-qc.xhscdn.com/avatar/1040g2jo31v9oogam2ae05pobpls7c0k7s4jusc8?imageView2/2/w/80/format/jpg,穿搭,https://www.xiaohongshu.com/explore/68a6f57a000000001c034c0a?xsec_token=ABJxzYZM8wxibuZ9sj_5bdjMFys8W6lc5fludNfk7WZU4=,48,9,2,4,1,63,总互动不足100,0.188,0.042,普通低价值博主,总互动仅63，流量薄弱，不建议投放
69e71cd40000000022002af4,漫颜刘,https://sns-avatar-qc.xhscdn.com/avatar/5f23c9388aad0e00010d51f5.jpg?imageView2/2/w/80/format/jpg,穿搭,https://www.xiaohongshu.com/explore/68a6f57a000000001c034c0a?xsec_token=ABJxzYZM8wxibuZ9sj_5bdjDLS_oS9NR5PUtZBEEmWRk4=,3601,5317,73,2208,1,11199,双门槛全部达标,1.477,0.02,高收藏带货型,优先复投，适合挂车、引导搜索转化，深度年框/独家合作
69e740da0000000023024c08,焦糖小莎包,https://sns-avatar-qc.xhscdn.com/avatar/1040g2jo30vfbg6h460005o96cigg81peieamlfg?imageView2/2/w/80/format/jpg,穿搭,https://www.xiaohongshu.com/explore/68a6f57a000000001c034c0a?xsec_token=ABJxzYZM8wxibuZ9sj_5bdjCvFmAi7UnjtuqbmKlCM6wA=,3329,2007,188,300,1,5824,双门槛全部达标,0.603,0.056,高收藏带货型,优先复投，适合挂车、引导搜索转化，深度年框/独家合作
69e75a68000000001a032302,雪雪搭子户外,https://sns-avatar-qc.xhscdn.com/avatar/a4d6df98-a58a-361a-9afe-ca969fe07b8f?imageView2/2/w/80/format/jpg,穿搭,https://www.xiaohongshu.com/explore/68a6f57a000000001c034c0a?xsec_token=ABJxzYZM8wxibuZ9sj_5bdjNy12BgmAF0nlY7aTlX3m_4=,2273,1364,45,1617,1,5299,双门槛全部达标,0.6,0.02,高收藏带货型,优先复投，适合挂车、引导搜索转化，深度年框/独家合作
69e77011000000001d01bf18,하나 ^*^,https://sns-avatar-qc.xhscdn.com/avatar/1040g2jo31t9igg0m56005q1f7gs2nntrp6qmpeg?imageView2/2/w/80/format/jpg,穿搭,https://www.xiaohongshu.com/explore/68a6f57a000000001c034c0a?xsec_token=ABJxzYZM8wxibuZ9sj_5bdjJd-wjD5RSsDdVQE4SltiV0=,13,5,3,5,1,26,总互动不足100,0.385,0.231,普通低价值博主,总互动仅26，流量薄弱，不建议投放
69e83ccf000000001f002fc7,xxjin金玉洁,https://sns-avatar-qc.xhscdn.com/avatar/1040g2jo31kirstdej2004a00gd8vspis2m33hpg?imageView2/2/w/80/format/jpg,穿搭,https://www.xiaohongshu.com/explore/68a6f57a000000001c034c0a?xsec_token=ABogGELP8C-FLYMUlhEGX1is7ePfZnMZsZU6I8XT69w2o=,4535,859,132,123,1,5649,双门槛全部达标,0.189,0.029,普通低价值博主,转化比值一般，性价比偏低
69e83eb50000000022002679,WEIIEW7082,https://sns-avatar-qc.xhscdn.com/avatar/1040g2jo31m4hh23v66j05q2jfh76r5coe0vd7n8?imageView2/2/w/80/format/jpg,穿搭,https://www.xiaohongshu.com/explore/68a6f57a000000001c034c0a?xsec_token=ABogGELP8C-FLYMUlhEGX1ir6tTD5vhTYbKR2NssMAe-s=,26,7,3,5,1,41,总互动不足100,0.269,0.115,普通低价值博主,总互动仅41，流量薄弱，不建议投放
69e85114000000002102cfbb,Clemmie,https://sns-avatar-qc.xhscdn.com/avatar/1040g2jo31s43v15q5m004a2uueb61hr1gc41f38?imageView2/2/w/80/format/jpg,穿搭,https://www.xiaohongshu.com/explore/68a6f57a000000001c034c0a?xsec_token=ABogGELP8C-FLYMUlhEGX1imOQ_1nLQ9jX_Ts7JT9jGWI=,6878,2048,120,489,1,9535,双门槛全部达标,0.298,0.017,普通低价值博主,转化比值一般，性价比偏低
69e87da3000000001d01bbc9,wwj云步袜语馆,https://sns-avatar-qc.xhscdn.com/avatar/1040g2jo3190tiljlkg6g5pnp6e4nc3saua3ksog?imageView2/2/w/80/format/jpg,穿搭,https://www.xiaohongshu.com/explore/68a6f57a000000001c034c0a?xsec_token=ABogGELP8C-FLYMUlhEGX1ivJ48qnj8s2rHf03oJAT1eg=,0,0,0,0,1,0,总互动不足100,0.0,0.0,普通低价值博主,总互动仅0，流量薄弱，不建议投放
69e896c5000000001a0206b4,小居,https://sns-avatar-qc.xhscdn.com/avatar/1040g2jo313abn8o204005pa5ognhgnfdkfjh95g?imageView2/2/w/80/format/jpg,穿搭,https://www.xiaohongshu.com/explore/68a6f57a000000001c034c0a?xsec_token=ABogGELP8C-FLYMUlhEGX1ir6UyyZjRT8F1PwYdiDCKy0=,3587,1405,118,151,1,5261,双门槛全部达标,0.392,0.033,高收藏带货型,优先复投，适合挂车、引导搜索转化，深度年框/独家合作
69e9bcc10000000019025c00,DanMeE,https://sns-avatar-qc.xhscdn.com/avatar/1040g2jo31vv5fp2cl60g5nnsor60bo1t0hltis0?imageView2/2/w/80/format/jpg,穿搭,https://www.xiaohongshu.com/explore/68a6f57a000000001c034c0a?xsec_token=AB-FMmqngRlUPt92GcZYk24fwG22xsAiemcTkCICwZcJ4=,3476,780,61,404,1,4721,双门槛全部达标,0.224,0.018,普通低价值博主,转化比值一般，性价比偏低
69ea0a920000000012012807,就叫小徐吧,https://sns-avatar-qc.xhscdn.com/avatar/1040g2jo31cgmblb7h65g5oh61aqoc8lrvrdfpbo?imageView2/2/w/80/format/jpg,穿搭,https://www.xiaohongshu.com/explore/68a6f57a000000001c034c0a?xsec_token=ABrXwExhQasYdX7gx0Dlw5cSSj2Z5SJBiU-LkIiGkV118=,21,6,0,14,1,41,总互动不足100,0.286,0.0,普通低价值博主,总互动仅41，流量薄弱，不建议投放
69ea28880000000019032403,不想p,https://sns-avatar-qc.xhscdn.com/avatar/63c68c12d890f354a7c2020a.jpg?imageView2/2/w/80/format/jpg,穿搭,https://www.xiaohongshu.com/explore/68a6f57a000000001c034c0a?xsec_token=ABrXwExhQasYdX7gx0Dlw5cWXH0GmFlmuuZYNjGL_QYzI=,19292,3320,573,2469,1,25654,双门槛全部达标,0.172,0.03,普通低价值博主,转化比值一般，性价比偏低
69ea38200000000012029801,久菜和子,https://sns-avatar-qc.xhscdn.com/avatar/60f41a45f5e4ea508edd8a0b.jpg?imageView2/2/w/80/format/jpg,穿搭,https://www.xiaohongshu.com/explore/68a6f57a000000001c034c0a?xsec_token=ABrXwExhQasYdX7gx0Dlw5cV2cWu1Jk9wVtFcYX1xNTkI=,700,242,29,472,1,1443,双门槛全部达标,0.346,0.041,高收藏带货型,优先复投，适合挂车、引导搜索转化，深度年框/独家合作
69eb2baf000000001f005cf2,Yiiijooo,https://sns-avatar-qc.xhscdn.com/avatar/1040g2jo31d1gofbdgm004a4h4kjsabt7i3lg1g0?imageView2/2/w/80/format/jpg,穿搭,https://www.xiaohongshu.com/explore/68a6f57a000000001c034c0a?xsec_token=AB3xmkKJ126-yfh3vQqqUVCrubCu_7iV_2PvI0vKKMBAo=,12071,8443,52,1165,1,21731,双门槛全部达标,0.699,0.004,高收藏带货型,优先复投，适合挂车、引导搜索转化，深度年框/独家合作
69eb6808000000001a02c513,Go4mi,https://sns-avatar-qc.xhscdn.com/avatar/6220459b5a37a06552bec8f6.jpg?imageView2/2/w/80/format/jpg,穿搭,https://www.xiaohongshu.com/explore/68a6f57a000000001c034c0a?xsec_token=AB3xmkKJ126-yfh3vQqqUVCgj4Sv3BCN-WKvRrorO5NDk=,2949,1132,66,278,1,4425,双门槛全部达标,0.384,0.022,高收藏带货型,优先复投，适合挂车、引导搜索转化，深度年框/独家合作
69eb7055000000003700d6f4,小颖颖家,https://sns-avatar-qc.xhscdn.com/avatar/1040g2jo312u7v6lk5m5g5pdltq7jkn72i4e9218?imageView2/2/w/80/format/jpg,穿搭,https://www.xiaohongshu.com/explore/68a6f57a000000001c034c0a?xsec_token=AB3xmkKJ126-yfh3vQqqUVCkHQQB74t6eIJAs2CMzvTwU=,128,73,15,27,1,243,双门槛全部达标,0.57,0.117,普通低价值博主,转化比值一般，性价比偏低
69eb75f80000000022024e44,锦月姝（限流版）,https://sns-avatar-qc.xhscdn.com/avatar/1040g2jo31ph1i6dh3c6g5oi1pnkk1gs241ou7l8?imageView2/2/w/80/format/jpg,穿搭,https://www.xiaohongshu.com/explore/68a6f57a000000001c034c0a?xsec_token=AB3xmkKJ126-yfh3vQqqUVChQ8gkq9wL1nH9Fch88hMKU=,55,25,2,1,1,83,总互动不足100,0.455,0.036,普通低价值博主,总互动仅83，流量薄弱，不建议投放
69eb78b5000000001a03591d,Rose Fang,https://sns-avatar-qc.xhscdn.com/avatar/1040g2jo31s0ptpevkc0g4a03aeqk30mnmb79fh8?imageView2/2/w/80/format/jpg,穿搭,https://www.xiaohongshu.com/explore/68a6f57a000000001c034c0a?xsec_token=AB3xmkKJ126-yfh3vQqqUVChxguweMwclNLdrLrEnDiI0=,20595,12260,569,924,1,34348,双门槛全部达标,0.595,0.028,高收藏带货型,优先复投，适合挂车、引导搜索转化，深度年框/独家合作
69ebaf98000000001f004b1a,我是小Y,https://sns-avatar-qc.xhscdn.com/avatar/1040g2jo31v6e59sdia004a5smoi0qm9vc6i3r18?imageView2/2/w/80/format/jpg,穿搭,https://www.xiaohongshu.com/explore/68a6f57a000000001c034c0a?xsec_token=AB3xmkKJ126-yfh3vQqqUVClnTi9RAfMefSswgVfBCUAc=,617,235,21,89,1,962,双门槛全部达标,0.381,0.034,高收藏带货型,优先复投，适合挂车、引导搜索转化，深度年框/独家合作
69ebb14e000000002202591b,我是小Y,https://sns-avatar-qc.xhscdn.com/avatar/1040g2jo31v6e59sdia004a5smoi0qm9vc6i3r18?imageView2/2/w/80/format/jpg,穿搭,https://www.xiaohongshu.com/explore/68a6f57a000000001c034c0a?xsec_token=AB3xmkKJ126-yfh3vQqqUVCkurvpKJNImxcVukUtxLcJE=,436,154,71,322,1,983,双门槛全部达标,0.353,0.163,普通低价值博主,转化比值一般，性价比偏低
69ec2205000000001f00646c,金铲铲余生,https://sns-avatar-qc.xhscdn.com/avatar/1040g2jo321e70jjane005p3n42j3ood968pf11g?imageView2/2/w/80/format/jpg,穿搭,https://www.xiaohongshu.com/explore/68a6f57a000000001c034c0a?xsec_token=ABP9axZ52w_sr7iISzEKbzxPraPZTjhZNsEp2vc_odeMU=,4229,3733,33,454,1,8449,双门槛全部达标,0.883,0.008,高收藏带货型,优先复投，适合挂车、引导搜索转化，深度年框/独家合作
69ec6e360000000036030ee8,马登MADEN-LOOK,https://sns-avatar-qc.xhscdn.com/avatar/1040g2jo30rh89guhhg005p9cpjeamklhigmr0f8?imageView2/2/w/80/format/jpg,穿搭,https://www.xiaohongshu.com/explore/68a6f57a000000001c034c0a?xsec_token=ABP9axZ52w_sr7iISzEKbzxPrsqqeDY2LNNto9GrxsQE8=,27,19,1,0,1,47,总互动不足100,0.704,0.037,普通低价值博主,总互动仅47，流量薄弱，不建议投放
69eca17500000000350204a3,小茄乐园,https://sns-avatar-qc.xhscdn.com/avatar/64a3f9382c7a535610c66bdb.jpg?imageView2/2/w/80/format/jpg,穿搭,https://www.xiaohongshu.com/explore/68a6f57a000000001c034c0a?xsec_token=ABP9axZ52w_sr7iISzEKbzxFyhf7_i6IW_c1jsfjpDmTw=,18330,9259,447,530,1,28566,双门槛全部达标,0.505,0.024,高收藏带货型,优先复投，适合挂车、引导搜索转化，深度年框/独家合作
69ed6d2500000000370365dc,向日葵儿uas,https://sns-avatar-qc.xhscdn.com/avatar/1040g2jo31ukhn1kn2i605pkegbqjul69qsq3uao?imageView2/2/w/80/format/jpg,穿搭,https://www.xiaohongshu.com/explore/68a6f57a000000001c034c0a?xsec_token=ABoR8Gv1VFqoC4CG0vPziyMZYnoYOw9B-_yHwr6-v0pIk=,63,18,8,6,1,95,总互动不足100,0.286,0.127,普通低价值博主,总互动仅95，流量薄弱，不建议投放
69edfa65000000003503bcad,嘉嘉早睡了没,https://sns-avatar-qc.xhscdn.com/avatar/1040g2jo317eijchbjk6g5p220at51gk46n7dlsg?imageView2/2/w/80/format/jpg,穿搭,https://www.xiaohongshu.com/explore/68a6f57a000000001c034c0a?xsec_token=ABoR8Gv1VFqoC4CG0vPziyMQ2TKgQX8ywRgNetGGvAd4U=,1194,352,19,23,1,1588,双门槛全部达标,0.295,0.016,普通低价值博主,转化比值一般，性价比偏低
69ee192b000000003701e064,爱豆日常私服,https://sns-avatar-qc.xhscdn.com/avatar/61907b48e2df70de3e2a8acd.jpg?imageView2/2/w/80/format/jpg,穿搭,https://www.xiaohongshu.com/explore/68a6f57a000000001c034c0a?xsec_token=ABPnaV7SZYHodbkLb8s6tnOYRBEUpo_wdxCyviCzNYSHI=,1740,847,4,114,1,2705,双门槛全部达标,0.487,0.002,高收藏带货型,优先复投，适合挂车、引导搜索转化，深度年框/独家合作
69ef5abc000000002003abe2,Zotevr Faerev,https://sns-avatar-qc.xhscdn.com/avatar/1040g2jo31t3fl5ehm2005pumms3j971orog1180?imageView2/2/w/80/format/jpg,穿搭,https://www.xiaohongshu.com/explore/68a6f57a000000001c034c0a?xsec_token=ABn7TdgexYi_jlImARCf9Znq9KFZYxYYugv6Yd3EarK04=,358,240,4,26,1,628,双门槛全部达标,0.67,0.011,高收藏带货型,优先复投，适合挂车、引导搜索转化，深度年框/独家合作
69ef5f81000000001f004d7e,马登工装,https://sns-avatar-qc.xhscdn.com/avatar/seller_695388ff01e8f900018cd057?imageView2/2/w/80/format/jpg,穿搭,https://www.xiaohongshu.com/explore/68a6f57a000000001c034c0a?xsec_token=ABn7TdgexYi_jlImARCf9ZnlMH0fdym5xRnNAzSVYxeUk=,10,2,1,1,1,14,总互动不足100,0.2,0.1,普通低价值博主,总互动仅14，流量薄弱，不建议投放
69ef5fdd0000000036031656,Dink,https://sns-avatar-qc.xhscdn.com/avatar/1040g2jo31of9f8345m005one3kqnop7t79oba70?imageView2/2/w/80/format/jpg,穿搭,https://www.xiaohongshu.com/explore/68a6f57a000000001c034c0a?xsec_token=ABn7TdgexYi_jlImARCf9Zng9hWzYRV1cTT35lhxH3hqQ=,1129,412,42,89,1,1672,双门槛全部达标,0.365,0.037,高收藏带货型,优先复投，适合挂车、引导搜索转化，深度年框/独家合作
69ef6179000000003502755d,N+1,https://sns-avatar-qc.xhscdn.com/avatar/1040g2jo31vfgq95qis004a729ku4ietcjo9oso0?imageView2/2/w/80/format/jpg,穿搭,https://www.xiaohongshu.com/explore/68a6f57a000000001c034c0a?xsec_token=ABn7TdgexYi_jlImARCf9Znt0sTwvkh2xfwKnlvpNi8SQ=,819,712,11,72,1,1614,双门槛全部达标,0.869,0.013,高收藏带货型,优先复投，适合挂车、引导搜索转化，深度年框/独家合作
69ef7499000000002202478e,妍儿穿搭酱🍒,https://sns-avatar-qc.xhscdn.com/avatar/5e401cc9bcad070001e1bd4a.jpg?imageView2/2/w/80/format/jpg,穿搭,https://www.xiaohongshu.com/explore/68a6f57a000000001c034c0a?xsec_token=ABn7TdgexYi_jlImARCf9Znua_A78r-HILZf7oukmSVsY=,1682,815,77,296,1,2870,双门槛全部达标,0.485,0.046,高收藏带货型,优先复投，适合挂车、引导搜索转化，深度年框/独家合作
69f0362b000000003501feeb,三十小拉,https://sns-avatar-qc.xhscdn.com/avatar/1040g2jo30vbu28kg5a005npsnce080a2hielu28?imageView2/2/w/80/format/jpg,穿搭,https://www.xiaohongshu.com/explore/68a6f57a000000001c034c0a?xsec_token=ABsxpes8Tq86QvKqjx6mR3PyafRZ1TD_JVJRoKU79sQrg=,414,258,19,44,1,735,双门槛全部达标,0.623,0.046,高收藏带货型,优先复投，适合挂车、引导搜索转化，深度年框/独家合作
69f03b40000000003700d59b,张子卿,https://sns-avatar-qc.xhscdn.com/avatar/1040g2jo3160rjgsohc105n4pmrd4ijchbvpigl0?imageView2/2/w/80/format/jpg,穿搭,https://www.xiaohongshu.com/explore/68a6f57a000000001c034c0a?xsec_token=ABsxpes8Tq86QvKqjx6mR3PxqXUm9ae5RhpqbR01gnIRw=,7192,1837,151,313,1,9493,双门槛全部达标,0.255,0.021,普通低价值博主,转化比值一般，性价比偏低
69f0454f000000003503269c,马登工装,https://sns-avatar-qc.xhscdn.com/avatar/seller_695388ff01e8f900018cd057?imageView2/2/w/80/format/jpg,穿搭,https://www.xiaohongshu.com/explore/68a6f57a000000001c034c0a?xsec_token=ABsxpes8Tq86QvKqjx6mR3Px1jA5_001LYNtdwA9MkRDc=,59,35,4,5,1,103,双门槛全部达标,0.593,0.068,高收藏带货型,优先复投，适合挂车、引导搜索转化，深度年框/独家合作
69f07e4c000000003501ce70,chim,https://sns-avatar-qc.xhscdn.com/avatar/1040g2jo316ib0ftn0k0g49p64njafbkrvfusl50?imageView2/2/w/80/format/jpg,穿搭,https://www.xiaohongshu.com/explore/68a6f57a000000001c034c0a?xsec_token=ABsxpes8Tq86QvKqjx6mR3P_vjiAddSY9D6slMYNXySJA=,1758,574,14,143,1,2489,双门槛全部达标,0.327,0.008,高收藏带货型,优先复投，适合挂车、引导搜索转化，深度年框/独家合作
69f09b33000000003502020e,是西西呀,https://sns-avatar-qc.xhscdn.com/avatar/1040g2jo31vgl05jcjm0g5qe7qcjsj1nai4vc20g?imageView2/2/w/80/format/jpg,穿搭,https://www.xiaohongshu.com/explore/68a6f57a000000001c034c0a?xsec_token=ABsxpes8Tq86QvKqjx6mR3PyXVJwUbOFwUdcaoghptspY=,491,205,53,24,1,773,双门槛全部达标,0.418,0.108,普通低价值博主,转化比值一般，性价比偏低
69f0c094000000001e00cd04,阿kong,https://sns-avatar-qc.xhscdn.com/avatar/5da45ba635e2e000015c0e7c.jpg?imageView2/2/w/80/format/jpg,穿搭,https://www.xiaohongshu.com/explore/68a6f57a000000001c034c0a?xsec_token=ABsxpes8Tq86QvKqjx6mR3P8e5mcquTNpvXOCwIaBDFFg=,852,400,33,393,1,1678,双门槛全部达标,0.469,0.039,高收藏带货型,优先复投，适合挂车、引导搜索转化，深度年框/独家合作
69f1222b000000002202776b,Kerina Wang,https://sns-avatar-qc.xhscdn.com/avatar/1040g2jo31vecqoiniq005nve7q5gbos6vupftl8?imageView2/2/w/80/format/jpg,穿搭,https://www.xiaohongshu.com/explore/68a6f57a000000001c034c0a?xsec_token=ABI_1KySTbJ-o1xBwZTeUewYPNX-x6iDjUQEsUCKe4yNI=,9272,3421,119,576,1,13388,双门槛全部达标,0.369,0.013,高收藏带货型,优先复投，适合挂车、引导搜索转化，深度年框/独家合作
69f191b6000000001b021266,马登福叔,https://sns-avatar-qc.xhscdn.com/avatar/60cac178d2c53d000110ca4c.jpg?imageView2/2/w/80/format/jpg,穿搭,https://www.xiaohongshu.com/explore/68a6f57a000000001c034c0a?xsec_token=ABI_1KySTbJ-o1xBwZTeUewRD_JkCVIESAawvTUgChxxw=,133,59,17,15,1,224,双门槛全部达标,0.444,0.128,普通低价值博主,转化比值一般，性价比偏低
69f1d93e0000000037035a55,正在舒入,https://sns-avatar-qc.xhscdn.com/avatar/1040g2jo321936vjfnu005nff58cg8da9q88iv0o?imageView2/2/w/80/format/jpg,穿搭,https://www.xiaohongshu.com/explore/68a6f57a000000001c034c0a?xsec_token=ABI_1KySTbJ-o1xBwZTeUewU_mzqiH0ghaYKo8swbr2nE=,28,4,6,2,1,40,总互动不足100,0.143,0.214,普通低价值博主,总互动仅40，流量薄弱，不建议投放
69f1e3ca00000000380344db,Yamoll,https://sns-avatar-qc.xhscdn.com/avatar/a0449c83-b83c-38c8-aca9-310ff8af056c?imageView2/2/w/80/format/jpg,穿搭,https://www.xiaohongshu.com/explore/68a6f57a000000001c034c0a?xsec_token=ABI_1KySTbJ-o1xBwZTeUewXnbFtPNzTxI2n3-JIEtK2s=,3,0,2,0,1,5,总互动不足100,0.0,0.667,普通低价值博主,总互动仅5，流量薄弱，不建议投放
69f1f6ba000000003703485b,蚁晓煌,https://sns-avatar-qc.xhscdn.com/avatar/1040g2jo31j4h49631a0044utfmumnm1i1c06488?imageView2/2/w/80/format/jpg,穿搭,https://www.xiaohongshu.com/explore/68a6f57a000000001c034c0a?xsec_token=ABI_1KySTbJ-o1xBwZTeUewY1bn2itkSrrKtPXQBszGkg=,1407,482,85,73,1,2047,双门槛全部达标,0.343,0.06,高收藏带货型,优先复投，适合挂车、引导搜索转化，深度年框/独家合作
69f2de2c0000000036018b28,ee,https://sns-avatar-qc.xhscdn.com/avatar/1040g2jo31uqe4slv2a004brdgrflbsc8fm0gpc0?imageView2/2/w/80/format/jpg,穿搭,https://www.xiaohongshu.com/explore/68a6f57a000000001c034c0a?xsec_token=ABoz9pl4q4tYLxJPFID2Rh9XSwcR_jl-GLKe11G1YMlJw=,290,136,6,98,1,530,双门槛全部达标,0.469,0.021,高收藏带货型,优先复投，适合挂车、引导搜索转化，深度年框/独家合作
69f326c60000000020038794,DLIONGMK,https://sns-avatar-qc.xhscdn.com/avatar/1040g2jo31n3me80g5m0g4bupnu4piktp8cnepd0?imageView2/2/w/80/format/jpg,穿搭,https://www.xiaohongshu.com/explore/68a6f57a000000001c034c0a?xsec_token=ABMkZitvkbK6lhD7udikvAbKoVDausub4HeVJciET1Duo=,9156,3291,82,325,1,12854,双门槛全部达标,0.359,0.009,高收藏带货型,优先复投，适合挂车、引导搜索转化，深度年框/独家合作
69f32d1d0000000035025b26,朱珠ZhuZhu,https://sns-avatar-qc.xhscdn.com/avatar/5b42ea79d2c8a5786ab78196.jpg?imageView2/2/w/80/format/jpg,穿搭,https://www.xiaohongshu.com/explore/68a6f57a000000001c034c0a?xsec_token=ABMkZitvkbK6lhD7udikvAbDIbg3i2gmVC2a_3b4ocGa4=,31846,1595,970,673,1,35084,双门槛全部达标,0.05,0.03,普通低价值博主,转化比值一般，性价比偏低
69f40a3e0000000036001d5b,溯光追光,https://sns-avatar-qc.xhscdn.com/avatar/6710d3c710714ac0368709f6.jpg?imageView2/2/w/80/format/jpg,穿搭,https://www.xiaohongshu.com/explore/68a6f57a000000001c034c0a?xsec_token=ABw9SPQmR1loaygzyFZe0ZOX4L0oAsGWTETErvIFIYF7Y=,497,305,1,21,1,824,双门槛全部达标,0.614,0.002,高收藏带货型,优先复投，适合挂车、引导搜索转化，深度年框/独家合作
69f40cbe000000003501ed3d,梨形小栗子,https://sns-avatar-qc.xhscdn.com/avatar/1040g2jo31ne2ipp74s3g5pp1gba2149na7k701g?imageView2/2/w/80/format/jpg,穿搭,https://www.xiaohongshu.com/explore/68a6f57a000000001c034c0a?xsec_token=ABw9SPQmR1loaygzyFZe0ZOan3V3JibxRN8G5fI2tniLU=,2785,1961,99,175,1,5020,双门槛全部达标,0.704,0.036,高收藏带货型,优先复投，适合挂车、引导搜索转化，深度年框/独家合作
69f4350d0000000022024f16,XUEYAQING-,https://sns-avatar-qc.xhscdn.com/avatar/1040g2jo31oth1bkt1o004a6p7vkjte8aekpar6o?imageView2/2/w/80/format/jpg,穿搭,https://www.xiaohongshu.com/explore/68a6f57a000000001c034c0a?xsec_token=ABw9SPQmR1loaygzyFZe0ZOYRyLfE4egQ5zqL37IQX0do=,79,40,5,11,1,135,双门槛全部达标,0.506,0.063,高收藏带货型,优先复投，适合挂车、引导搜索转化，深度年框/独家合作
69f4403d000000001b021e13,糯糯好闪,https://sns-avatar-qc.xhscdn.com/avatar/1040g2jo31he7uvt83o005nsuehk080nekmt7h08?imageView2/2/w/80/format/jpg,穿搭,https://www.xiaohongshu.com/explore/68a6f57a000000001c034c0a?xsec_token=ABw9SPQmR1loaygzyFZe0ZOdzuNB-WF1hYTnG1xUt3U3A=,181,69,2,34,1,286,双门槛全部达标,0.381,0.011,高收藏带货型,优先复投，适合挂车、引导搜索转化，深度年框/独家合作
69f45f06000000003502fabd,Pullpo,https://sns-avatar-qc.xhscdn.com/avatar/1040g2jo31u3ageelhs0g5pgv5sphosnds9uta80?imageView2/2/w/80/format/jpg,穿搭,https://www.xiaohongshu.com/explore/68a6f57a000000001c034c0a?xsec_token=ABw9SPQmR1loaygzyFZe0ZOawQNgSbNmOtQwsA3QMiAps=,177,83,1,16,1,277,双门槛全部达标,0.469,0.006,高收藏带货型,优先复投，适合挂车、引导搜索转化，深度年框/独家合作
69f5d62600000000370375a5,一万,https://sns-avatar-qc.xhscdn.com/avatar/61e40749c27c7545962115fa.jpg?imageView2/2/w/80/format/jpg,穿搭,https://www.xiaohongshu.com/explore/68a6f57a000000001c034c0a?xsec_token=AB37jNdKjxYfcPpq0As4WAnxu6J-dVs0VyZTfUyd_mQdg=,4613,2027,70,275,1,6985,双门槛全部达标,0.439,0.015,高收藏带货型,优先复投，适合挂车、引导搜索转化，深度年框/独家合作
69f73cc5000000001a0357ab,薯叔教穿搭,https://sns-avatar-qc.xhscdn.com/avatar/1040g2jo31bajcgok7e5g5pqpchmn3bdiv7ha9gg?imageView2/2/w/80/format/jpg,穿搭,https://www.xiaohongshu.com/explore/68a6f57a000000001c034c0a?xsec_token=AB8LG37qsNari0xxUWyaVwnN1tRlI656cxFhR1angjbow=,5,6,2,0,1,13,总互动不足100,1.2,0.4,普通低价值博主,总互动仅13，流量薄弱，不建议投放
69f74ebc000000003601a1ed,苏格酱Style,https://sns-avatar-qc.xhscdn.com/avatar/5bc23d8ce5cde10001392aa2.jpg?imageView2/2/w/80/format/jpg,穿搭,https://www.xiaohongshu.com/explore/68a6f57a000000001c034c0a?xsec_token=AB8LG37qsNari0xxUWyaVwnLoy33EPlk_zjQAC7bAD2TY=,683,372,24,67,1,1146,双门槛全部达标,0.545,0.035,高收藏带货型,优先复投，适合挂车、引导搜索转化，深度年框/独家合作
69f8097a000000001e00e985,T.F.W,https://sns-avatar-qc.xhscdn.com/avatar/642c3502dd18c6c67afc0c8f.jpg?imageView2/2/w/80/format/jpg,穿搭,https://www.xiaohongshu.com/explore/68a6f57a000000001c034c0a?xsec_token=ABrjl7OGYjAGhL1qj9M6xVjt0uOeFvTjPIE7TE57Xn9yQ=,1347,778,5,67,1,2197,双门槛全部达标,0.578,0.004,高收藏带货型,优先复投，适合挂车、引导搜索转化，深度年框/独家合作
69f83e6f000000003703406e,梦梦服饰,https://sns-avatar-qc.xhscdn.com/avatar/1040g2jo31ri6pdo1g0505povb1dnc9rh3f93mqo?imageView2/2/w/80/format/jpg,穿搭,https://www.xiaohongshu.com/explore/68a6f57a000000001c034c0a?xsec_token=ABrjl7OGYjAGhL1qj9M6xVjl4HVY6ZFdAi8inwlryUrYg=,1226,1465,11,138,1,2840,双门槛全部达标,1.195,0.009,高收藏带货型,优先复投，适合挂车、引导搜索转化，深度年框/独家合作
69f88bc0000000003502e385,冰奶茶,https://sns-avatar-qc.xhscdn.com/avatar/1040g2jo31cgmbga5h2005okkr578cmpl0chfm48?imageView2/2/w/80/format/jpg,穿搭,https://www.xiaohongshu.com/explore/68a6f57a000000001c034c0a?xsec_token=ABrjl7OGYjAGhL1qj9M6xVjs5E-CVTbLrf8a8NlUxN8NQ=,1253,342,12,45,1,1652,双门槛全部达标,0.273,0.01,普通低价值博主,转化比值一般，性价比偏低
69f89c980000000035030bd8,一郭炖不下,https://sns-avatar-qc.xhscdn.com/avatar/63026e794abe77879f8465c3.jpg?imageView2/2/w/80/format/jpg,穿搭,https://www.xiaohongshu.com/explore/68a6f57a000000001c034c0a?xsec_token=ABrjl7OGYjAGhL1qj9M6xVjg2IuMveIA-CyRLIKElgZwc=,11,2,2,5,1,20,总互动不足100,0.182,0.182,普通低价值博主,总互动仅20，流量薄弱，不建议投放
69f9c5910000000038020458,半只橙🍊,https://sns-avatar-qc.xhscdn.com/avatar/1040g2jo31geubh6u3o0049fjcq7bnl191imbg6g?imageView2/2/w/80/format/jpg,穿搭,https://www.xiaohongshu.com/explore/68a6f57a000000001c034c0a?xsec_token=ABThv7KwrJWX9cw-m7RSkB74QnbnHviloEE4qTMxxrA-4=,738,544,30,84,1,1396,双门槛全部达标,0.737,0.041,高收藏带货型,优先复投，适合挂车、引导搜索转化，深度年框/独家合作
69f9cf2a000000001a034ce6,Fairychen,https://sns-avatar-qc.xhscdn.com/avatar/1040g2jo31eek9p2egk005n5j71k4b7g15qrbd30?imageView2/2/w/80/format/jpg,穿搭,https://www.xiaohongshu.com/explore/68a6f57a000000001c034c0a?xsec_token=ABThv7KwrJWX9cw-m7RSkB76wI48WBKew_GdRb3Gxpalk=,1475,427,87,145,1,2134,双门槛全部达标,0.289,0.059,普通低价值博主,转化比值一般，性价比偏低
69f9d8640000000035027a07,恩拉,https://sns-avatar-qc.xhscdn.com/avatar/1040g2jo31a8ev5uvmu0g4akufj8mi2sncvl62kg?imageView2/2/w/80/format/jpg,穿搭,https://www.xiaohongshu.com/explore/68a6f57a000000001c034c0a?xsec_token=ABThv7KwrJWX9cw-m7RSkB7xfKOm3SkMVU3CK80qf81RU=,1966,894,14,118,1,2992,双门槛全部达标,0.455,0.007,高收藏带货型,优先复投，适合挂车、引导搜索转化，深度年框/独家合作
69f9e97b0000000036033cdf,谷子美,https://sns-avatar-qc.xhscdn.com/avatar/6410bbf92a05a5c7c47fa042.jpg?imageView2/2/w/80/format/jpg,穿搭,https://www.xiaohongshu.com/explore/68a6f57a000000001c034c0a?xsec_token=ABThv7KwrJWX9cw-m7RSkB7_ARKlRffrUGqk4RhKDOxjg=,1385,314,36,79,1,1814,双门槛全部达标,0.227,0.026,普通低价值博主,转化比值一般，性价比偏低
69f9ec6b000000001a036836,蕾Ray,https://sns-avatar-qc.xhscdn.com/avatar/1040g2jo31qvbej38no6g5q6hevqolsbuqg0sjo8?imageView2/2/w/80/format/jpg,穿搭,https://www.xiaohongshu.com/explore/68a6f57a000000001c034c0a?xsec_token=ABThv7KwrJWX9cw-m7RSkB7yGSKE6TNjuX955ZkO8al_I=,118,39,6,27,1,190,双门槛全部达标,0.331,0.051,高收藏带货型,优先复投，适合挂车、引导搜索转化，深度年框/独家合作
69faff28000000003700e686,小扎穿什么,https://sns-avatar-qc.xhscdn.com/avatar/1040g2jo30vj6bfmv5q005oe2ljv8dfllqlc8qk0?imageView2/2/w/80/format/jpg,穿搭,https://www.xiaohongshu.com/explore/68a6f57a000000001c034c0a?xsec_token=AB_xMsBzec7X-3-CZ8wQFwouT1dGS7j-PsMu29FJtHRwo=,875,341,1,100,1,1317,双门槛全部达标,0.39,0.001,高收藏带货型,优先复投，适合挂车、引导搜索转化，深度年框/独家合作
69fb04100000000036000f88,大琦ARIA,https://sns-avatar-qc.xhscdn.com/avatar/1040g2jo31jd5vkv82e005oielslk116hcj2q1c8?imageView2/2/w/80/format/jpg,穿搭,https://www.xiaohongshu.com/explore/68a6f57a000000001c034c0a?xsec_token=ABgjaG56G15YKDN_5lp5F2JsNbFb8PTQKyuT3sOI_8pFI=,51,12,29,14,1,106,双门槛全部达标,0.235,0.569,普通低价值博主,转化比值一般，性价比偏低
69fb2232000000001e00d2ce,月月是斯嘉丽,https://sns-avatar-qc.xhscdn.com/avatar/1040g2jo30ue1tchf5g0040la393804092tc8e9g?imageView2/2/w/80/format/jpg,穿搭,https://www.xiaohongshu.com/explore/68a6f57a000000001c034c0a?xsec_token=ABgjaG56G15YKDN_5lp5F2JjoCyM6TmGrZOaD5C8W1Pus=,19840,21918,413,3513,1,45684,双门槛全部达标,1.105,0.021,高收藏带货型,优先复投，适合挂车、引导搜索转化，深度年框/独家合作
69fb3b5a00000000350327de,夏沫不姓夏,https://sns-avatar-qc.xhscdn.com/avatar/1040g2jo30rt5l0b6ii005p81foc14oh9t3gdeuo?imageView2/2/w/80/format/jpg,穿搭,https://www.xiaohongshu.com/explore/68a6f57a000000001c034c0a?xsec_token=ABgjaG56G15YKDN_5lp5F2Jmuf-DizEfaubjkOoWIGpUU=,935,367,12,33,1,1347,双门槛全部达标,0.393,0.013,高收藏带货型,优先复投，适合挂车、引导搜索转化，深度年框/独家合作
69fb5005000000003701f16b,小田今天学化妆,https://sns-avatar-qc.xhscdn.com/avatar/1040g2jo321brs9h87u005p9lqbth18gjfc97fr8?imageView2/2/w/80/format/jpg,穿搭,https://www.xiaohongshu.com/explore/68a6f57a000000001c034c0a?xsec_token=ABgjaG56G15YKDN_5lp5F2JsUciwxD-sFJ9neyhEMdu08=,5529,3514,112,545,1,9700,双门槛全部达标,0.636,0.02,高收藏带货型,优先复投，适合挂车、引导搜索转化，深度年框/独家合作
69fb5c81000000001a02c193,小青的衣橱记.,https://sns-avatar-qc.xhscdn.com/avatar/1040g2jo31k22krdb30005q36lb6ms42erbu97ho?imageView2/2/w/80/format/jpg,穿搭,https://www.xiaohongshu.com/explore/68a6f57a000000001c034c0a?xsec_token=ABgjaG56G15YKDN_5lp5F2Jq4PAWc-OwCt_q-dic9notQ=,743,401,69,40,1,1253,双门槛全部达标,0.54,0.093,普通低价值博主,转化比值一般，性价比偏低
69fc3dd2000000003503b8c6,可爱屁,https://sns-avatar-qc.xhscdn.com/avatar/1040g2jo31eaf3jfhg8005p6ppoa0af3fjdon730?imageView2/2/w/80/format/jpg,穿搭,https://www.xiaohongshu.com/explore/68a6f57a000000001c034c0a?xsec_token=ABBsvyD1Okso0IR6uTzVuB3uE0TZI4uV-UP4XDFYCXW5w=,18834,4112,268,654,2,23868,双门槛全部达标,0.218,0.014,普通低价值博主,转化比值一般，性价比偏低
69fc691d000000001a037354,米米小贝,https://sns-avatar-qc.xhscdn.com/avatar/1040g2jo31v8u8rtiia005pjvmu9guel204sunp8?imageView2/2/w/80/format/jpg,穿搭,https://www.xiaohongshu.com/explore/68a6f57a000000001c034c0a?xsec_token=ABBsvyD1Okso0IR6uTzVuB3ghcsEPRJLiG7H3TibdQeBw=,546,261,57,86,1,950,双门槛全部达标,0.478,0.104,普通低价值博主,转化比值一般，性价比偏低
69fc74a5000000003701d91b,薄荷叶子,https://sns-avatar-qc.xhscdn.com/avatar/1040g2jo31olp855906005nh19qa0882rkkr188o?imageView2/2/w/80/format/jpg,穿搭,https://www.xiaohongshu.com/explore/68a6f57a000000001c034c0a?xsec_token=ABBsvyD1Okso0IR6uTzVuB3tumeCbFyNfA-qwRcDXMF5k=,3361,944,43,129,1,4477,双门槛全部达标,0.281,0.013,普通低价值博主,转化比值一般，性价比偏低
69fc7ef2000000001b023f09,琳慕,https://sns-avatar-qc.xhscdn.com/avatar/1040g2jo31ire2r30h4104a33rl8g9ijl5ubvalg?imageView2/2/w/80/format/jpg,穿搭,https://www.xiaohongshu.com/explore/68a6f57a000000001c034c0a?xsec_token=ABBsvyD1Okso0IR6uTzVuB3oogDNmYy9VG_tJ4m5j5_44=,1625,396,20,31,1,2072,双门槛全部达标,0.244,0.012,普通低价值博主,转化比值一般，性价比偏低
69fd408d000000003502c37f,草莓搭搭,https://sns-avatar-qc.xhscdn.com/avatar/1040g2jo31eeij4nu0e005n326ro4l4njo8hgcu0?imageView2/2/w/80/format/jpg,穿搭,https://www.xiaohongshu.com/explore/68a6f57a000000001c034c0a?xsec_token=ABaqbqG8RBpToh2gLxdwuu2hPb9OyG2BeClHb1trKUXuo=,1836,912,8,487,1,3243,双门槛全部达标,0.497,0.004,高收藏带货型,优先复投，适合挂车、引导搜索转化，深度年框/独家合作
69fd8d5e000000003502d166,馥桂,https://sns-avatar-qc.xhscdn.com/avatar/1040g2jo31p98rmbc2a005onruhfkg1p5u2rgg48?imageView2/2/w/80/format/jpg,穿搭,https://www.xiaohongshu.com/explore/68a6f57a000000001c034c0a?xsec_token=ABaqbqG8RBpToh2gLxdwuu2sFbaszXkqAS_YBLe1BFhkc=,9750,5090,311,756,1,15907,双门槛全部达标,0.522,0.032,高收藏带货型,优先复投，适合挂车、引导搜索转化，深度年框/独家合作
69fdb322000000003601c9cd,是汤圆不是团子,https://sns-avatar-qc.xhscdn.com/avatar/1000g2jo2lrk8ip4iu06g5o26srg095ab36c4kmg?imageView2/2/w/80/format/jpg,穿搭,https://www.xiaohongshu.com/explore/68a6f57a000000001c034c0a?xsec_token=ABaqbqG8RBpToh2gLxdwuu2tXLnK8p8AoyeYhql0n2hEw=,2912,2311,19,165,1,5407,双门槛全部达标,0.794,0.007,高收藏带货型,优先复投，适合挂车、引导搜索转化，深度年框/独家合作
69fdb6bf000000003502bec1,撸铁的折耳根,https://sns-avatar-qc.xhscdn.com/avatar/1040g2jo31tu934hk18005nc45am095t40lptas8?imageView2/2/w/80/format/jpg,穿搭,https://www.xiaohongshu.com/explore/68a6f57a000000001c034c0a?xsec_token=ABaqbqG8RBpToh2gLxdwuu2k06dvNVHQWAfHyp9hejlh4=,1280,277,84,112,1,1753,双门槛全部达标,0.216,0.066,普通低价值博主,转化比值一般，性价比偏低
69fdde93000000001f003cfe,橘子味星云🍊,https://sns-avatar-qc.xhscdn.com/avatar/1040g2jo31hnti1epjq005q1cbdkjicd5j68vq4g?imageView2/2/w/80/format/jpg,穿搭,https://www.xiaohongshu.com/explore/68a6f57a000000001c034c0a?xsec_token=ABaqbqG8RBpToh2gLxdwuu2gX27l5Ni3buvDRXiOk-bWA=,609,320,28,33,1,990,双门槛全部达标,0.525,0.046,高收藏带货型,优先复投，适合挂车、引导搜索转化，深度年框/独家合作
69fec73f00000000370349fe,兮兮Sissi,https://sns-avatar-qc.xhscdn.com/avatar/1040g2jo31p009n752g005p1478o4ib1jus3nm2o?imageView2/2/w/80/format/jpg,穿搭,https://www.xiaohongshu.com/explore/68a6f57a000000001c034c0a?xsec_token=ABrlvaIqadSxE31SofCBvWk49V9ExjPXQHtsbAp30Hd_Q=,4395,5599,74,414,1,10482,双门槛全部达标,1.274,0.017,高收藏带货型,优先复投，适合挂车、引导搜索转化，深度年框/独家合作
69ff3c16000000003700c147,Oorange,https://sns-avatar-qc.xhscdn.com/avatar/1040g2jo30ofqp60o280g5nklb0j08o72i6eii2o?imageView2/2/w/80/format/jpg,穿搭,https://www.xiaohongshu.com/explore/68a6f57a000000001c034c0a?xsec_token=ABvWPcyZKxN5YkjYTCueX3lVpBblgjnezhAuY2f_xTVAY=,1409,481,88,304,1,2282,双门槛全部达标,0.341,0.062,高收藏带货型,优先复投，适合挂车、引导搜索转化，深度年框/独家合作
6a000cbb000000000702bbaa,软软,https://sns-avatar-qc.xhscdn.com/avatar/1040g2jo319g2po64mg6g5pn05fb3cgca9viga00?imageView2/2/w/80/format/jpg,穿搭,https://www.xiaohongshu.com/explore/68a6f57a000000001c034c0a?xsec_token=ABRNeOtWhbdXD0kW18SasqiXM8W_FvTCfCHOte0N1G834=,1274,508,8,96,1,1886,双门槛全部达标,0.399,0.006,高收藏带货型,优先复投，适合挂车、引导搜索转化，深度年框/独家合作
6a0072d8000000003502f33c,夏美,https://sns-avatar-qc.xhscdn.com/avatar/6135a2af7fefa880551d6c52.jpg?imageView2/2/w/80/format/jpg,穿搭,https://www.xiaohongshu.com/explore/68a6f57a000000001c034c0a?xsec_token=ABRNeOtWhbdXD0kW18SasqiSt7Ni-T2eMewGK-pUBROys=,50286,23565,746,2973,1,77570,双门槛全部达标,0.469,0.015,高收藏带货型,优先复投，适合挂车、引导搜索转化，深度年框/独家合作
6a0073a700000000060304e0,妍儿穿搭酱🍒,https://sns-avatar-qc.xhscdn.com/avatar/5e401cc9bcad070001e1bd4a.jpg?imageView2/2/w/80/format/jpg,穿搭,https://www.xiaohongshu.com/explore/68a6f57a000000001c034c0a?xsec_token=ABRNeOtWhbdXD0kW18SasqicbSTVz6gEVicnxUHHBQLVU=,904,363,9,114,1,1390,双门槛全部达标,0.402,0.01,高收藏带货型,优先复投，适合挂车、引导搜索转化，深度年框/独家合作
6a0081a70000000036003f94,不吃了谢谢我不饿,https://sns-avatar-qc.xhscdn.com/avatar/605787ea6126a60505dd3f94.jpg?imageView2/2/w/80/format/jpg,穿搭,https://www.xiaohongshu.com/explore/68a6f57a000000001c034c0a?xsec_token=ABRNeOtWhbdXD0kW18Sasqie4LEqZ8bEPK3M9Qh_kfID4=,910,312,44,59,1,1325,双门槛全部达标,0.343,0.048,高收藏带货型,优先复投，适合挂车、引导搜索转化，深度年框/独家合作
6a01332200000000350237b9,LIT LIGHT 里奈拾光,https://sns-avatar-qc.xhscdn.com/avatar/62e0f594d26d9f0001f14d86.jpg?imageView2/2/w/80/format/jpg,穿搭,https://www.xiaohongshu.com/explore/68a6f57a000000001c034c0a?xsec_token=ABy36na50b3LfhavzrqKemxYHZugx2XRnPNS_Wr77jgm8=,3,3,0,1,1,7,总互动不足100,1.0,0.0,普通低价值博主,总互动仅7，流量薄弱，不建议投放
6a01622f0000000006034f2d,柒柒宝藏屋,https://sns-avatar-qc.xhscdn.com/avatar/641f9dbe257af9e276b38504.jpg?imageView2/2/w/80/format/jpg,穿搭,https://www.xiaohongshu.com/explore/68a6f57a000000001c034c0a?xsec_token=ABy36na50b3LfhavzrqKemxed4TtrkSFRJU4gqSKYLolo=,6,0,10,1,1,17,总互动不足100,0.0,1.667,普通低价值博主,总互动仅17，流量薄弱，不建议投放
6a0173dd00000000070227f7,米多爱吃米,https://sns-avatar-qc.xhscdn.com/avatar/1040g2jo31q7d7vee7g605o11rkp08p0jdcf6fu8?imageView2/2/w/80/format/jpg,穿搭,https://www.xiaohongshu.com/explore/68a6f57a000000001c034c0a?xsec_token=ABy36na50b3LfhavzrqKemxX_jLYrtx_VhF1Pg-Q3Fbas=,45,39,3,11,1,98,总互动不足100,0.867,0.067,普通低价值博主,总互动仅98，流量薄弱，不建议投放
6a01a542000000003700ee85,朵拉的日常穿搭,https://sns-avatar-qc.xhscdn.com/avatar/1040g2jo31tq48js57e5g5nq7fte0bpominvpsr0?imageView2/2/w/80/format/jpg,穿搭,https://www.xiaohongshu.com/explore/68a6f57a000000001c034c0a?xsec_token=ABy36na50b3LfhavzrqKemxYWA3CjUJJ3A4Wbx_80fMV0=,1472,713,74,167,1,2426,双门槛全部达标,0.484,0.05,高收藏带货型,优先复投，适合挂车、引导搜索转化，深度年框/独家合作
6a01b843000000000702ffcd,月月是斯嘉丽,https://sns-avatar-qc.xhscdn.com/avatar/1040g2jo30ue1tchf5g0040la393804092tc8e9g?imageView2/2/w/80/format/jpg,穿搭,https://www.xiaohongshu.com/explore/68a6f57a000000001c034c0a?xsec_token=ABy36na50b3LfhavzrqKemxQLG0wolmksrHmliEEwrizQ=,29303,24981,628,2609,1,57521,双门槛全部达标,0.853,0.021,高收藏带货型,优先复投，适合挂车、引导搜索转化，深度年框/独家合作
6a01c370000000000803dc6c,山那边有光～,https://sns-avatar-qc.xhscdn.com/avatar/1040g2jo31p1hb90q2g005pg00l92pqesb8m9vro?imageView2/2/w/80/format/jpg,穿搭,https://www.xiaohongshu.com/explore/68a6f57a000000001c034c0a?xsec_token=ABy36na50b3LfhavzrqKemxd8K5S2BE9_oGRzwzdEaSI0=,466,346,14,104,1,930,双门槛全部达标,0.742,0.03,高收藏带货型,优先复投，适合挂车、引导搜索转化，深度年框/独家合作
6a02c62100000000080309d9,马登福叔,https://sns-avatar-qc.xhscdn.com/avatar/60cac178d2c53d000110ca4c.jpg?imageView2/2/w/80/format/jpg,穿搭,https://www.xiaohongshu.com/explore/68a6f57a000000001c034c0a?xsec_token=ABCcCqJLrg7_972d6ZdbfyAaPMRpW-wbQ5js_eJxJDNfw=,37,28,1,3,1,69,总互动不足100,0.757,0.027,普通低价值博主,总互动仅69，流量薄弱，不建议投放
6a02f1b000000000350266c0,小橙汁儿！,https://sns-avatar-qc.xhscdn.com/avatar/1040g2jo31l0cvi4j2a4g5q4o7sta1utgp4okhf0?imageView2/2/w/80/format/jpg,穿搭,https://www.xiaohongshu.com/explore/68a6f57a000000001c034c0a?xsec_token=ABCcCqJLrg7_972d6ZdbfyAdumGsedI4S7x0QBgTSGZ_o=,2101,856,12,131,1,3100,双门槛全部达标,0.407,0.006,高收藏带货型,优先复投，适合挂车、引导搜索转化，深度年框/独家合作
6a03072c0000000006037b4e,妞了个妞,https://sns-avatar-qc.xhscdn.com/avatar/1040g2jo3202knbqr3q5g5ptuplfjjm7c2libg30?imageView2/2/w/80/format/jpg,穿搭,https://www.xiaohongshu.com/explore/68a6f57a000000001c034c0a?xsec_token=ABHhzRNzR8nmtHlNz4KnHfgmisz_YkeTbrak2CBnrp1eY=,130,145,0,33,1,308,双门槛全部达标,1.115,0.0,高收藏带货型,优先复投，适合挂车、引导搜索转化，深度年框/独家合作
6a032709000000003502eec1,🎃cooper,https://sns-avatar-qc.xhscdn.com/avatar/5e61f3dadfc3160001778d8e.jpg?imageView2/2/w/80/format/jpg,穿搭,https://www.xiaohongshu.com/explore/68a6f57a000000001c034c0a?xsec_token=ABHhzRNzR8nmtHlNz4KnHfgslZn4ZU4coZ_ZT35W2-nmQ=,9675,4609,390,811,1,15485,双门槛全部达标,0.476,0.04,高收藏带货型,优先复投，适合挂车、引导搜索转化，深度年框/独家合作
6a03345e0000000035025fab,南方小土豆,https://sns-avatar-qc.xhscdn.com/avatar/1040g2jo31rbpcdgv6u004a48ju905d91o4qdr60?imageView2/2/w/80/format/jpg,穿搭,https://www.xiaohongshu.com/explore/68a6f57a000000001c034c0a?xsec_token=ABHhzRNzR8nmtHlNz4KnHfglJvM5WFOlksiV9hlIwl7cw=,52,41,5,6,1,104,双门槛全部达标,0.788,0.096,普通低价值博主,转化比值一般，性价比偏低
6a03d01b000000003603093e,姐姐的couture,https://sns-avatar-qc.xhscdn.com/avatar/1040g2jo31fsljcr906005oljvp96ssde97pi7vg?imageView2/2/w/80/format/jpg,穿搭,https://www.xiaohongshu.com/explore/68a6f57a000000001c034c0a?xsec_token=ABHhzRNzR8nmtHlNz4KnHfgqVBCMKJSvcc-GTCn7jv2Uk=,5760,1577,197,231,1,7765,双门槛全部达标,0.274,0.034,普通低价值博主,转化比值一般，性价比偏低
6a046896000000000702e218,Nancy今天早睡了吗,https://sns-avatar-qc.xhscdn.com/avatar/1000g2jo2p32nbvqjm0004a7lci19ldn13c3k70o?imageView2/2/w/80/format/jpg,穿搭,https://www.xiaohongshu.com/explore/68a6f57a000000001c034c0a?xsec_token=ABDhwHucPIPOhFmcNMS5k_wdVKhZZT8nHpkGZISOpWsVA=,570,262,42,15,1,889,双门槛全部达标,0.46,0.074,高收藏带货型,优先复投，适合挂车、引导搜索转化，深度年框/独家合作
6a04895100000000380233c1,G、,https://sns-avatar-qc.xhscdn.com/avatar/1040g2jo30pdo8drj40104a007ft8po1hovav6dg?imageView2/2/w/80/format/jpg,穿搭,https://www.xiaohongshu.com/explore/68a6f57a000000001c034c0a?xsec_token=ABDhwHucPIPOhFmcNMS5k_wSU3jHjbU5-rtIuWw_1he8U=,3282,1573,142,169,1,5166,双门槛全部达标,0.479,0.043,高收藏带货型,优先复投，适合挂车、引导搜索转化，深度年框/独家合作
6a053c660000000007025989,知予穿搭集,https://sns-avatar-qc.xhscdn.com/avatar/1040g2jo31va0382q2g6g5nhilnl08m7iuhp5rb0?imageView2/2/w/80/format/jpg,穿搭,https://www.xiaohongshu.com/explore/68a6f57a000000001c034c0a?xsec_token=AB6fydUSmhOSG4lFryYVz53X6VXcPzCRGKI_emvZ87ouY=,90,21,1,9,1,121,双门槛全部达标,0.233,0.011,普通低价值博主,转化比值一般，性价比偏低
6a056d05000000000702d483,penghunana,https://sns-avatar-qc.xhscdn.com/avatar/1040g2jo31pcs74m8is0g4a17rm0onbmm23n0sj8?imageView2/2/w/80/format/jpg,穿搭,https://www.xiaohongshu.com/explore/68a6f57a000000001c034c0a?xsec_token=AB6fydUSmhOSG4lFryYVz53WqvDRdK60G59JxvPCwHUvc=,7317,1540,304,141,1,9302,双门槛全部达标,0.21,0.042,普通低价值博主,转化比值一般，性价比偏低
6a05798a0000000036032ef2,PARTIMENTO,https://sns-avatar-qc.xhscdn.com/avatar/seller_69a7a89f9b65e400010c1841?imageView2/2/w/80/format/jpg,穿搭,https://www.xiaohongshu.com/explore/68a6f57a000000001c034c0a?xsec_token=AB6fydUSmhOSG4lFryYVz53aHFBN4MvreBsOaoC72y5ak=,1571,626,230,384,1,2811,双门槛全部达标,0.398,0.146,普通低价值博主,转化比值一般，性价比偏低
6a057b86000000003502961e,momo成长记,https://sns-avatar-qc.xhscdn.com/avatar/1040g2jo311cjsulk6a605pgldiv0ueorhk73nv0?imageView2/2/w/80/format/jpg,穿搭,https://www.xiaohongshu.com/explore/68a6f57a000000001c034c0a?xsec_token=AB6fydUSmhOSG4lFryYVz53V7DprvRvlvyirvsiZOYofk=,2784,2223,188,323,1,5518,双门槛全部达标,0.798,0.068,高收藏带货型,优先复投，适合挂车、引导搜索转化，深度年框/独家合作
6a0583d70000000038035b9a,马登福叔,https://sns-avatar-qc.xhscdn.com/avatar/60cac178d2c53d000110ca4c.jpg?imageView2/2/w/80/format/jpg,穿搭,https://www.xiaohongshu.com/explore/68a6f57a000000001c034c0a?xsec_token=AB6fydUSmhOSG4lFryYVz53bNL5Cer17uvswKBZatr6b8=,490,292,45,108,1,935,双门槛全部达标,0.596,0.092,普通低价值博主,转化比值一般，性价比偏低
6a059c4e0000000038037446,神蒜子,https://sns-avatar-qc.xhscdn.com/avatar/1040g2jo31hdpf0jhjs005nrmtno08lks07rpcg0?imageView2/2/w/80/format/jpg,穿搭,https://www.xiaohongshu.com/explore/68a6f57a000000001c034c0a?xsec_token=AB6fydUSmhOSG4lFryYVz53UeVGsVJ7WhEZdKddYr5YOQ=,7255,2974,417,255,1,10901,双门槛全部达标,0.41,0.057,高收藏带货型,优先复投，适合挂车、引导搜索转化，深度年框/独家合作
6a05a1de0000000006023057,Orense Man,https://sns-avatar-qc.xhscdn.com/avatar/1040g2jo31g0rcpffgi0g5pv3sbq3i0ka6hctn0o?imageView2/2/w/80/format/jpg,穿搭,https://www.xiaohongshu.com/explore/68a6f57a000000001c034c0a?xsec_token=AB6fydUSmhOSG4lFryYVz53YycgDtJ0iNWloAYUYnCSOA=,29,19,15,14,1,77,总互动不足100,0.655,0.517,普通低价值博主,总互动仅77，流量薄弱，不建议投放
6a05a87a000000003600295e,大胆菠萝,https://sns-avatar-qc.xhscdn.com/avatar/60005db5805d5914dcebbfa4.jpg?imageView2/2/w/80/format/jpg,穿搭,https://www.xiaohongshu.com/explore/68a6f57a000000001c034c0a?xsec_token=AB6fydUSmhOSG4lFryYVz53dm9IAYN1sEyykYCAYeanEY=,2312,663,29,108,1,3112,双门槛全部达标,0.287,0.013,普通低价值博主,转化比值一般，性价比偏低
6a05aa74000000000701212e,月月是斯嘉丽,https://sns-avatar-qc.xhscdn.com/avatar/1040g2jo30ue1tchf5g0040la393804092tc8e9g?imageView2/2/w/80/format/jpg,穿搭,https://www.xiaohongshu.com/explore/68a6f57a000000001c034c0a?xsec_token=AB6fydUSmhOSG4lFryYVz53Q-1bJYGCxp8Qjjqb4DXFPE=,28970,26521,569,5611,1,61671,双门槛全部达标,0.915,0.02,高收藏带货型,优先复投，适合挂车、引导搜索转化，深度年框/独家合作
6a05cd470000000008000136,颂颂好脾气,https://sns-avatar-qc.xhscdn.com/avatar/1040g2jo31pgr1rnjig005oo84rnjonm0e5bg4oo?imageView2/2/w/80/format/jpg,穿搭,https://www.xiaohongshu.com/explore/68a6f57a000000001c034c0a?xsec_token=AB6fydUSmhOSG4lFryYVz53Yi5HAHluvJl3nLSn7Sc9i8=,6931,3066,159,248,1,10404,双门槛全部达标,0.442,0.023,高收藏带货型,优先复投，适合挂车、引导搜索转化，深度年框/独家合作
6a06fe66000000001002d001,某某某灰,https://sns-avatar-qc.xhscdn.com/avatar/1040g2jo31v3o2q542e6g5qeoiev9n3ddo13h72o?imageView2/2/w/80/format/jpg,穿搭,https://www.xiaohongshu.com/explore/68a6f57a000000001c034c0a?xsec_token=ABuLGgGQWiJyCavZMSmxMOuARaXlNHunohbCAghoMKtXI=,909,256,68,92,1,1325,双门槛全部达标,0.282,0.075,普通低价值博主,转化比值一般，性价比偏低
6a071f51000000003502ccd1,Elf Fashion Club,https://sns-avatar-qc.xhscdn.com/avatar/1040g2jo30pvk9jqkn6004bnmt1cqvq0lifuhhn8?imageView2/2/w/80/format/jpg,穿搭,https://www.xiaohongshu.com/explore/68a6f57a000000001c034c0a?xsec_token=ABVaA-O8xow8hyyUtoyja2esQ_9p7yGgtkzYzCsALK-MM=,2699,1036,33,182,1,3950,双门槛全部达标,0.384,0.012,高收藏带货型,优先复投，适合挂车、引导搜索转化，深度年框/独家合作
6a0728aa000000003503041d,KioYu Fashion,https://sns-avatar-qc.xhscdn.com/avatar/1040g2jo31hbbpm3a386g5pa5rmj38gblo8273ng?imageView2/2/w/80/format/jpg,穿搭,https://www.xiaohongshu.com/explore/68a6f57a000000001c034c0a?xsec_token=ABVaA-O8xow8hyyUtoyja2es7TdMHYD63Tsocgv7Z46BA=,255,148,0,12,1,415,双门槛全部达标,0.58,0.0,高收藏带货型,优先复投，适合挂车、引导搜索转化，深度年框/独家合作
6a080dac000000003503a505,Pullpo,https://sns-avatar-qc.xhscdn.com/avatar/1040g2jo31u3ageelhs0g5pgv5sphosnds9uta80?imageView2/2/w/80/format/jpg,穿搭,https://www.xiaohongshu.com/explore/68a6f57a000000001c034c0a?xsec_token=AByLdq0MQ2tRoyXnl6YmZmRVdNt82NIghPBYdxZJ0_36Q=,568,169,90,84,1,911,双门槛全部达标,0.298,0.158,普通低价值博主,转化比值一般，性价比偏低
6a083421000000003502934b,姜姜好困,https://sns-avatar-qc.xhscdn.com/avatar/5f2ab566f7c23e00017be544.jpg?imageView2/2/w/80/format/jpg,穿搭,https://www.xiaohongshu.com/explore/68a6f57a000000001c034c0a?xsec_token=AByLdq0MQ2tRoyXnl6YmZmRZjwH1Uwm5idQWIZ0R7SH9s=,11919,4194,176,621,1,16910,双门槛全部达标,0.352,0.015,高收藏带货型,优先复投，适合挂车、引导搜索转化，深度年框/独家合作
6a090530000000003603389c,YOYO,https://sns-avatar-qc.xhscdn.com/avatar/1040g2jo320nuh9vqm2005q439hj799piv9ct1hg?imageView2/2/w/80/format/jpg,穿搭,https://www.xiaohongshu.com/explore/68a6f57a000000001c034c0a?xsec_token=ABK3V76G_iNmfeWoTRr7gfkhRDxZpJGLLXdecin4t1gtc=,3578,1025,61,266,1,4930,双门槛全部达标,0.286,0.017,普通低价值博主,转化比值一般，性价比偏低
6a09436a000000000803c763,小岛,https://sns-avatar-qc.xhscdn.com/avatar/621613d9bb40629914baa17f.jpg?imageView2/2/w/80/format/jpg,穿搭,https://www.xiaohongshu.com/explore/68a6f57a000000001c034c0a?xsec_token=ABK3V76G_iNmfeWoTRr7gfkhoCr01lp73dkKXiTlxNqIQ=,1075,462,11,54,1,1602,双门槛全部达标,0.43,0.01,高收藏带货型,优先复投，适合挂车、引导搜索转化，深度年框/独家合作
6a09bd1a0000000008024f76,小乔178,https://sns-avatar-qc.xhscdn.com/avatar/624877984db09947b6d5379c.jpg?imageView2/2/w/80/format/jpg,穿搭,https://www.xiaohongshu.com/explore/68a6f57a000000001c034c0a?xsec_token=ABK3V76G_iNmfeWoTRr7gfks3ybbmPKbhOcQkgUI30B3U=,250,139,42,25,1,456,双门槛全部达标,0.556,0.168,普通低价值博主,转化比值一般，性价比偏低
6a09d2430000000007028dc4,郑恺,https://sns-avatar-qc.xhscdn.com/avatar/1040g2jo31j6ugkfbj40g5n51kd2lmgn9rt8crto?imageView2/2/w/80/format/jpg,穿搭,https://www.xiaohongshu.com/explore/68a6f57a000000001c034c0a?xsec_token=ABK3V76G_iNmfeWoTRr7gfkiBnyR4Xam4Uih6ChxSXDeQ=,10566,2151,801,826,1,14344,双门槛全部达标,0.204,0.076,普通低价值博主,转化比值一般，性价比偏低
6a09d2e40000000035024c0a,小阳精选衣橱,https://sns-avatar-qc.xhscdn.com/avatar/6298c2fafefcf2fa8dd53c65.jpg?imageView2/2/w/80/format/jpg,穿搭,https://www.xiaohongshu.com/explore/68a6f57a000000001c034c0a?xsec_token=ABK3V76G_iNmfeWoTRr7gfkgEiFwCb_OlgpUpSGjw8RQw=,0,0,0,0,1,0,总互动不足100,0.0,0.0,普通低价值博主,总互动仅0，流量薄弱，不建议投放
6a0a8c2a0000000035022049,简寻～F街拍,https://sns-avatar-qc.xhscdn.com/avatar/1040g2jo31odtpkn950005n1c1es1sqffi6k0j4o?imageView2/2/w/80/format/jpg,穿搭,https://www.xiaohongshu.com/explore/68a6f57a000000001c034c0a?xsec_token=ABsKIDPzMHAA3BdvoJc2tZNONaDqw-czhfN0m38BcirYs=,531,151,3,17,1,702,双门槛全部达标,0.284,0.006,普通低价值博主,转化比值一般，性价比偏低
6a0ab4560000000037034064,RC拼豆,https://sns-avatar-qc.xhscdn.com/avatar/1040g2jo314aplh1smg005pjlrp0hostneisgv30?imageView2/2/w/80/format/jpg,穿搭,https://www.xiaohongshu.com/explore/68a6f57a000000001c034c0a?xsec_token=ABsKIDPzMHAA3BdvoJc2tZNAZcisMPejCefZ3SQOspySM=,1,0,26,0,1,27,总互动不足100,0.0,26.0,普通低价值博主,总互动仅27，流量薄弱，不建议投放
6a0af079000000003502160a,一点儿小儿,https://sns-avatar-qc.xhscdn.com/avatar/619ba64200000000210231a3.jpg?imageView2/2/w/80/format/jpg,穿搭,https://www.xiaohongshu.com/explore/68a6f57a000000001c034c0a?xsec_token=ABsKIDPzMHAA3BdvoJc2tZNCmIVzbWs1gbF3uOwwGhqHQ=,11311,6096,121,607,1,18135,双门槛全部达标,0.539,0.011,高收藏带货型,优先复投，适合挂车、引导搜索转化，深度年框/独家合作
6a0b0ff700000000060300f4,橘子耶耶,https://sns-avatar-qc.xhscdn.com/avatar/1040g2jo31uhaljfgiqjg5oit8k38dcl6nue2dj8?imageView2/2/w/80/format/jpg,穿搭,https://www.xiaohongshu.com/explore/68a6f57a000000001c034c0a?xsec_token=ABVFpivL5ncTiFD3zFSTPC3fVPQ4QbCtaeK-RAtbAp9AE=,672,188,30,38,1,928,双门槛全部达标,0.28,0.045,普通低价值博主,转化比值一般，性价比偏低
6a0b5f6f00000000070274b9,井井玩,https://sns-avatar-qc.xhscdn.com/avatar/61b30e774fd8210778aa8c70.jpg?imageView2/2/w/80/format/jpg,穿搭,https://www.xiaohongshu.com/explore/68a6f57a000000001c034c0a?xsec_token=ABVFpivL5ncTiFD3zFSTPC3R4vOFQCN0Qf8_xC0D7rP6I=,2938,942,54,162,1,4096,双门槛全部达标,0.321,0.018,高收藏带货型,优先复投，适合挂车、引导搜索转化，深度年框/独家合作
6a0c0fb9000000000702ffd5,衣服搭配研究所,https://sns-avatar-qc.xhscdn.com/avatar/1040g2jo320ac2geo68005q5ff28mbmfsg491n1g?imageView2/2/w/80/format/jpg,穿搭,https://www.xiaohongshu.com/explore/68a6f57a000000001c034c0a?xsec_token=ABxts88CWRB8ifSKLUr5epruUDy7LjkqAJMyzKhJ5CAiA=,343,320,11,36,1,710,双门槛全部达标,0.933,0.032,高收藏带货型,优先复投，适合挂车、引导搜索转化，深度年框/独家合作
6a0c3a36000000003501ff71,Butqiu,https://sns-avatar-qc.xhscdn.com/avatar/5b0cd5de6b58b759f9e7590e.jpg?imageView2/2/w/80/format/jpg,穿搭,https://www.xiaohongshu.com/explore/68a6f57a000000001c034c0a?xsec_token=ABxts88CWRB8ifSKLUr5eprjQoxd-hpiVF_HZwHiEhJtE=,28,11,0,8,1,47,总互动不足100,0.393,0.0,普通低价值博主,总互动仅47，流量薄弱，不建议投放
6a0c4c9d000000000702cc05,Orense Man,https://sns-avatar-qc.xhscdn.com/avatar/1040g2jo31g0rcpffgi0g5pv3sbq3i0ka6hctn0o?imageView2/2/w/80/format/jpg,穿搭,https://www.xiaohongshu.com/explore/68a6f57a000000001c034c0a?xsec_token=ABxts88CWRB8ifSKLUr5eprntNz8JU8UCRDS_Nsh7KXd8=,36,22,0,13,1,71,总互动不足100,0.611,0.0,普通低价值博主,总互动仅71，流量薄弱，不建议投放
6a0c6e0d000000003701c370,苏格酱Style,https://sns-avatar-qc.xhscdn.com/avatar/5bc23d8ce5cde10001392aa2.jpg?imageView2/2/w/80/format/jpg,穿搭,https://www.xiaohongshu.com/explore/68a6f57a000000001c034c0a?xsec_token=ABxts88CWRB8ifSKLUr5eprpLurvOJYKictuG_l8IUJyQ=,641,272,157,96,1,1166,双门槛全部达标,0.424,0.245,普通低价值博主,转化比值一般，性价比偏低
6a0d5ddf000000000803c13a,杭曼 Hamon Taille,https://sns-avatar-qc.xhscdn.com/avatar/1040g2jo31td4o9f956005pabjsj0ro6fm6rj8t8?imageView2/2/w/80/format/jpg,穿搭,https://www.xiaohongshu.com/explore/68a6f57a000000001c034c0a?xsec_token=ABpfkqthqV9qzB0xOewsqSc4WpmBJtHuf9o4obbw6uSOI=,61,32,1,15,1,109,双门槛全部达标,0.525,0.016,高收藏带货型,优先复投，适合挂车、引导搜索转化，深度年框/独家合作
6a0d69690000000008024d69,生旧叉烧好过生我🐷,https://sns-avatar-qc.xhscdn.com/avatar/1040g2jo31ugk6n7l2q6g42i1j7emratktc4klc0?imageView2/2/w/80/format/jpg,穿搭,https://www.xiaohongshu.com/explore/68a6f57a000000001c034c0a?xsec_token=ABpfkqthqV9qzB0xOewsqSc2xWc2542viOg63sEwKgqlg=,1767,556,37,217,1,2577,双门槛全部达标,0.315,0.021,高收藏带货型,优先复投，适合挂车、引导搜索转化，深度年框/独家合作
6a0d70680000000038022c21,嘉菲猫（养成版）,https://sns-avatar-qc.xhscdn.com/avatar/1040g2jo31rv3oq012g005oet6krocope9jdgka0?imageView2/2/w/80/format/jpg,穿搭,https://www.xiaohongshu.com/explore/68a6f57a000000001c034c0a?xsec_token=ABpfkqthqV9qzB0xOewsqSc_HSfkAyCWPbD175IoMjiks=,2586,998,437,950,1,4971,双门槛全部达标,0.386,0.169,普通低价值博主,转化比值一般，性价比偏低
6a0d7ad0000000000603445a,马登工装,https://sns-avatar-qc.xhscdn.com/avatar/seller_695388ff01e8f900018cd057?imageView2/2/w/80/format/jpg,穿搭,https://www.xiaohongshu.com/explore/68a6f57a000000001c034c0a?xsec_token=ABpfkqthqV9qzB0xOewsqSczvxuQFxlQvnVlFHbtFLCMk=,53,30,4,4,1,91,总互动不足100,0.566,0.075,普通低价值博主,总互动仅91，流量薄弱，不建议投放
6a0d8b710000000035028241,HelloDaH,https://sns-avatar-qc.xhscdn.com/avatar/1040g2jo31g3i8mkeh80g5n18h351k3ebhlcjspo?imageView2/2/w/80/format/jpg,穿搭,https://www.xiaohongshu.com/explore/68a6f57a000000001c034c0a?xsec_token=ABpfkqthqV9qzB0xOewsqScz8cGFkLye1YqhjycN6lIxc=,5557,4342,158,457,1,10514,双门槛全部达标,0.781,0.028,高收藏带货型,优先复投，适合挂车、引导搜索转化，深度年框/独家合作
6a0d90e00000000036002816,Yann 张妍,https://sns-avatar-qc.xhscdn.com/avatar/1040g2jo31q950ff7n4004adfg0soru50jr09eeg?imageView2/2/w/80/format/jpg,穿搭,https://www.xiaohongshu.com/explore/68a6f57a000000001c034c0a?xsec_token=ABpfkqthqV9qzB0xOewsqSczk0In6L_0VIBhfuzubT5k4=,382,109,17,26,1,534,双门槛全部达标,0.285,0.045,普通低价值博主,转化比值一般，性价比偏低
6a0dafb7000000003601f04b,周周不长肉肉,https://sns-avatar-qc.xhscdn.com/avatar/1040g2jo31s8qd0nblm0049pd8f49876lpmtud6o?imageView2/2/w/80/format/jpg,穿搭,https://www.xiaohongshu.com/explore/68a6f57a000000001c034c0a?xsec_token=ABpfkqthqV9qzB0xOewsqSc7Mw4xrPmNTlG98F1JW54dw=,249,129,9,82,1,469,双门槛全部达标,0.518,0.036,高收藏带货型,优先复投，适合挂车、引导搜索转化，深度年框/独家合作
6a0e8779000000003502a74c,小熊不软糖批发商（暖妈十级女摄）,https://sns-avatar-qc.xhscdn.com/avatar/1040g2jo31tbp1cgel6004a0qmn6ujuaflu9idig?imageView2/2/w/80/format/jpg,穿搭,https://www.xiaohongshu.com/explore/68a6f57a000000001c034c0a?xsec_token=ABHAadpkw5W4qhurD0oXcwKqY-zo8q_NtLRJI4Jl3fDzg=,16006,3584,205,857,1,20652,双门槛全部达标,0.224,0.013,普通低价值博主,转化比值一般，性价比偏低
6a0e8a4500000000380216e3,蟹煲,https://sns-avatar-qc.xhscdn.com/avatar/1040g2jo31t63dqdhm8005pq9tsj7dqb3tq42d30?imageView2/2/w/80/format/jpg,穿搭,https://www.xiaohongshu.com/explore/68a6f57a000000001c034c0a?xsec_token=ABHAadpkw5W4qhurD0oXcwKjFv1xmev3_ZoKXU6Ua_1a8=,2539,1067,30,91,1,3727,双门槛全部达标,0.42,0.012,高收藏带货型,优先复投，适合挂车、引导搜索转化，深度年框/独家合作
6a0ecfb600000000080246e7,是CC家的呀,https://sns-avatar-qc.xhscdn.com/avatar/1040g2jo31nk4ehvpmm005q75p93doo93k03dtng?imageView2/2/w/80/format/jpg,穿搭,https://www.xiaohongshu.com/explore/68a6f57a000000001c034c0a?xsec_token=ABHAadpkw5W4qhurD0oXcwKv2cfESNFlNawBY8qWLYMWc=,437,230,51,325,1,1043,双门槛全部达标,0.526,0.117,普通低价值博主,转化比值一般，性价比偏低
6a0f034e0000000036002b84,装斯文,https://sns-avatar-qc.xhscdn.com/avatar/6123c5c3b10697f18ad229b9.jpg?imageView2/2/w/80/format/jpg,穿搭,https://www.xiaohongshu.com/explore/68a6f57a000000001c034c0a?xsec_token=ABSmVlUyLVxVFVKknKA4VzhGVdrhXEjqOzopMX9uW0e6c=,3485,1197,164,172,1,5018,双门槛全部达标,0.343,0.047,高收藏带货型,优先复投，适合挂车、引导搜索转化，深度年框/独家合作
6a0f10230000000006032190,颂颂好脾气,https://sns-avatar-qc.xhscdn.com/avatar/1040g2jo31pgr1rnjig005oo84rnjonm0e5bg4oo?imageView2/2/w/80/format/jpg,穿搭,https://www.xiaohongshu.com/explore/68a6f57a000000001c034c0a?xsec_token=ABSmVlUyLVxVFVKknKA4VzhBJH9aaRW5phlPNskVQAk8E=,6274,3464,99,274,1,10111,双门槛全部达标,0.552,0.016,高收藏带货型,优先复投，适合挂车、引导搜索转化，深度年框/独家合作
6a0f16530000000038035d01,时尚蜗牛,https://sns-avatar-qc.xhscdn.com/avatar/63f0c367f291fa54a882b761.jpg?imageView2/2/w/80/format/jpg,穿搭,https://www.xiaohongshu.com/explore/68a6f57a000000001c034c0a?xsec_token=ABSmVlUyLVxVFVKknKA4VzhHhDd3ghcLc5OBlnIXa8n4A=,531,299,0,25,1,855,双门槛全部达标,0.563,0.0,高收藏带货型,优先复投，适合挂车、引导搜索转化，深度年框/独家合作
6a0fbd900000000006033e52,陈小琪轻奢女装,https://sns-avatar-qc.xhscdn.com/avatar/5fdd781e4add4200012f5df1.jpg?imageView2/2/w/80/format/jpg,穿搭,https://www.xiaohongshu.com/explore/68a6f57a000000001c034c0a?xsec_token=ABSmVlUyLVxVFVKknKA4VzhERUOzqmBLHDcK05sV1zvY8=,125,98,12,12,1,247,双门槛全部达标,0.784,0.096,普通低价值博主,转化比值一般，性价比偏低
6a0fecf100000000360301de,蚁晓煌,https://sns-avatar-qc.xhscdn.com/avatar/1040g2jo31j4h49631a0044utfmumnm1i1c06488?imageView2/2/w/80/format/jpg,穿搭,https://www.xiaohongshu.com/explore/68a6f57a000000001c034c0a?xsec_token=ABSmVlUyLVxVFVKknKA4VzhO_i3w3Fysch4tQiiFKcnt0=,505,167,22,43,1,737,双门槛全部达标,0.331,0.044,高收藏带货型,优先复投，适合挂车、引导搜索转化，深度年框/独家合作
6a10116f000000000702031a,Dinonoz,https://sns-avatar-qc.xhscdn.com/avatar/1040g2jo31dtqnnjogk005ptg7iqj94mllk90ftg?imageView2/2/w/80/format/jpg,穿搭,https://www.xiaohongshu.com/explore/68a6f57a000000001c034c0a?xsec_token=ABKFW0axtVg-ShumtuPGuoodqleyu5yMPPsZi3USxvYYA=,6301,1244,74,409,1,8028,双门槛全部达标,0.197,0.012,普通低价值博主,转化比值一般，性价比偏低
6a1015db0000000008003d41,是CC家的呀,https://sns-avatar-qc.xhscdn.com/avatar/1040g2jo31nk4ehvpmm005q75p93doo93k03dtng?imageView2/2/w/80/format/jpg,穿搭,https://www.xiaohongshu.com/explore/68a6f57a000000001c034c0a?xsec_token=ABKFW0axtVg-ShumtuPGuooYyqOCEYG_v45sMZcWF5ZyM=,2339,1690,277,1295,1,5601,双门槛全部达标,0.723,0.118,普通低价值博主,转化比值一般，性价比偏低
6a102ab00000000008031b4e,十元脸,https://sns-avatar-qc.xhscdn.com/avatar/1040g2jo31ughmi0q2a005ojd7i7ocgudgo4v64o?imageView2/2/w/80/format/jpg,穿搭,https://www.xiaohongshu.com/explore/68a6f57a000000001c034c0a?xsec_token=ABKFW0axtVg-ShumtuPGuooS4R7F5F6mkyUeXSn39InT0=,2813,1772,72,84,1,4741,双门槛全部达标,0.63,0.026,高收藏带货型,优先复投，适合挂车、引导搜索转化，深度年框/独家合作
6a103aab00000000360008aa,直男也能搞穿搭,https://sns-avatar-qc.xhscdn.com/avatar/1040g2jo31vticep054005p8mddt8sq83ce2omho?imageView2/2/w/80/format/jpg,穿搭,https://www.xiaohongshu.com/explore/68a6f57a000000001c034c0a?xsec_token=ABKFW0axtVg-ShumtuPGuooXzxbqfGFEP05nrmAXsRSDo=,763,887,16,67,1,1733,双门槛全部达标,1.163,0.021,高收藏带货型,优先复投，适合挂车、引导搜索转化，深度年框/独家合作
6a104fcd00000000070282dd,我系漏漏,https://sns-avatar-qc.xhscdn.com/avatar/1040g2jo31b7n444dne0049oumv9pqb52g6g1ulo?imageView2/2/w/80/format/jpg,穿搭,https://www.xiaohongshu.com/explore/68a6f57a000000001c034c0a?xsec_token=ABKFW0axtVg-ShumtuPGuooWRg0n4wR-g3WyXbNB3eXCk=,1008,170,10,29,1,1217,双门槛全部达标,0.169,0.01,普通低价值博主,转化比值一般，性价比偏低
6a1065e30000000036032227,Fashionstyle,https://sns-avatar-qc.xhscdn.com/avatar/5e99853a8fbefa0001d6066d.jpg?imageView2/2/w/80/format/jpg,穿搭,https://www.xiaohongshu.com/explore/68a6f57a000000001c034c0a?xsec_token=ABKFW0axtVg-ShumtuPGuooXJs0IjNar01bzcx30QUauY=,572,215,15,272,1,1074,双门槛全部达标,0.376,0.026,高收藏带货型,优先复投，适合挂车、引导搜索转化，深度年框/独家合作
6a1086f00000000006030031,是CC家的呀,https://sns-avatar-qc.xhscdn.com/avatar/1040g2jo31nk4ehvpmm005q75p93doo93k03dtng?imageView2/2/w/80/format/jpg,穿搭,https://www.xiaohongshu.com/explore/68a6f57a000000001c034c0a?xsec_token=ABKFW0axtVg-ShumtuPGuooUnWnzPMekllzKBrfFwQj8s=,127,68,2,90,1,287,双门槛全部达标,0.535,0.016,高收藏带货型,优先复投，适合挂车、引导搜索转化，深度年框/独家合作
6a112c740000000036030958,沙滩上的热带鱼,https://sns-avatar-qc.xhscdn.com/avatar/62a6f39710dae6eb42c8e530.jpg?imageView2/2/w/80/format/jpg,穿搭,https://www.xiaohongshu.com/explore/68a6f57a000000001c034c0a?xsec_token=ABrXUjG2tWF5CK71pLXxaPC6Px8Cld6i_bhxSnTarknJM=,1860,621,41,108,1,2630,双门槛全部达标,0.334,0.022,高收藏带货型,优先复投，适合挂车、引导搜索转化，深度年框/独家合作
6a11538700000000350282c0,三十6,https://sns-avatar-qc.xhscdn.com/avatar/1040g2jo3209s9phulm005q5enltmc9t7btjb8a8?imageView2/2/w/80/format/jpg,穿搭,https://www.xiaohongshu.com/explore/68a6f57a000000001c034c0a?xsec_token=ABrXUjG2tWF5CK71pLXxaPC-KEYV8jJwSZmBKjIAsRsA8=,365,121,2,42,1,530,双门槛全部达标,0.332,0.005,高收藏带货型,优先复投，适合挂车、引导搜索转化，深度年框/独家合作
6a1156540000000006033161,火火Land,https://sns-avatar-qc.xhscdn.com/avatar/1040g2jo31hmses31jo005p9j76fao02o3st5i6o?imageView2/2/w/80/format/jpg,穿搭,https://www.xiaohongshu.com/explore/68a6f57a000000001c034c0a?xsec_token=ABrXUjG2tWF5CK71pLXxaPCzIwhx8QcSXyO9KXfe4qTWc=,210,76,15,19,1,320,双门槛全部达标,0.362,0.071,高收藏带货型,优先复投，适合挂车、引导搜索转化，深度年框/独家合作
6a116e480000000035030660,雨搭子户外,https://sns-avatar-qc.xhscdn.com/avatar/e48e0f15-ae41-3408-94f5-9e70f7ee2255?imageView2/2/w/80/format/jpg,穿搭,https://www.xiaohongshu.com/explore/68a6f57a000000001c034c0a?xsec_token=ABrXUjG2tWF5CK71pLXxaPC_a1AzzrXKRW_NZbx9pwwE8=,325,207,18,181,1,731,双门槛全部达标,0.637,0.055,高收藏带货型,优先复投，适合挂车、引导搜索转化，深度年框/独家合作
6a1198c4000000000702c316,是CC家的呀,https://sns-avatar-qc.xhscdn.com/avatar/1040g2jo31nk4ehvpmm005q75p93doo93k03dtng?imageView2/2/w/80/format/jpg,穿搭,https://www.xiaohongshu.com/explore/68a6f57a000000001c034c0a?xsec_token=ABrXUjG2tWF5CK71pLXxaPC4rnnIK3mGLcUEB-VFuh6qQ=,81,42,9,34,1,166,双门槛全部达标,0.519,0.111,普通低价值博主,转化比值一般，性价比偏低
6a11a6510000000036032da9,oocookiesu,https://sns-avatar-qc.xhscdn.com/avatar/5ffab63e8bd084860db25455.jpg?imageView2/2/w/80/format/jpg,穿搭,https://www.xiaohongshu.com/explore/68a6f57a000000001c034c0a?xsec_token=ABrXUjG2tWF5CK71pLXxaPCyi8K8JP_8djlm70YzHX12w=,5091,1104,81,411,1,6687,双门槛全部达标,0.217,0.016,普通低价值博主,转化比值一般，性价比偏低
6a11ee170000000007029e88,N one,https://sns-avatar-qc.xhscdn.com/avatar/1040g2jo31c8840lugs5040npir59bskcacb29go?imageView2/2/w/80/format/jpg,穿搭,https://www.xiaohongshu.com/explore/68a6f57a000000001c034c0a?xsec_token=ABrXUjG2tWF5CK71pLXxaPC9d7tbMfI42xH6W4H-h7Wxw=,196,95,2,55,1,348,双门槛全部达标,0.485,0.01,高收藏带货型,优先复投，适合挂车、引导搜索转化，深度年框/独家合作
6a12a424000000003502fe20,念九,https://sns-avatar-qc.xhscdn.com/avatar/1040g2jo3226dfj0d6s6g5qbq3ftn85pth6hurlg?imageView2/2/w/80/format/jpg,穿搭,https://www.xiaohongshu.com/explore/68a6f57a000000001c034c0a?xsec_token=AB_NXtuz0OP0CQM5o7IRMxiAOAo8wDZjaf9alnzkjLI9k=,445,148,18,36,1,647,双门槛全部达标,0.333,0.04,高收藏带货型,优先复投，适合挂车、引导搜索转化，深度年框/独家合作
6a12b8430000000008003076,lii,https://sns-avatar-qc.xhscdn.com/avatar/1040g2jo31ha2399n3u005p8vd6a8su16f9r6uko?imageView2/2/w/80/format/jpg,穿搭,https://www.xiaohongshu.com/explore/68a6f57a000000001c034c0a?xsec_token=AB_NXtuz0OP0CQM5o7IRMxiNI4LmoMxL0LG8cl-yEEOO4=,2263,571,28,72,1,2934,双门槛全部达标,0.252,0.012,普通低价值博主,转化比值一般，性价比偏低
6a12d52d0000000035028f59,01,https://sns-avatar-qc.xhscdn.com/avatar/1040g2jo31u761bjk1u0g49im346qgdst7g9mbs8?imageView2/2/w/80/format/jpg,穿搭,https://www.xiaohongshu.com/explore/68a6f57a000000001c034c0a?xsec_token=AB_NXtuz0OP0CQM5o7IRMxiBodkkZ7mZ1rPh4TtkPltoo=,18198,16670,142,4990,1,40000,双门槛全部达标,0.916,0.008,高收藏带货型,优先复投，适合挂车、引导搜索转化，深度年框/独家合作
6a12dccb000000003700f791,Get明星私服穿搭,https://sns-avatar-qc.xhscdn.com/avatar/6203d102fd7c1374b9309b3d.jpg?imageView2/2/w/80/format/jpg,穿搭,https://www.xiaohongshu.com/explore/68a6f57a000000001c034c0a?xsec_token=AB_NXtuz0OP0CQM5o7IRMxiHVrAJ2lx3Ts9CC1xQXjtRE=,1439,361,14,18,1,1832,双门槛全部达标,0.251,0.01,普通低价值博主,转化比值一般，性价比偏低
6a12dfa600000000350208e9,三木小个子ootd,https://sns-avatar-qc.xhscdn.com/avatar/1040g2jo31v3tb5jj1m5g5ogog4tgkm45uajms08?imageView2/2/w/80/format/jpg,穿搭,https://www.xiaohongshu.com/explore/68a6f57a000000001c034c0a?xsec_token=AB_NXtuz0OP0CQM5o7IRMxiOI-kWlBaQVyjiV5cVn2TUs=,6639,3870,219,770,1,11498,双门槛全部达标,0.583,0.033,高收藏带货型,优先复投，适合挂车、引导搜索转化，深度年框/独家合作
6a12fb530000000007029a52,Orense Man,https://sns-avatar-qc.xhscdn.com/avatar/1040g2jo31g0rcpffgi0g5pv3sbq3i0ka6hctn0o?imageView2/2/w/80/format/jpg,穿搭,https://www.xiaohongshu.com/explore/68a6f57a000000001c034c0a?xsec_token=AB_NXtuz0OP0CQM5o7IRMxiN50Jp-EvJon9Qt0wyMyLdw=,23,21,4,7,1,55,总互动不足100,0.913,0.174,普通低价值博主,总互动仅55，流量薄弱，不建议投放
6a1424730000000035024ff5,YYTTONG,https://sns-avatar-qc.xhscdn.com/avatar/1040g2jo31r1pphjnmu0g5p0f854aa693kb0546o?imageView2/2/w/80/format/jpg,穿搭,https://www.xiaohongshu.com/explore/68a6f57a000000001c034c0a?xsec_token=ABksx3EeNDhfjF8xo9IFSwrGvOk3XxN7w6b8dH3QELJVA=,2021,502,12,176,1,2711,双门槛全部达标,0.248,0.006,普通低价值博主,转化比值一般，性价比偏低
6a142721000000003700f4dc,苏格酱Style,https://sns-avatar-qc.xhscdn.com/avatar/5bc23d8ce5cde10001392aa2.jpg?imageView2/2/w/80/format/jpg,穿搭,https://www.xiaohongshu.com/explore/68a6f57a000000001c034c0a?xsec_token=ABksx3EeNDhfjF8xo9IFSwrBPUuB8jMcMyhUB2aD5lq3w=,4663,3071,115,661,1,8510,双门槛全部达标,0.659,0.025,高收藏带货型,优先复投，适合挂车、引导搜索转化，深度年框/独家合作
6a14279b0000000035023293,wan.two3,https://sns-avatar-qc.xhscdn.com/avatar/6344518481b78b2e079b6531.jpg?imageView2/2/w/80/format/jpg,穿搭,https://www.xiaohongshu.com/explore/68a6f57a000000001c034c0a?xsec_token=ABksx3EeNDhfjF8xo9IFSwrO6mM3gzEeaQKlojAXF1ksE=,1865,564,79,101,1,2609,双门槛全部达标,0.302,0.042,高收藏带货型,优先复投，适合挂车、引导搜索转化，深度年框/独家合作
6a14425000000000080034ef,颂颂好脾气,https://sns-avatar-qc.xhscdn.com/avatar/1040g2jo31pgr1rnjig005oo84rnjonm0e5bg4oo?imageView2/2/w/80/format/jpg,穿搭,https://www.xiaohongshu.com/explore/68a6f57a000000001c034c0a?xsec_token=ABksx3EeNDhfjF8xo9IFSwrFR-BL-GDYpRQtNsyO-anG8=,2839,1738,63,112,1,4752,双门槛全部达标,0.612,0.022,高收藏带货型,优先复投，适合挂车、引导搜索转化，深度年框/独家合作
6a145a790000000035029c33,olaililke,https://sns-avatar-qc.xhscdn.com/avatar/1040g2jo31qmeo24r0m0g5pojtfdnc3fvc3mle90?imageView2/2/w/80/format/jpg,穿搭,https://www.xiaohongshu.com/explore/68a6f57a000000001c034c0a?xsec_token=ABksx3EeNDhfjF8xo9IFSwrGVjfXkvLrZjHqULC4op_Bc=,334,103,6,20,1,463,双门槛全部达标,0.308,0.018,高收藏带货型,优先复投，适合挂车、引导搜索转化，深度年框/独家合作
6a150b0d000000000603628a,程小鸥,https://sns-avatar-qc.xhscdn.com/avatar/1040g2jo31rsmhikjj20g5pjfkpa1osvbrltufno?imageView2/2/w/80/format/jpg,穿搭,https://www.xiaohongshu.com/explore/68a6f57a000000001c034c0a?xsec_token=ABWqcg0s8aCPtNjmIGArI3N_QJf3R_pLmV50AReMh69Ro=,3794,1701,157,383,1,6035,双门槛全部达标,0.448,0.041,高收藏带货型,优先复投，适合挂车、引导搜索转化，深度年框/独家合作
6a1514e200000000360192a9,小鱼爱穿搭,https://sns-avatar-qc.xhscdn.com/avatar/1040g2jo320e8gk20lm0048si91s8qrn1t7o8mqg?imageView2/2/w/80/format/jpg,穿搭,https://www.xiaohongshu.com/explore/68a6f57a000000001c034c0a?xsec_token=ABWqcg0s8aCPtNjmIGArI3N8wuXMvd66nreanCINY0BaI=,155,107,8,14,1,284,双门槛全部达标,0.69,0.052,高收藏带货型,优先复投，适合挂车、引导搜索转化，深度年框/独家合作
6a152d10000000003501c42e,Una,https://sns-avatar-qc.xhscdn.com/avatar/1040g2jo31vugm491is0g5nfb8k3083hf6ark9rg?imageView2/2/w/80/format/jpg,穿搭,https://www.xiaohongshu.com/explore/68a6f57a000000001c034c0a?xsec_token=ABWqcg0s8aCPtNjmIGArI3N9XBHrtuTxkqUWYbr6ELGSs=,0,0,3,0,1,3,总互动不足100,0.0,0.0,普通低价值博主,总互动仅3，流量薄弱，不建议投放
6a153f31000000000702b5d1,heee_cx,https://sns-avatar-qc.xhscdn.com/avatar/1040g2jo31j47rgdt1c005pdsv463boo7ed4k7t0?imageView2/2/w/80/format/jpg,穿搭,https://www.xiaohongshu.com/explore/68a6f57a000000001c034c0a?xsec_token=ABWqcg0s8aCPtNjmIGArI3Nw1Tfdx8S3AwMC6Q5On80zA=,58,15,0,8,1,81,总互动不足100,0.259,0.0,普通低价值博主,总互动仅81，流量薄弱，不建议投放
6a156c5c0000000008030a2b,Super爱豆,https://sns-avatar-qc.xhscdn.com/avatar/1040g2jo31s6mvvaelm0g5pj138khot3ec0t4j9o?imageView2/2/w/80/format/jpg,穿搭,https://www.xiaohongshu.com/explore/68a6f57a000000001c034c0a?xsec_token=ABWqcg0s8aCPtNjmIGArI3NyRHpX0mlqUN1afm9InSgEM=,154,75,12,14,1,255,双门槛全部达标,0.487,0.078,高收藏带货型,优先复投，适合挂车、引导搜索转化，深度年框/独家合作
6a157e0d00000000360019f7,CATPIGSY,https://sns-avatar-qc.xhscdn.com/avatar/5f4a0aa176826f00015c2355.jpg?imageView2/2/w/80/format/jpg,穿搭,https://www.xiaohongshu.com/explore/68a6f57a000000001c034c0a?xsec_token=ABWqcg0s8aCPtNjmIGArI3N_P4Mpxolknwr9OrB6KVwW0=,2863,813,111,242,1,4029,双门槛全部达标,0.284,0.039,普通低价值博主,转化比值一般，性价比偏低
6a1582e7000000003502c9d2,新成,https://sns-avatar-qc.xhscdn.com/avatar/1040g2jo30v98eokplc0g5p6ab6o2pa9ur41ua6o?imageView2/2/w/80/format/jpg,穿搭,https://www.xiaohongshu.com/explore/68a6f57a000000001c034c0a?xsec_token=ABWqcg0s8aCPtNjmIGArI3N5pEDcEOXNUxqHxmPgtjD74=,1043,506,95,693,1,2337,双门槛全部达标,0.485,0.091,普通低价值博主,转化比值一般，性价比偏低
6a15a805000000000803cd6f,栖晚小个子ootd,https://sns-avatar-qc.xhscdn.com/avatar/1040g2jo31v3vni0rii6g5oof8d64hq8dn6unav0?imageView2/2/w/80/format/jpg,穿搭,https://www.xiaohongshu.com/explore/68a6f57a000000001c034c0a?xsec_token=ABWqcg0s8aCPtNjmIGArI3N4EVwVB3T8DKqZgVdtVYb2c=,68,31,5,6,1,110,双门槛全部达标,0.456,0.074,高收藏带货型,优先复投，适合挂车、引导搜索转化，深度年框/独家合作
6a16445a0000000038036a8d,是狮狮不是喵,https://sns-avatar-qc.xhscdn.com/avatar/1040g2jo31vai7nbmiq5g5njvetug8s6obq0cngg?imageView2/2/w/80/format/jpg,穿搭,https://www.xiaohongshu.com/explore/68a6f57a000000001c034c0a?xsec_token=ABBgtYtp5vdypXEHpXVb4_QsRNfhhm4Aa-jWKgZMM13hg=,260,77,9,62,1,408,双门槛全部达标,0.296,0.035,普通低价值博主,转化比值一般，性价比偏低
6a164d99000000000803f983,赴一场米约💐,https://sns-avatar-qc.xhscdn.com/avatar/1040g2jo320fnqffrls005qdd9a6cj5mfm64l988?imageView2/2/w/80/format/jpg,穿搭,https://www.xiaohongshu.com/explore/68a6f57a000000001c034c0a?xsec_token=ABBgtYtp5vdypXEHpXVb4_QmO8bOZpaFKXAfxouFQsJIQ=,3,2,0,2,1,7,总互动不足100,0.667,0.0,普通低价值博主,总互动仅7，流量薄弱，不建议投放
6a1651060000000037037eec,薯与你的小食验室,https://sns-avatar-qc.xhscdn.com/avatar/6406aeee69c3d79b17b2ac37.jpg?imageView2/2/w/80/format/jpg,穿搭,https://www.xiaohongshu.com/explore/68a6f57a000000001c034c0a?xsec_token=ABBgtYtp5vdypXEHpXVb4_QjVtUFdgkmCMxE4Lc_Hr5T8=,515,134,11,27,1,687,双门槛全部达标,0.26,0.021,普通低价值博主,转化比值一般，性价比偏低
6a166d0f0000000007024a7f,penghunana,https://sns-avatar-qc.xhscdn.com/avatar/1040g2jo31pcs74m8is0g4a17rm0onbmm23n0sj8?imageView2/2/w/80/format/jpg,穿搭,https://www.xiaohongshu.com/explore/68a6f57a000000001c034c0a?xsec_token=ABBgtYtp5vdypXEHpXVb4_QpQHvAwDEZgvTQ2JCXd-pNs=,4650,1989,203,270,1,7112,双门槛全部达标,0.428,0.044,高收藏带货型,优先复投，适合挂车、引导搜索转化，深度年框/独家合作
6a166d78000000000702ef02,南柯一梦,https://sns-avatar-qc.xhscdn.com/avatar/1040g2jo31hblp36j3q004aojkj09tjsljipq8to?imageView2/2/w/80/format/jpg,穿搭,https://www.xiaohongshu.com/explore/68a6f57a000000001c034c0a?xsec_token=ABBgtYtp5vdypXEHpXVb4_QpkMNr0WfwpFN5WL5mzCJ3o=,25059,4514,3013,2182,1,34768,双门槛全部达标,0.18,0.12,均衡全能型,品效合一投放，兼顾曝光与商品转化
6a16d1da000000003601ddc0,芳芳努力呀,https://sns-avatar-qc.xhscdn.com/avatar/1040g2jo31uo9sf1vjqrg5pfs1eliprnprs712ug?imageView2/2/w/80/format/jpg,穿搭,https://www.xiaohongshu.com/explore/68a6f57a000000001c034c0a?xsec_token=ABBgtYtp5vdypXEHpXVb4_QmWPq7OiiirGuBDPKT-03j8=,3,2,0,2,1,7,总互动不足100,0.667,0.0,普通低价值博主,总互动仅7，流量薄弱，不建议投放
6a16df2e0000000037036027,我是霖儿,https://sns-avatar-qc.xhscdn.com/avatar/5fd7a466d3cff70001feeafa.jpg?imageView2/2/w/80/format/jpg,穿搭,https://www.xiaohongshu.com/explore/68a6f57a000000001c034c0a?xsec_token=ABBgtYtp5vdypXEHpXVb4_QnwTI6Ceifu8YDNKeKpmb0w=,14603,5589,900,602,1,21694,双门槛全部达标,0.383,0.062,高收藏带货型,优先复投，适合挂车、引导搜索转化，深度年框/独家合作
6a1703db00000000060376b1,Un.有你,https://sns-avatar-qc.xhscdn.com/avatar/1040g2jo320lvfgcvm8005qgku2g0g700mbg9eq8?imageView2/2/w/80/format/jpg,穿搭,https://www.xiaohongshu.com/explore/68a6f57a000000001c034c0a?xsec_token=ABdzvHzGu34bWPtuvSw0mFnYDHFCdYxPoS22zW0Wp88xw=,0,0,0,0,1,0,总互动不足100,0.0,0.0,普通低价值博主,总互动仅0，流量薄弱，不建议投放
6a1708ca000000003503075d,可可欧美穿搭分享,https://sns-avatar-qc.xhscdn.com/avatar/1040g2jo320kjm7rqlk005q2cv5cnha9n15r67mo?imageView2/2/w/80/format/jpg,穿搭,https://www.xiaohongshu.com/explore/68a6f57a000000001c034c0a?xsec_token=ABdzvHzGu34bWPtuvSw0mFnbdJETp57RooTJCRJp9ycLM=,320,317,13,50,1,700,双门槛全部达标,0.991,0.041,高收藏带货型,优先复投，适合挂车、引导搜索转化，深度年框/独家合作
6a179ae8000000000803fa25,井井玩,https://sns-avatar-qc.xhscdn.com/avatar/61b30e774fd8210778aa8c70.jpg?imageView2/2/w/80/format/jpg,穿搭,https://www.xiaohongshu.com/explore/68a6f57a000000001c034c0a?xsec_token=ABdzvHzGu34bWPtuvSw0mFnfYzMP7fuxzDkiQu9DnDAsw=,1711,667,43,119,1,2540,双门槛全部达标,0.39,0.025,高收藏带货型,优先复投，适合挂车、引导搜索转化，深度年框/独家合作
6a17b00c0000000007013b46,荔枝只只,https://sns-avatar-qc.xhscdn.com/avatar/1040g2jo30pu7bi0l6m605om2oq05aigbn27jqa0?imageView2/2/w/80/format/jpg,穿搭,https://www.xiaohongshu.com/explore/68a6f57a000000001c034c0a?xsec_token=ABdzvHzGu34bWPtuvSw0mFnejT8L2dtwXjAs_8CncHXhs=,657,218,112,251,1,1238,双门槛全部达标,0.332,0.17,普通低价值博主,转化比值一般，性价比偏低
6a17bdc600000000360326b8,音符不高～梨形这样穿,https://sns-avatar-qc.xhscdn.com/avatar/1040g2jo3217jlehana6g5nlpv5ug81jmonnctao?imageView2/2/w/80/format/jpg,穿搭,https://www.xiaohongshu.com/explore/68a6f57a000000001c034c0a?xsec_token=ABdzvHzGu34bWPtuvSw0mFnb8i4DEWG2mjrNasd_NvIJc=,95,97,10,28,1,230,双门槛全部达标,1.021,0.105,普通低价值博主,转化比值一般，性价比偏低
6a1820b9000000000800242e,Heywonc,https://sns-avatar-qc.xhscdn.com/avatar/615b0dc7985e11e33ef53ef6.jpg?imageView2/2/w/80/format/jpg,穿搭,https://www.xiaohongshu.com/explore/68a6f57a000000001c034c0a?xsec_token=ABt8qWqSZhj3ST5yff_wWQETPYHpzZ3YLwIf8FirnCyec=,3202,614,69,408,1,4293,双门槛全部达标,0.192,0.022,普通低价值博主,转化比值一般，性价比偏低
6a18348b0000000008032bb5,是CC家的呀,https://sns-avatar-qc.xhscdn.com/avatar/1040g2jo31nk4ehvpmm005q75p93doo93k03dtng?imageView2/2/w/80/format/jpg,穿搭,https://www.xiaohongshu.com/explore/68a6f57a000000001c034c0a?xsec_token=ABt8qWqSZhj3ST5yff_wWQES7EiYgvDYHkZkBVzs6LGv0=,90,65,13,28,1,196,双门槛全部达标,0.722,0.144,普通低价值博主,转化比值一般，性价比偏低
6a1846c10000000035028b38,十点梨,https://sns-avatar-qc.xhscdn.com/avatar/6425cd513bc14a45a670a26d.jpg?imageView2/2/w/80/format/jpg,穿搭,https://www.xiaohongshu.com/explore/68a6f57a000000001c034c0a?xsec_token=ABt8qWqSZhj3ST5yff_wWQEUbJobEoQbwXruJXGInmybc=,1951,1147,53,151,1,3302,双门槛全部达标,0.588,0.027,高收藏带货型,优先复投，适合挂车、引导搜索转化，深度年框/独家合作
6a18604500000000350332f1,玖儿的穿搭日记,https://sns-avatar-qc.xhscdn.com/avatar/1040g2jo320nfg15i5c0g43cgl3gapkcoc4g83e8?imageView2/2/w/80/format/jpg,穿搭,https://www.xiaohongshu.com/explore/68a6f57a000000001c034c0a?xsec_token=ABt8qWqSZhj3ST5yff_wWQEQ5WFewBheIbk6KzOueRKJU=,119,43,4,7,1,173,双门槛全部达标,0.361,0.034,高收藏带货型,优先复投，适合挂车、引导搜索转化，深度年框/独家合作
6a1901310000000008027949,柚柚叶,https://sns-avatar-qc.xhscdn.com/avatar/1040g2jo31v3h5g0l2g6g5opqikf65imaeeo1nb8?imageView2/2/w/80/format/jpg,穿搭,https://www.xiaohongshu.com/explore/68a6f57a000000001c034c0a?xsec_token=AB62lh0QmAeGiMW1tHl_bW-Wz1W3tm9YDVVs2DOHZzz00=,223,122,1,13,1,359,双门槛全部达标,0.547,0.004,高收藏带货型,优先复投，适合挂车、引导搜索转化，深度年框/独家合作
6a190ba7000000000702c09d,是CC家的呀,https://sns-avatar-qc.xhscdn.com/avatar/1040g2jo31nk4ehvpmm005q75p93doo93k03dtng?imageView2/2/w/80/format/jpg,穿搭,https://www.xiaohongshu.com/explore/68a6f57a000000001c034c0a?xsec_token=AB62lh0QmAeGiMW1tHl_bW-Ypvzl_F8m6PUzvBC8FISFw=,32,12,7,6,1,57,总互动不足100,0.375,0.219,普通低价值博主,总互动仅57，流量薄弱，不建议投放
6a192a4b0000000008032071,KK教穿搭,https://sns-avatar-qc.xhscdn.com/avatar/seller_69c801a979992c0001258cd4?imageView2/2/w/80/format/jpg,穿搭,https://www.xiaohongshu.com/explore/68a6f57a000000001c034c0a?xsec_token=AB62lh0QmAeGiMW1tHl_bW-Qj2wNl3Z1OhHHtNhW1A2CM=,2226,969,14,1053,1,4262,双门槛全部达标,0.435,0.006,高收藏带货型,优先复投，适合挂车、引导搜索转化，深度年框/独家合作
6a1936af0000000035022dde,Pullpo,https://sns-avatar-qc.xhscdn.com/avatar/1040g2jo31u3ageelhs0g5pgv5sphosnds9uta80?imageView2/2/w/80/format/jpg,穿搭,https://www.xiaohongshu.com/explore/68a6f57a000000001c034c0a?xsec_token=AB62lh0QmAeGiMW1tHl_bW-djc3EyWguUIISNJPhWav_I=,166,71,6,80,1,323,双门槛全部达标,0.428,0.036,高收藏带货型,优先复投，适合挂车、引导搜索转化，深度年框/独家合作
6a193ee1000000003700e4a8,十一上班穿什么,https://sns-avatar-qc.xhscdn.com/avatar/1040g2jo31vptv4umjq0g5qfq1t8gg803s77t4qo?imageView2/2/w/80/format/jpg,穿搭,https://www.xiaohongshu.com/explore/68a6f57a000000001c034c0a?xsec_token=AB62lh0QmAeGiMW1tHl_bW-f9w7FibCCGZNv62q-mX3wE=,1499,853,10,50,1,2412,双门槛全部达标,0.569,0.007,高收藏带货型,优先复投，适合挂车、引导搜索转化，深度年框/独家合作
6a194e55000000000603580f,蛋花汤蛋炒饭,https://sns-avatar-qc.xhscdn.com/avatar/60666926417dc80001d82e32.jpg?imageView2/2/w/80/format/jpg,穿搭,https://www.xiaohongshu.com/explore/68a6f57a000000001c034c0a?xsec_token=AB62lh0QmAeGiMW1tHl_bW-TOQq1soZ0ofVkdyvTn1GTg=,605,181,7,33,1,826,双门槛全部达标,0.299,0.012,普通低价值博主,转化比值一般，性价比偏低
6a19820600000000380372eb,何穗,https://sns-avatar-qc.xhscdn.com/avatar/64488f257cf83cd837e261d3.jpg?imageView2/2/w/80/format/jpg,穿搭,https://www.xiaohongshu.com/explore/68a6f57a000000001c034c0a?xsec_token=AB62lh0QmAeGiMW1tHl_bW-SVLtaCDPDDa5TULnHlhpfI=,47820,2613,2132,3217,1,55782,双门槛全部达标,0.055,0.045,普通低价值博主,转化比值一般，性价比偏低
6a199d270000000036032604,iamxixi,https://sns-avatar-qc.xhscdn.com/avatar/1040g2jo31nc9ivcfl8105pu0114jjkom3tulsag?imageView2/2/w/80/format/jpg,穿搭,https://www.xiaohongshu.com/explore/68a6f57a000000001c034c0a?xsec_token=AB62lh0QmAeGiMW1tHl_bW-fgqxQa8jW5x_hi9zJ1YnuM=,3534,1052,35,255,1,4876,双门槛全部达标,0.298,0.01,普通低价值博主,转化比值一般，性价比偏低
6a1a53370000000035026b9b,王冰冰,https://sns-avatar-qc.xhscdn.com/avatar/1040g2jo30ukgo2e9la6g5opka3fmblt4r4eo7q8?imageView2/2/w/80/format/jpg,穿搭,https://www.xiaohongshu.com/explore/68a6f57a000000001c034c0a?xsec_token=AB-6JpaUxcCHfSFUE7sFRcshINNxYDdvx_XTc3YuRgzMs=,8559,1309,302,442,1,10612,双门槛全部达标,0.153,0.035,普通低价值博主,转化比值一般，性价比偏低
6a1a61290000000035038ebd,追追别后悔,https://sns-avatar-qc.xhscdn.com/avatar/66ed85eb38f13de3869bcafd.jpg?imageView2/2/w/80/format/jpg,穿搭,https://www.xiaohongshu.com/explore/68a6f57a000000001c034c0a?xsec_token=AB-6JpaUxcCHfSFUE7sFRcsoOGGe27OjWfsYXBaIg1RAU=,3152,1221,97,63,1,4533,双门槛全部达标,0.387,0.031,高收藏带货型,优先复投，适合挂车、引导搜索转化，深度年框/独家合作
6a1a6dbe0000000035028ac8,ai mei的鱼,https://sns-avatar-qc.xhscdn.com/avatar/1040g2jo31tl22vv9mo005nfh18ig8hrdse6m8f8?imageView2/2/w/80/format/jpg,穿搭,https://www.xiaohongshu.com/explore/68a6f57a000000001c034c0a?xsec_token=AB-6JpaUxcCHfSFUE7sFRcsve87lijwG9ceUp6Ha8o9EU=,993,249,25,18,1,1285,双门槛全部达标,0.251,0.025,普通低价值博主,转化比值一般，性价比偏低
6a1ad37a000000000803c636,妍儿穿搭酱🍒,https://sns-avatar-qc.xhscdn.com/avatar/5e401cc9bcad070001e1bd4a.jpg?imageView2/2/w/80/format/jpg,穿搭,https://www.xiaohongshu.com/explore/68a6f57a000000001c034c0a?xsec_token=AB-6JpaUxcCHfSFUE7sFRcspE1bKyeJOMvui07pQf75xE=,798,342,16,43,1,1199,双门槛全部达标,0.429,0.02,高收藏带货型,优先复投，适合挂车、引导搜索转化，深度年框/独家合作
6a1adf5a00000000360009e2,🐱你看上去很可爱,https://sns-avatar-qc.xhscdn.com/avatar/1040g2jo31pa21cbai400400qc24s0tnt5cq7fg0?imageView2/2/w/80/format/jpg,穿搭,https://www.xiaohongshu.com/explore/68a6f57a000000001c034c0a?xsec_token=AB-6JpaUxcCHfSFUE7sFRcstvESWIdNPBRzy0Cs0kbRTo=,631,359,43,27,1,1060,双门槛全部达标,0.569,0.068,高收藏带货型,优先复投，适合挂车、引导搜索转化，深度年框/独家合作
6a1ae9030000000038034527,正在舒入,https://sns-avatar-qc.xhscdn.com/avatar/1040g2jo321936vjfnu005nff58cg8da9q88iv0o?imageView2/2/w/80/format/jpg,穿搭,https://www.xiaohongshu.com/explore/68a6f57a000000001c034c0a?xsec_token=AB-6JpaUxcCHfSFUE7sFRcstlsVcqfjA0j6DAvxH-azJw=,419,181,18,81,1,699,双门槛全部达标,0.432,0.043,高收藏带货型,优先复投，适合挂车、引导搜索转化，深度年框/独家合作
6a1afbbf000000003501eab7,Kat🐱,https://sns-avatar-qc.xhscdn.com/avatar/652929b1bab57001111699c9.jpg?imageView2/2/w/80/format/jpg,穿搭,https://www.xiaohongshu.com/explore/68a6f57a000000001c034c0a?xsec_token=AB-6JpaUxcCHfSFUE7sFRcsuLsQE7k-pG8su7QUfLgexg=,49540,2922,2359,3432,1,58253,双门槛全部达标,0.059,0.048,普通低价值博主,转化比值一般，性价比偏低
6a1bad03000000003601bc92,莉莉吖,https://sns-avatar-qc.xhscdn.com/avatar/1040g2jo31v4lnp892a0g5n5ca1343kkju357k48?imageView2/2/w/80/format/jpg,穿搭,https://www.xiaohongshu.com/explore/68a6f57a000000001c034c0a?xsec_token=ABSltn_9ssAysVFr2_pog0ZRA7sflOWTAG4lNtDMgAvbg=,103,50,9,37,1,199,双门槛全部达标,0.485,0.087,普通低价值博主,转化比值一般，性价比偏低
6a1bcf670000000008025b73,星野兔TuT,https://sns-avatar-qc.xhscdn.com/avatar/1040g2jo31tntqv5hn20g49ql1rma3v58mqguqvo?imageView2/2/w/80/format/jpg,穿搭,https://www.xiaohongshu.com/explore/68a6f57a000000001c034c0a?xsec_token=ABSltn_9ssAysVFr2_pog0ZTkcCQ-Z_w4RiHUVCVOXVL4=,82,21,9,7,1,119,双门槛全部达标,0.256,0.11,普通低价值博主,转化比值一般，性价比偏低
6a1bfef00000000038034149,咕咚椰椰欧美穿搭分享,https://sns-avatar-qc.xhscdn.com/avatar/1040g2jo320thocreno005q027d93jtkjel4dsi0?imageView2/2/w/80/format/jpg,穿搭,https://www.xiaohongshu.com/explore/68a6f57a000000001c034c0a?xsec_token=ABSltn_9ssAysVFr2_pog0Zcpv4a36XTuckLGW4wekywE=,241,206,1,10,1,458,双门槛全部达标,0.855,0.004,高收藏带货型,优先复投，适合挂车、引导搜索转化，深度年框/独家合作
6a1c30b8000000003601cd8a,鹿先生,https://sns-avatar-qc.xhscdn.com/avatar/607ae2d9a8c58bc64565dcfe.jpg?imageView2/2/w/80/format/jpg,穿搭,https://www.xiaohongshu.com/explore/68a6f57a000000001c034c0a?xsec_token=ABCUat1hgNz1bFk1mbmjBKBUH1C0ZIrlKHmFcU6Vgw5Hs=,4545,1707,11,154,1,6417,双门槛全部达标,0.376,0.002,高收藏带货型,优先复投，适合挂车、引导搜索转化，深度年框/独家合作
6a1cba8c0000000008026194,清柠,https://sns-avatar-qc.xhscdn.com/avatar/1040g2jo31na7vlti6m005ojldu1oc42h0fgj0e0?imageView2/2/w/80/format/jpg,穿搭,https://www.xiaohongshu.com/explore/68a6f57a000000001c034c0a?xsec_token=ABCUat1hgNz1bFk1mbmjBKBeN5rGpu6fUXH-hv9uUUBQE=,6736,2906,266,500,1,10408,双门槛全部达标,0.431,0.039,高收藏带货型,优先复投，适合挂车、引导搜索转化，深度年框/独家合作
6a1d350900000000350259ff,sunset,https://sns-avatar-qc.xhscdn.com/avatar/68ece149f212dc1c530baf5a.jpg?imageView2/2/w/80/format/jpg,穿搭,https://www.xiaohongshu.com/explore/68a6f57a000000001c034c0a?xsec_token=ABCdmnJ4SUptKxjxNR_wdyc9CdGx2CqCBgHNwxP0w46Ac=,4035,296,106,286,1,4723,双门槛全部达标,0.073,0.026,普通低价值博主,转化比值一般，性价比偏低
6a1d49ad0000000036030017,搭搭日记,https://sns-avatar-qc.xhscdn.com/avatar/1040g2jo31m9lcr2vli005pthmphjjgfopshhht8?imageView2/2/w/80/format/jpg,穿搭,https://www.xiaohongshu.com/explore/68a6f57a000000001c034c0a?xsec_token=ABCdmnJ4SUptKxjxNR_wdyc-sFIUMPowq8XvqsLeh8S14=,309,169,8,43,1,529,双门槛全部达标,0.547,0.026,高收藏带货型,优先复投，适合挂车、引导搜索转化，深度年框/独家合作
6a1d8264000000003502774c,Seren.,https://sns-avatar-qc.xhscdn.com/avatar/1040g2jo31u62gqnoiu005q8qrdrdo3q398h4728?imageView2/2/w/80/format/jpg,穿搭,https://www.xiaohongshu.com/explore/68a6f57a000000001c034c0a?xsec_token=ABCdmnJ4SUptKxjxNR_wdyc2CIEIdnak7QzFQ6sK5Refw=,4,4,0,0,1,8,总互动不足100,1.0,0.0,普通低价值博主,总互动仅8，流量薄弱，不建议投放
6a1daec00000000021021401,是CC家的呀,https://sns-avatar-qc.xhscdn.com/avatar/1040g2jo31nk4ehvpmm005q75p93doo93k03dtng?imageView2/2/w/80/format/jpg,穿搭,https://www.xiaohongshu.com/explore/68a6f57a000000001c034c0a?xsec_token=ABCdmnJ4SUptKxjxNR_wdyczkwnkP1f3UlGurAZTQDHmc=,117,71,5,85,1,278,双门槛全部达标,0.607,0.043,高收藏带货型,优先复投，适合挂车、引导搜索转化，深度年框/独家合作
6a1e265e0000000006030b8b,贰伍壹拾,https://sns-avatar-qc.xhscdn.com/avatar/6266ba2ad4299be64dacb59b.jpg?imageView2/2/w/80/format/jpg,穿搭,https://www.xiaohongshu.com/explore/68a6f57a000000001c034c0a?xsec_token=ABEUnMb0K94rO415NeW0VI8DjElKvYH7RIVM2Z3pWU-FE=,546,304,25,111,1,986,双门槛全部达标,0.557,0.046,高收藏带货型,优先复投，适合挂车、引导搜索转化，深度年框/独家合作
6a1e5623000000003700f043,小羊苏西｜法式基础穿搭,https://sns-avatar-qc.xhscdn.com/avatar/1040g2jo320khftut68005nc3dsl0ba97qfjr9e0?imageView2/2/w/80/format/jpg,穿搭,https://www.xiaohongshu.com/explore/68a6f57a000000001c034c0a?xsec_token=ABEUnMb0K94rO415NeW0VI8HkSnMIuc5t3icgM2bS3vdA=,672,636,8,109,1,1425,双门槛全部达标,0.946,0.012,高收藏带货型,优先复投，适合挂车、引导搜索转化，深度年框/独家合作
6a1e68fa000000003502d19d,人尹木三-RUNNING MONSOON,https://sns-avatar-qc.xhscdn.com/avatar/1000g2jo2pua5bvck40005neddbsg98tiji73c40?imageView2/2/w/80/format/jpg,穿搭,https://www.xiaohongshu.com/explore/68a6f57a000000001c034c0a?xsec_token=ABEUnMb0K94rO415NeW0VI8IZeUQnPPdUywK7DOHrtL-s=,358,188,21,74,1,641,双门槛全部达标,0.525,0.059,高收藏带货型,优先复投，适合挂车、引导搜索转化，深度年框/独家合作
6a1eaff0000000003700e769,i酸辣烫（变美版）,https://sns-avatar-qc.xhscdn.com/avatar/1040g2jo31u701rt3io5g4b4lgl88q9ll0rg1uu0?imageView2/2/w/80/format/jpg,穿搭,https://www.xiaohongshu.com/explore/68a6f57a000000001c034c0a?xsec_token=ABEUnMb0K94rO415NeW0VI8BFdGpEc345sFA5U3w1FIGE=,525,481,2,81,1,1089,双门槛全部达标,0.916,0.004,高收藏带货型,优先复投，适合挂车、引导搜索转化，深度年框/独家合作
6a1ec7d800000000380351df,为什么要背小书包,https://sns-avatar-qc.xhscdn.com/avatar/63fbaeeac04ea1143dd09386.jpg?imageView2/2/w/80/format/jpg,穿搭,https://www.xiaohongshu.com/explore/68a6f57a000000001c034c0a?xsec_token=ABEUnMb0K94rO415NeW0VI8B6r59uM0kZcAx1TnEvkX10=,4193,1531,129,115,1,5968,双门槛全部达标,0.365,0.031,高收藏带货型,优先复投，适合挂车、引导搜索转化，深度年框/独家合作
6a1f764000000000360033e3,甄甜甜,https://sns-avatar-qc.xhscdn.com/avatar/1040g2jo31in1etiggu1049rv3j72khva1il39t0?imageView2/2/w/80/format/jpg,穿搭,https://www.xiaohongshu.com/explore/68a6f57a000000001c034c0a?xsec_token=ABj3VHdZAnksmQVAasT8Yvt_x6Rexfh1KRdMIC0x-xlCQ=,583,249,28,32,1,892,双门槛全部达标,0.427,0.048,高收藏带货型,优先复投，适合挂车、引导搜索转化，深度年框/独家合作
6a1fcfc50000000022028056,Hannah默,https://sns-avatar-qc.xhscdn.com/avatar/1040g2jo31r9jd7r4mu5g5q88trgcitdi1runsng?imageView2/2/w/80/format/jpg,穿搭,https://www.xiaohongshu.com/explore/68a6f57a000000001c034c0a?xsec_token=ABj3VHdZAnksmQVAasT8Yvt93UH5LkMmqqIgw2x4CIEWs=,62,16,2,8,1,88,总互动不足100,0.258,0.032,普通低价值博主,总互动仅88，流量薄弱，不建议投放
6a200943000000003502104c,三木小个子ootd,https://sns-avatar-qc.xhscdn.com/avatar/1040g2jo31v3tb5jj1m5g5ogog4tgkm45uajms08?imageView2/2/w/80/format/jpg,穿搭,https://www.xiaohongshu.com/explore/68a6f57a000000001c034c0a?xsec_token=ABma6w5g1GReGUtqqk5Aj-m_pe-2UgB7x63FMZOQ59iCQ=,1481,745,185,125,1,2536,双门槛全部达标,0.503,0.125,普通低价值博主,转化比值一般，性价比偏低
6a200c5d000000003503a8d3,新疆师范大学小拉学长,https://sns-avatar-qc.xhscdn.com/avatar/1040g2jo3207nm2qblg405p9tpnf1158ktuq1mi0?imageView2/2/w/80/format/jpg,穿搭,https://www.xiaohongshu.com/explore/68a6f57a000000001c034c0a?xsec_token=ABma6w5g1GReGUtqqk5Aj-m7rMBpMbnspFYsz8Y9MRluo=,4244,3836,40,485,1,8605,双门槛全部达标,0.904,0.009,高收藏带货型,优先复投，适合挂车、引导搜索转化，深度年框/独家合作
6a201744000000003700f34e,无敌の我（黑化版）,https://sns-avatar-qc.xhscdn.com/avatar/1040g2jo31cbh5fbf0m0049ms0p482krmlcdna5o?imageView2/2/w/80/format/jpg,穿搭,https://www.xiaohongshu.com/explore/68a6f57a000000001c034c0a?xsec_token=ABma6w5g1GReGUtqqk5Aj-my7yrOOSs8Pvi72OGcpRcSk=,7342,2910,379,179,1,10810,双门槛全部达标,0.396,0.052,高收藏带货型,优先复投，适合挂车、引导搜索转化，深度年框/独家合作
6a20336c0000000022014322,叼个奶嘴走四方,https://sns-avatar-qc.xhscdn.com/avatar/1040g2jo321h7dr507e0g5p3skd843pio25jp9no?imageView2/2/w/80/format/jpg,穿搭,https://www.xiaohongshu.com/explore/68a6f57a000000001c034c0a?xsec_token=ABma6w5g1GReGUtqqk5Aj-m9J1fJPJTibsTPmydry4GtA=,86,57,2,41,1,186,双门槛全部达标,0.663,0.023,高收藏带货型,优先复投，适合挂车、引导搜索转化，深度年框/独家合作
6a203f570000000021008ff0,是CC家的呀,https://sns-avatar-qc.xhscdn.com/avatar/1040g2jo31nk4ehvpmm005q75p93doo93k03dtng?imageView2/2/w/80/format/jpg,穿搭,https://www.xiaohongshu.com/explore/68a6f57a000000001c034c0a?xsec_token=ABma6w5g1GReGUtqqk5Aj-my3NawA6exC_ImBAd0MtcqM=,261,132,14,157,1,564,双门槛全部达标,0.506,0.054,高收藏带货型,优先复投，适合挂车、引导搜索转化，深度年框/独家合作
6a20b4730000000008002504,🌸婲儿老師🧦,https://sns-avatar-qc.xhscdn.com/avatar/1040g2jo31qvpebg77g6g5ptk5271ocjdorvr968?imageView2/2/w/80/format/jpg,穿搭,https://www.xiaohongshu.com/explore/68a6f57a000000001c034c0a?xsec_token=ABma6w5g1GReGUtqqk5Aj-m8cxyB9i37XrNKOs6Y92WSo=,2027,426,44,46,1,2543,双门槛全部达标,0.21,0.022,普通低价值博主,转化比值一般，性价比偏低
6a20cc67000000000702877f,悠格悠禾hyggic,https://sns-avatar-qc.xhscdn.com/avatar/1040g2jo31m0iekcul8005q5ourpm5c3dmqunps8?imageView2/2/w/80/format/jpg,穿搭,https://www.xiaohongshu.com/explore/68a6f57a000000001c034c0a?xsec_token=ABma6w5g1GReGUtqqk5Aj-m5wC09ovJ980HiFyl12uqAY=,9,3,0,6,1,18,总互动不足100,0.333,0.0,普通低价值博主,总互动仅18，流量薄弱，不建议投放
6a20ceb80000000006020f83,芝芝椰奶🥛🦋,https://sns-avatar-qc.xhscdn.com/avatar/1040g2jo321snlmblno6g4a0hchdq35kjpckus6g?imageView2/2/w/80/format/jpg,穿搭,https://www.xiaohongshu.com/explore/68a6f57a000000001c034c0a?xsec_token=ABma6w5g1GReGUtqqk5Aj-m2Nw-0tc91IhpZscJ6x6LaM=,892,395,6,20,1,1313,双门槛全部达标,0.443,0.007,高收藏带货型,优先复投，适合挂车、引导搜索转化，深度年框/独家合作
6a20ea90000000002100a9bd,卫_公子,https://sns-avatar-qc.xhscdn.com/avatar/1040g2jo322c2gs147e0049pp90q513jm5ou6lb8?imageView2/2/w/80/format/jpg,穿搭,https://www.xiaohongshu.com/explore/68a6f57a000000001c034c0a?xsec_token=ABma6w5g1GReGUtqqk5Aj-mw7qb4AibjInl7CdEV0wVKY=,215,152,47,3,1,417,双门槛全部达标,0.707,0.219,普通低价值博主,转化比值一般，性价比偏低
6a20eb3f0000000020039925,云边小绵绵,https://sns-avatar-qc.xhscdn.com/avatar/1040g2jo320su6kej7e0049anpc9uci8633sidf0?imageView2/2/w/80/format/jpg,穿搭,https://www.xiaohongshu.com/explore/68a6f57a000000001c034c0a?xsec_token=ABma6w5g1GReGUtqqk5Aj-mwCwUVEfsJ7UX5jMhBKzcNc=,801,780,7,148,1,1736,双门槛全部达标,0.974,0.009,高收藏带货型,优先复投，适合挂车、引导搜索转化，深度年框/独家合作
6a21521800000000360312af,小鱼小妤,https://sns-avatar-qc.xhscdn.com/avatar/5adcb167d1d3b9215e93b3e9.jpg?imageView2/2/w/80/format/jpg,穿搭,https://www.xiaohongshu.com/explore/68a6f57a000000001c034c0a?xsec_token=ABzgGNxjlWs2g0N-8ypNHIZ_hBZAZcZuU-HsUf4NdN9I4=,10839,3768,93,477,1,15177,双门槛全部达标,0.348,0.009,高收藏带货型,优先复投，适合挂车、引导搜索转化，深度年框/独家合作
6a215d8b0000000022028c5b,小梁同学✨,https://sns-avatar-qc.xhscdn.com/avatar/1040g2jo320rrsabnle6g5ok6sbg8c6k6s333reo?imageView2/2/w/80/format/jpg,穿搭,https://www.xiaohongshu.com/explore/68a6f57a000000001c034c0a?xsec_token=ABzgGNxjlWs2g0N-8ypNHIZ5XxnLQO20vFsj_xD0OIpjg=,358,119,39,89,1,605,双门槛全部达标,0.332,0.109,普通低价值博主,转化比值一般，性价比偏低
6a222cf70000000036019879,音符不高～梨形这样穿,https://sns-avatar-qc.xhscdn.com/avatar/1040g2jo3217jlehana6g5nlpv5ug81jmonnctao?imageView2/2/w/80/format/jpg,穿搭,https://www.xiaohongshu.com/explore/68a6f57a000000001c034c0a?xsec_token=ABQR--UYIGb5ica6qvGSWCdC846mFyjbilBJiCC1Vte8c=,68,56,7,13,1,144,双门槛全部达标,0.824,0.103,普通低价值博主,转化比值一般，性价比偏低
6a2279c90000000037037a92,iamxixi,https://sns-avatar-qc.xhscdn.com/avatar/1040g2jo31nc9ivcfl8105pu0114jjkom3tulsag?imageView2/2/w/80/format/jpg,穿搭,https://www.xiaohongshu.com/explore/68a6f57a000000001c034c0a?xsec_token=ABQR--UYIGb5ica6qvGSWCdMG9UA7kYzoSmMPbneplN9E=,15016,6426,177,1137,1,22756,双门槛全部达标,0.428,0.012,高收藏带货型,优先复投，适合挂车、引导搜索转化，深度年框/独家合作
6a22800500000000210234ef,马登福叔,https://sns-avatar-qc.xhscdn.com/avatar/60cac178d2c53d000110ca4c.jpg?imageView2/2/w/80/format/jpg,穿搭,https://www.xiaohongshu.com/explore/68a6f57a000000001c034c0a?xsec_token=ABQR--UYIGb5ica6qvGSWCdK1wL1kYZopK3L3sfj9L9J4=,160,64,8,7,1,239,双门槛全部达标,0.4,0.05,高收藏带货型,优先复投，适合挂车、引导搜索转化，深度年框/独家合作
6a22990c0000000008024ed2,白柚米YOMi,https://sns-avatar-qc.xhscdn.com/avatar/1040g2jo30vnt9scqlq004a51915vnf7p086ia5o?imageView2/2/w/80/format/jpg,穿搭,https://www.xiaohongshu.com/explore/68a6f57a000000001c034c0a?xsec_token=ABQR--UYIGb5ica6qvGSWCdDlp4sNB04lm0h0LDQJ3Oy0=,91646,11089,1512,5276,1,109523,双门槛全部达标,0.121,0.016,普通低价值博主,转化比值一般，性价比偏低
6a22d13b0000000020039917,小乔178,https://sns-avatar-qc.xhscdn.com/avatar/624877984db09947b6d5379c.jpg?imageView2/2/w/80/format/jpg,穿搭,https://www.xiaohongshu.com/explore/68a6f57a000000001c034c0a?xsec_token=ABQR--UYIGb5ica6qvGSWCdLmjP_ZCTECzgRYaosmjyvg=,422,240,41,32,1,735,双门槛全部达标,0.569,0.097,普通低价值博主,转化比值一般，性价比偏低
6a22f3ea0000000021009058,MIA通勤基础款衣橱,https://sns-avatar-qc.xhscdn.com/avatar/1040g2jo320pd7ggnm8005nqod2igbhutkdh880o?imageView2/2/w/80/format/jpg,穿搭,https://www.xiaohongshu.com/explore/68a6f57a000000001c034c0a?xsec_token=ABQR--UYIGb5ica6qvGSWCdDriJW0od6_OtdwPGt-an68=,796,688,11,61,1,1556,双门槛全部达标,0.864,0.014,高收藏带货型,优先复投，适合挂车、引导搜索转化，深度年框/独家合作
6a241ac4000000002100be4d,小瓶bottle,https://sns-avatar-qc.xhscdn.com/avatar/62cd2d890cd277d9be3d23ec.jpg?imageView2/2/w/80/format/jpg,穿搭,https://www.xiaohongshu.com/explore/68a6f57a000000001c034c0a?xsec_token=ABHq5l2vuFHksKTuZ29IguChj-dEJ6i9EMTSO1Yy5FyI4=,2874,495,29,109,1,3507,双门槛全部达标,0.172,0.01,普通低价值博主,转化比值一般，性价比偏低
6a24215b0000000035030c9c,LIT LIGHT 里奈拾光,https://sns-avatar-qc.xhscdn.com/avatar/62e0f594d26d9f0001f14d86.jpg?imageView2/2/w/80/format/jpg,穿搭,https://www.xiaohongshu.com/explore/68a6f57a000000001c034c0a?xsec_token=ABHq5l2vuFHksKTuZ29IguCoOJglBrNT5EnDi5knKQzK8=,6,6,1,0,1,13,总互动不足100,1.0,0.167,普通低价值博主,总互动仅13，流量薄弱，不建议投放
6a242ca7000000000603707e,MIA通勤基础款衣橱,https://sns-avatar-qc.xhscdn.com/avatar/1040g2jo320pd7ggnm8005nqod2igbhutkdh880o?imageView2/2/w/80/format/jpg,穿搭,https://www.xiaohongshu.com/explore/68a6f57a000000001c034c0a?xsec_token=ABHq5l2vuFHksKTuZ29IguCjWkc25LcJS5jA_u0fO50B0=,709,669,11,46,1,1435,双门槛全部达标,0.944,0.016,高收藏带货型,优先复投，适合挂车、引导搜索转化，深度年框/独家合作
6a24d6a7000000001702866d,健胃小鼠片,https://sns-avatar-qc.xhscdn.com/avatar/1040g2jo31rbiv1aj7u0g5pcapg3ogvn8mnraoq8?imageView2/2/w/80/format/jpg,穿搭,https://www.xiaohongshu.com/explore/68a6f57a000000001c034c0a?xsec_token=ABHq5l2vuFHksKTuZ29IguCkijWqHqj2xa3-fZ5puZPCE=,4207,1598,139,286,1,6230,双门槛全部达标,0.38,0.033,高收藏带货型,优先复投，适合挂车、引导搜索转化，深度年框/独家合作
6a24f6a0000000003502a052,十点梨,https://sns-avatar-qc.xhscdn.com/avatar/6425cd513bc14a45a670a26d.jpg?imageView2/2/w/80/format/jpg,穿搭,https://www.xiaohongshu.com/explore/68a6f57a000000001c034c0a?xsec_token=ABHq5l2vuFHksKTuZ29IguCkTxVxmhrX1mbBqYJWotADY=,3804,2371,135,269,1,6579,双门槛全部达标,0.623,0.035,高收藏带货型,优先复投，适合挂车、引导搜索转化，深度年框/独家合作
6a251e18000000003502a472,牛犄角,https://sns-avatar-qc.xhscdn.com/avatar/634045987dc4bc2d26767c31.jpg?imageView2/2/w/80/format/jpg,穿搭,https://www.xiaohongshu.com/explore/68a6f57a000000001c034c0a?xsec_token=ABWlruYc1Pi-3fyiVb4fLffPbiFEAqqwLcHwEjwOExluc=,131,59,1,57,1,248,双门槛全部达标,0.45,0.008,高收藏带货型,优先复投，适合挂车、引导搜索转化，深度年框/独家合作
6a255b8c0000000022026d4d,三木小个子ootd,https://sns-avatar-qc.xhscdn.com/avatar/1040g2jo31v3tb5jj1m5g5ogog4tgkm45uajms08?imageView2/2/w/80/format/jpg,穿搭,https://www.xiaohongshu.com/explore/68a6f57a000000001c034c0a?xsec_token=ABWlruYc1Pi-3fyiVb4fLffMsR3QNx-yZJWXvjZe4Vr7U=,2029,1106,164,159,1,3458,双门槛全部达标,0.545,0.081,普通低价值博主,转化比值一般，性价比偏低
6a25621f0000000008024d61,妍儿穿搭酱🍒,https://sns-avatar-qc.xhscdn.com/avatar/5e401cc9bcad070001e1bd4a.jpg?imageView2/2/w/80/format/jpg,穿搭,https://www.xiaohongshu.com/explore/68a6f57a000000001c034c0a?xsec_token=ABWlruYc1Pi-3fyiVb4fLffGM867btCcm9G_CwRg5f6xA=,972,343,2,68,1,1385,双门槛全部达标,0.353,0.002,高收藏带货型,优先复投，适合挂车、引导搜索转化，深度年框/独家合作
6a261ed1000000000702a95e,睿子__Rachel,https://sns-avatar-qc.xhscdn.com/avatar/1040g2jo30s54g1k4iq00444h9mujbjb22jl43so?imageView2/2/w/80/format/jpg,穿搭,https://www.xiaohongshu.com/explore/68a6f57a000000001c034c0a?xsec_token=ABKotL-IqqfFNusWd8eWKZTnRBANQKrAz_3jhH97-ENHA=,2715,1155,105,163,1,4138,双门槛全部达标,0.425,0.039,高收藏带货型,优先复投，适合挂车、引导搜索转化，深度年框/独家合作
6a262cc9000000001c0243b3,Ivyyy.,https://sns-avatar-qc.xhscdn.com/avatar/1040g2jo31vo6sq1i2a0g5n4nl3lk9vvv2obg9m8?imageView2/2/w/80/format/jpg,穿搭,https://www.xiaohongshu.com/explore/68a6f57a000000001c034c0a?xsec_token=ABKotL-IqqfFNusWd8eWKZTsYLPXbKzyJL2G-GUcUOMac=,1286,386,31,32,1,1735,双门槛全部达标,0.3,0.024,普通低价值博主,转化比值一般，性价比偏低
6a26539d000000003501ea37,Da1nh-,https://sns-avatar-qc.xhscdn.com/avatar/1040g2jo31lqpg9o2lu0g5pg545gipjvdjtpean8?imageView2/2/w/80/format/jpg,穿搭,https://www.xiaohongshu.com/explore/68a6f57a000000001c034c0a?xsec_token=ABKotL-IqqfFNusWd8eWKZTjHLUxw6jtnHxbX9oqaMHtU=,121,28,8,4,1,161,双门槛全部达标,0.231,0.066,普通低价值博主,转化比值一般，性价比偏低
6a26722a000000000803c5d5,是苏苏呀,https://sns-avatar-qc.xhscdn.com/avatar/1040g2jo31icm5j950c005p9be37al1936fbkks0?imageView2/2/w/80/format/jpg,穿搭,https://www.xiaohongshu.com/explore/68a6f57a000000001c034c0a?xsec_token=ABKotL-IqqfFNusWd8eWKZTrIPom4CmLYRFHtEXQx6jb8=,130,47,0,23,1,200,双门槛全部达标,0.362,0.0,高收藏带货型,优先复投，适合挂车、引导搜索转化，深度年框/独家合作
6a269bc500000000160261b1,辛夷,https://sns-avatar-qc.xhscdn.com/avatar/1040g2jo31pf42cmvigdg5q1maq37nnvml0ld4ig?imageView2/2/w/80/format/jpg,穿搭,https://www.xiaohongshu.com/explore/68a6f57a000000001c034c0a?xsec_token=ABKotL-IqqfFNusWd8eWKZTqnukr9ve1Tq73A5nyGft9o=,98,32,1,18,1,149,双门槛全部达标,0.327,0.01,高收藏带货型,优先复投，适合挂车、引导搜索转化，深度年框/独家合作
6a269e3a000000000702392f,一个人,https://sns-avatar-qc.xhscdn.com/avatar/1040g2jo31o6bom1g5m005q6riahslfm3420k57o?imageView2/2/w/80/format/jpg,穿搭,https://www.xiaohongshu.com/explore/68a6f57a000000001c034c0a?xsec_token=ABKotL-IqqfFNusWd8eWKZTijpWUeVmgGqjbzcU4DcAro=,16341,4156,184,292,1,20973,双门槛全部达标,0.254,0.011,普通低价值博主,转化比值一般，性价比偏低
6a269fa7000000002201b972,雪露啦lulu,https://sns-avatar-qc.xhscdn.com/avatar/1040g2jo31bkvo2hr10505o6vvlhgbqmlpl1j1j8?imageView2/2/w/80/format/jpg,穿搭,https://www.xiaohongshu.com/explore/68a6f57a000000001c034c0a?xsec_token=ABKotL-IqqfFNusWd8eWKZTtG-hu4OwunVVqPsPzFlvcQ=,15433,3214,168,1215,1,20030,双门槛全部达标,0.208,0.011,普通低价值博主,转化比值一般，性价比偏低
6a26d8bf000000002100b98c,零零的穿搭分享,https://sns-avatar-qc.xhscdn.com/avatar/1040g2jo320fmkh6r62005q75om4dogkho2hkprg?imageView2/2/w/80/format/jpg,穿搭,https://www.xiaohongshu.com/explore/68a6f57a000000001c034c0a?xsec_token=ABKotL-IqqfFNusWd8eWKZTqbY9Av2naiRHYZKMGpqklo=,215,195,6,32,1,448,双门槛全部达标,0.907,0.028,高收藏带货型,优先复投，适合挂车、引导搜索转化，深度年框/独家合作
6a27822a000000002003a0f3,무채（Mu-Chae）,https://sns-avatar-qc.xhscdn.com/avatar/1040g2jo3209bm9mp6e005nsull409dtdl18cvco?imageView2/2/w/80/format/jpg,穿搭,https://www.xiaohongshu.com/explore/68a6f57a000000001c034c0a?xsec_token=ABk-qVA4i9oKVJvw36K9ZoYtYtA6Ml71XHC_pvkQ3Ej4g=,2030,742,37,135,1,2944,双门槛全部达标,0.366,0.018,高收藏带货型,优先复投，适合挂车、引导搜索转化，深度年框/独家合作
6a27b6cb0000000007028326,heee_cx,https://sns-avatar-qc.xhscdn.com/avatar/1040g2jo31j47rgdt1c005pdsv463boo7ed4k7t0?imageView2/2/w/80/format/jpg,穿搭,https://www.xiaohongshu.com/explore/68a6f57a000000001c034c0a?xsec_token=ABk-qVA4i9oKVJvw36K9ZoYi0dgtJFkDCNAj9WZtHYtWg=,374,133,9,68,1,584,双门槛全部达标,0.356,0.024,高收藏带货型,优先复投，适合挂车、引导搜索转化，深度年框/独家合作
6a27ef4b000000002202654c,lsuy-,https://sns-avatar-qc.xhscdn.com/avatar/1040g2jo31h7pjda6j40049mikb84b7je8qcorq8?imageView2/2/w/80/format/jpg,穿搭,https://www.xiaohongshu.com/explore/68a6f57a000000001c034c0a?xsec_token=ABk-qVA4i9oKVJvw36K9ZoYqJ58JGsnXoBCJC3-VICEL8=,2862,567,41,99,1,3569,双门槛全部达标,0.198,0.014,普通低价值博主,转化比值一般，性价比偏低
6a2829ad00000000080308fc,my-name-is-MM,https://sns-avatar-qc.xhscdn.com/avatar/62348163ffe7365d84a77c0c.jpg?imageView2/2/w/80/format/jpg,穿搭,https://www.xiaohongshu.com/explore/68a6f57a000000001c034c0a?xsec_token=AB4yWK8dCo2__O-rxRNrxSLL3ily-C3cyfc_-BETepLFk=,1025,596,70,90,1,1781,双门槛全部达标,0.581,0.068,高收藏带货型,优先复投，适合挂车、引导搜索转化，深度年框/独家合作
6a28ed5a0000000007026db1,For.Mr C(C先森),https://sns-avatar-qc.xhscdn.com/avatar/1040g2jo31r4857u4g0005o93cptg8qce5jqoivg?imageView2/2/w/80/format/jpg,穿搭,https://www.xiaohongshu.com/explore/68a6f57a000000001c034c0a?xsec_token=AB4yWK8dCo2__O-rxRNrxSLMqPb-wG8dzew3S2nWniv9Y=,6,2,0,0,1,8,总互动不足100,0.333,0.0,普通低价值博主,总互动仅8，流量薄弱，不建议投放
6a294300000000001603cf92,杨超越,https://sns-avatar-qc.xhscdn.com/avatar/1040g2jo310ub61sp6g004a4iqutrcq9vlabu818?imageView2/2/w/80/format/jpg,穿搭,https://www.xiaohongshu.com/explore/68a6f57a000000001c034c0a?xsec_token=ABXzbP433karRg3ngr4-4Ml_MhX2Qb4aqY7cx4bLhiY-Q=,108017,7367,4226,7379,1,126989,双门槛全部达标,0.068,0.039,普通低价值博主,转化比值一般，性价比偏低
6a294e88000000002003b9d6,Orense Man,https://sns-avatar-qc.xhscdn.com/avatar/1040g2jo31g0rcpffgi0g5pv3sbq3i0ka6hctn0o?imageView2/2/w/80/format/jpg,穿搭,https://www.xiaohongshu.com/explore/68a6f57a000000001c034c0a?xsec_token=ABXzbP433karRg3ngr4-4Ml_jbYRxv44SJgT_yP1CqkNI=,31,24,0,3,1,58,总互动不足100,0.774,0.0,普通低价值博主,总互动仅58，流量薄弱，不建议投放
6a2a4c87000000002202b2f6,LIT LIGHT 里奈拾光,https://sns-avatar-qc.xhscdn.com/avatar/62e0f594d26d9f0001f14d86.jpg?imageView2/2/w/80/format/jpg,穿搭,https://www.xiaohongshu.com/explore/68a6f57a000000001c034c0a?xsec_token=ABK9LrzzXpC21hnAQavG8EE7YDOB2k_S1f6uc7FnrEg-M=,1,1,3,1,1,6,总互动不足100,1.0,3.0,普通低价值博主,总互动仅6，流量薄弱，不建议投放
6a2a67d9000000001700a9e0,虹色的夢,https://sns-avatar-qc.xhscdn.com/avatar/1040g2jo322kko8p6nk6g5pkj9193utbultq6q0g?imageView2/2/w/80/format/jpg,穿搭,https://www.xiaohongshu.com/explore/68a6f57a000000001c034c0a?xsec_token=ABK9LrzzXpC21hnAQavG8EE8hVZ1X2EXUEsbGleWogRt8=,9143,2834,327,1111,1,13415,双门槛全部达标,0.31,0.036,高收藏带货型,优先复投，适合挂车、引导搜索转化，深度年框/独家合作
6a2a875a0000000007010a38,一桶江山,https://sns-avatar-qc.xhscdn.com/avatar/66891a54899e8022258c5b53.jpg?imageView2/2/w/80/format/jpg,穿搭,https://www.xiaohongshu.com/explore/68a6f57a000000001c034c0a?xsec_token=ABK9LrzzXpC21hnAQavG8EE_ZyXlS_3uC3rsYCVd-7NJo=,676,299,31,50,1,1056,双门槛全部达标,0.442,0.046,高收藏带货型,优先复投，适合挂车、引导搜索转化，深度年框/独家合作
6a2aae5e0000000016027a7f,Peanut酱,https://sns-avatar-qc.xhscdn.com/avatar/1040g2jo3203o6tiiii0g40jeg51p96pvl2p5n28?imageView2/2/w/80/format/jpg,穿搭,https://www.xiaohongshu.com/explore/68a6f57a000000001c034c0a?xsec_token=ABK9LrzzXpC21hnAQavG8EE0OYGHPvQazjwGseJUusegI=,3912,1314,85,119,1,5430,双门槛全部达标,0.336,0.022,高收藏带货型,优先复投，适合挂车、引导搜索转化，深度年框/独家合作
6a2ac33a0000000016027907,Alllstone,https://sns-avatar-qc.xhscdn.com/avatar/6163161ebd86896cad000ef9.jpg?imageView2/2/w/80/format/jpg,穿搭,https://www.xiaohongshu.com/explore/68a6f57a000000001c034c0a?xsec_token=ABK9LrzzXpC21hnAQavG8EE3IS9xxMhCEM8UT2DR7rQmA=,326,26,9,6,1,367,双门槛全部达标,0.08,0.028,普通低价值博主,转化比值一般，性价比偏低
6a2accbe0000000015025851,小居,https://sns-avatar-qc.xhscdn.com/avatar/1040g2jo313abn8o204005pa5ognhgnfdkfjh95g?imageView2/2/w/80/format/jpg,穿搭,https://www.xiaohongshu.com/explore/68a6f57a000000001c034c0a?xsec_token=ABK9LrzzXpC21hnAQavG8EE6hdmLaD725gXgiJev0CKao=,964,377,28,99,1,1468,双门槛全部达标,0.391,0.029,高收藏带货型,优先复投，适合挂车、引导搜索转化，深度年框/独家合作
6a2b55c4000000001702bf1c,小羊卷卷,https://sns-avatar-qc.xhscdn.com/avatar/1040g2jo31m3807u868005njb76609du3agbuda0?imageView2/2/w/80/format/jpg,穿搭,https://www.xiaohongshu.com/explore/68a6f57a000000001c034c0a?xsec_token=ABngcQtSr4KYxREb1C6N24s7CO-cRrb9Fobw8cKOeFJ2g=,1629,396,17,152,1,2194,双门槛全部达标,0.243,0.01,普通低价值博主,转化比值一般，性价比偏低
6a2bb8010000000006037cc7,方俞Fiona,https://sns-avatar-qc.xhscdn.com/avatar/1040g2jo31r05t1ut00005q74nv7cl6hg8ucoeu8?imageView2/2/w/80/format/jpg,穿搭,https://www.xiaohongshu.com/explore/68a6f57a000000001c034c0a?xsec_token=ABngcQtSr4KYxREb1C6N24s5-HSEpbvx9RompWTED0Oiw=,86,43,9,4,1,142,双门槛全部达标,0.5,0.105,普通低价值博主,转化比值一般，性价比偏低
6a2bc3b00000000006036475,是CC家的呀,https://sns-avatar-qc.xhscdn.com/avatar/1040g2jo31nk4ehvpmm005q75p93doo93k03dtng?imageView2/2/w/80/format/jpg,穿搭,https://www.xiaohongshu.com/explore/68a6f57a000000001c034c0a?xsec_token=ABngcQtSr4KYxREb1C6N24s8G_zOF2hEGzKNqbs7cWG0c=,18,16,9,4,1,47,总互动不足100,0.889,0.5,普通低价值博主,总互动仅47，流量薄弱，不建议投放
6a2be3bd0000000035020c6d,郑的四次方,https://sns-avatar-qc.xhscdn.com/avatar/64a238ddf25b490a57284f08.jpg?imageView2/2/w/80/format/jpg,穿搭,https://www.xiaohongshu.com/explore/68a6f57a000000001c034c0a?xsec_token=ABngcQtSr4KYxREb1C6N24s2u_Zmu65y8ECOKG76FtVdM=,35285,2926,566,1287,0,40064,笔记不足1,0.083,0.016,普通低价值博主,笔记仅0条，无内容基础，不建议投放
6a2bfcff000000000702456b,一粒丸,https://sns-avatar-qc.xhscdn.com/avatar/60917c526254a51e34805e83.jpg?imageView2/2/w/80/format/jpg,穿搭,https://www.xiaohongshu.com/explore/68a6f57a000000001c034c0a?xsec_token=ABngcQtSr4KYxREb1C6N24s_j6pWvO-V7O20qpQsqRh1c=,2898,462,36,103,1,3499,双门槛全部达标,0.159,0.012,普通低价值博主,转化比值一般，性价比偏低
6a2cd3d100000000080036ad,翩翩（航天小锦鲤）,https://sns-avatar-qc.xhscdn.com/avatar/1040g2jo31dfntgrvgs6g5p9nmeq11dnqooqjscg?imageView2/2/w/80/format/jpg,穿搭,https://www.xiaohongshu.com/explore/68a6f57a000000001c034c0a?xsec_token=ABTEdHWg9miXo8pUg4ORwxM9rpSc99YvjU-vOW3sqDKwk=,16189,4582,405,182,1,21358,双门槛全部达标,0.283,0.025,普通低价值博主,转化比值一般，性价比偏低
6a2cff92000000000702255f,丫头,https://sns-avatar-qc.xhscdn.com/avatar/603df7810000000001003e0d.jpg?imageView2/2/w/80/format/jpg,穿搭,https://www.xiaohongshu.com/explore/68a6f57a000000001c034c0a?xsec_token=ABTEdHWg9miXo8pUg4ORwxM_OzvHfced7wVXkOj7WjN1k=,94,54,0,8,1,156,双门槛全部达标,0.574,0.0,高收藏带货型,优先复投，适合挂车、引导搜索转化，深度年框/独家合作
6a2d139600000000070273e1,马登工装,https://sns-avatar-qc.xhscdn.com/avatar/seller_695388ff01e8f900018cd057?imageView2/2/w/80/format/jpg,穿搭,https://www.xiaohongshu.com/explore/68a6f57a000000001c034c0a?xsec_token=ABaznvuNBfXkSiW1ztidu2GuGEhxmdrj4VeR7L98KOhio=,31,12,2,6,1,51,总互动不足100,0.387,0.065,普通低价值博主,总互动仅51，流量薄弱，不建议投放
6a2e2bbb0000000022023b68,十点梨,https://sns-avatar-qc.xhscdn.com/avatar/6425cd513bc14a45a670a26d.jpg?imageView2/2/w/80/format/jpg,穿搭,https://www.xiaohongshu.com/explore/68a6f57a000000001c034c0a?xsec_token=ABcL26rrWBFd_ipLEzPQSUyMqwmpPsC4QF-3_FaVJdisc=,12137,6376,227,971,1,19711,双门槛全部达标,0.525,0.019,高收藏带货型,优先复投，适合挂车、引导搜索转化，深度年框/独家合作
6a2e4e83000000002202333c,XiXi在这儿,https://sns-avatar-qc.xhscdn.com/avatar/1040g2jo31r5qc158n0005qb2de852lo8uos6l4g?imageView2/2/w/80/format/jpg,穿搭,https://www.xiaohongshu.com/explore/68a6f57a000000001c034c0a?xsec_token=ABcL26rrWBFd_ipLEzPQSUyBIEUqW2e_UoaXtNMT9Erhc=,1036,351,68,134,1,1589,双门槛全部达标,0.339,0.066,高收藏带货型,优先复投，适合挂车、引导搜索转化，深度年框/独家合作
6a2e70ee00000000210144f2,汪旭圆（奶音）,https://sns-avatar-qc.xhscdn.com/avatar/1040g2jo321gtn8fano005nt432i09etlaaknfro?imageView2/2/w/80/format/jpg,穿搭,https://www.xiaohongshu.com/explore/68a6f57a000000001c034c0a?xsec_token=ABcL26rrWBFd_ipLEzPQSUyG5uUYH8ZvzKT3TN7rCWHwo=,1388,443,14,189,1,2034,双门槛全部达标,0.319,0.01,高收藏带货型,优先复投，适合挂车、引导搜索转化，深度年框/独家合作
6a2e76340000000006033b2c,空空cold,https://sns-avatar-qc.xhscdn.com/avatar/1040g2jo316uatmg0k40g4a6f8v20hlumk441s0g?imageView2/2/w/80/format/jpg,穿搭,https://www.xiaohongshu.com/explore/68a6f57a000000001c034c0a?xsec_token=ABcL26rrWBFd_ipLEzPQSUyKNTjGyKXZcPb-h-L4NHucE=,12987,4725,108,585,1,18405,双门槛全部达标,0.364,0.008,高收藏带货型,优先复投，适合挂车、引导搜索转化，深度年框/独家合作
6a2e84180000000022015ec1,Orense Man,https://sns-avatar-qc.xhscdn.com/avatar/1040g2jo31g0rcpffgi0g5pv3sbq3i0ka6hctn0o?imageView2/2/w/80/format/jpg,穿搭,https://www.xiaohongshu.com/explore/68a6f57a000000001c034c0a?xsec_token=ABcL26rrWBFd_ipLEzPQSUyKHrSLLnOXK_ILSX3a7RmmM=,27,19,2,13,1,61,总互动不足100,0.704,0.074,普通低价值博主,总互动仅61，流量薄弱，不建议投放
6a2e84440000000021021eb0,潮流米古,https://sns-avatar-qc.xhscdn.com/avatar/695dfe940c875af3ba5ce8c8.jpg?imageView2/2/w/80/format/jpg,穿搭,https://www.xiaohongshu.com/explore/68a6f57a000000001c034c0a?xsec_token=ABcL26rrWBFd_ipLEzPQSUyD3Xfk1-5LvKeq1EfVK_1iw=,284,305,2,19,1,610,双门槛全部达标,1.074,0.007,高收藏带货型,优先复投，适合挂车、引导搜索转化，深度年框/独家合作
6a2ea9d50000000021021938,小乔178,https://sns-avatar-qc.xhscdn.com/avatar/624877984db09947b6d5379c.jpg?imageView2/2/w/80/format/jpg,穿搭,https://www.xiaohongshu.com/explore/68a6f57a000000001c034c0a?xsec_token=ABcL26rrWBFd_ipLEzPQSUyKrY5-uPTHD5gdXE1e-Xxgk=,252,101,34,20,1,407,双门槛全部达标,0.401,0.135,普通低价值博主,转化比值一般，性价比偏低
6a2f3d740000000007025522,小颜,https://sns-avatar-qc.xhscdn.com/avatar/1040g2jo31qtp5pga7u605nr5hdag8ousm6aue50?imageView2/2/w/80/format/jpg,穿搭,https://www.xiaohongshu.com/explore/68a6f57a000000001c034c0a?xsec_token=ABCRfV8ETmOOfXjNl4OrQfuJQXnJ16HFuTaVpZUkEd7eI=,166,84,8,18,1,276,双门槛全部达标,0.506,0.048,高收藏带货型,优先复投，适合挂车、引导搜索转化，深度年框/独家合作
6a2f8ad0000000001602758b,Knight,https://sns-avatar-qc.xhscdn.com/avatar/1040g2jo3200ttb2cia005qfbeklgg9014hcnr9g?imageView2/2/w/80/format/jpg,穿搭,https://www.xiaohongshu.com/explore/68a6f57a000000001c034c0a?xsec_token=ABCRfV8ETmOOfXjNl4OrQfuAHdoBRJfnXFH5U5-tmOJMM=,1203,223,42,170,1,1638,双门槛全部达标,0.185,0.035,普通低价值博主,转化比值一般，性价比偏低
6a2f933f000000001102dc68,Mii daily,https://sns-avatar-qc.xhscdn.com/avatar/6463375ff9fdcdb5182ef3bc.jpg?imageView2/2/w/80/format/jpg,穿搭,https://www.xiaohongshu.com/explore/68a6f57a000000001c034c0a?xsec_token=ABCRfV8ETmOOfXjNl4OrQfuBpFgUvm2tXtytCotqi0llw=,870,263,8,55,1,1196,双门槛全部达标,0.302,0.009,高收藏带货型,优先复投，适合挂车、引导搜索转化，深度年框/独家合作
6a2fb508000000001503f428,咕咚椰椰欧美穿搭分享,https://sns-avatar-qc.xhscdn.com/avatar/1040g2jo320thocreno005q027d93jtkjel4dsi0?imageView2/2/w/80/format/jpg,穿搭,https://www.xiaohongshu.com/explore/68a6f57a000000001c034c0a?xsec_token=ABCRfV8ETmOOfXjNl4OrQfuBUPY3zwr0ZDhQ6NXa0ns2Q=,158,102,0,15,1,275,双门槛全部达标,0.646,0.0,高收藏带货型,优先复投，适合挂车、引导搜索转化，深度年框/独家合作
6a2fc28e000000001700b259,张子卿,https://sns-avatar-qc.xhscdn.com/avatar/1040g2jo3160rjgsohc105n4pmrd4ijchbvpigl0?imageView2/2/w/80/format/jpg,穿搭,https://www.xiaohongshu.com/explore/68a6f57a000000001c034c0a?xsec_token=ABCRfV8ETmOOfXjNl4OrQfuLLt70SBE-ZKSjUDJcdw-8k=,2537,490,89,137,1,3253,双门槛全部达标,0.193,0.035,普通低价值博主,转化比值一般，性价比偏低
6a2fce17000000000f01ced6,LIT LIGHT 里奈拾光,https://sns-avatar-qc.xhscdn.com/avatar/62e0f594d26d9f0001f14d86.jpg?imageView2/2/w/80/format/jpg,穿搭,https://www.xiaohongshu.com/explore/68a6f57a000000001c034c0a?xsec_token=ABCRfV8ETmOOfXjNl4OrQfuOoW8dhr4uK1iTXr26NbQj8=,0,0,1,0,1,1,总互动不足100,0.0,0.0,普通低价值博主,总互动仅1，流量薄弱，不建议投放
6a3011e1000000001c024d11,谷子美,https://sns-avatar-qc.xhscdn.com/avatar/6410bbf92a05a5c7c47fa042.jpg?imageView2/2/w/80/format/jpg,穿搭,https://www.xiaohongshu.com/explore/68a6f57a000000001c034c0a?xsec_token=ABNRPZGMfyU7Xtw8Bjy8AK2t5ZE5n98MFpM48FMxeCldg=,429,128,11,33,1,601,双门槛全部达标,0.298,0.026,普通低价值博主,转化比值一般，性价比偏低
6a310bde000000001603eab0,Amigo's 同款,https://sns-avatar-qc.xhscdn.com/avatar/641811ea830af0b631fdd444.jpg?imageView2/2/w/80/format/jpg,穿搭,https://www.xiaohongshu.com/explore/68a6f57a000000001c034c0a?xsec_token=ABTMymwRURqrOLxDws-cd_03e8t53hiR-ysC_8M8bcgzQ=,1689,924,81,203,1,2897,双门槛全部达标,0.547,0.048,高收藏带货型,优先复投，适合挂车、引导搜索转化，深度年框/独家合作
6a311ad3000000002200869f,半口小希,https://sns-avatar-qc.xhscdn.com/avatar/608c2099c7594a002dc9f736.jpg?imageView2/2/w/80/format/jpg,穿搭,https://www.xiaohongshu.com/explore/68a6f57a000000001c034c0a?xsec_token=ABTMymwRURqrOLxDws-cd_070BLzuBd53jvxks_JYykJk=,6754,1760,67,166,1,8747,双门槛全部达标,0.261,0.01,普通低价值博主,转化比值一般，性价比偏低
6a312879000000000f01c363,LIT LIGHT 里奈拾光,https://sns-avatar-qc.xhscdn.com/avatar/62e0f594d26d9f0001f14d86.jpg?imageView2/2/w/80/format/jpg,穿搭,https://www.xiaohongshu.com/explore/68a6f57a000000001c034c0a?xsec_token=ABTMymwRURqrOLxDws-cd_01gy7ui3eoNVDPf6NS4E6oc=,2,0,0,0,1,2,总互动不足100,0.0,0.0,普通低价值博主,总互动仅2，流量薄弱，不建议投放
6a314fe50000000006020db8,linn,https://sns-avatar-qc.xhscdn.com/avatar/1040g2jo31ka7nbnoiu0g5nkburcg8nqgl83mb6o?imageView2/2/w/80/format/jpg,穿搭,https://www.xiaohongshu.com/explore/68a6f57a000000001c034c0a?xsec_token=ABTMymwRURqrOLxDws-cd_09OkXGVv6cRgjEvlZ1HAjng=,231,92,16,8,1,347,双门槛全部达标,0.398,0.069,高收藏带货型,优先复投，适合挂车、引导搜索转化，深度年框/独家合作
6a31525c000000001101579a,LIT LIGHT 里奈拾光,https://sns-avatar-qc.xhscdn.com/avatar/62e0f594d26d9f0001f14d86.jpg?imageView2/2/w/80/format/jpg,穿搭,https://www.xiaohongshu.com/explore/68a6f57a000000001c034c0a?xsec_token=ABTMymwRURqrOLxDws-cd_09CpRu1f4ITYVRguybuCBWM=,0,0,1,0,1,1,总互动不足100,0.0,0.0,普通低价值博主,总互动仅1，流量薄弱，不建议投放
6a31ab1e0000000011011dcb,老王的衣橱,https://sns-avatar-qc.xhscdn.com/avatar/1040g2jo31s4c0cs956005q9pdvrttipbr49bo6o?imageView2/2/w/80/format/jpg,穿搭,https://www.xiaohongshu.com/explore/68a6f57a000000001c034c0a?xsec_token=ABTMymwRURqrOLxDws-cd_0_cTUdDQwBvgkMixwqhL4hQ=,23,7,0,4,1,34,总互动不足100,0.304,0.0,普通低价值博主,总互动仅34，流量薄弱，不建议投放
6a31f972000000001101a80f,简寻～F街拍,https://sns-avatar-qc.xhscdn.com/avatar/1040g2jo31odtpkn950005n1c1es1sqffi6k0j4o?imageView2/2/w/80/format/jpg,穿搭,https://www.xiaohongshu.com/explore/68a6f57a000000001c034c0a?xsec_token=ABTMymwRURqrOLxDws-cd_0_ieP_xv-5ebb40dzgXt6Ow=,3145,616,178,127,1,4066,双门槛全部达标,0.196,0.057,普通低价值博主,转化比值一般，性价比偏低
6a322544000000000e038401,Haeum,https://sns-avatar-qc.xhscdn.com/avatar/1040g2jo31nb50vo4lme05q74q6vtoojlpb1j8h8?imageView2/2/w/80/format/jpg,穿搭,https://www.xiaohongshu.com/explore/68a6f57a000000001c034c0a?xsec_token=ABxTds8Lx8Jb8S3DQ07lgtTkhDhoSADkbZyRjm28H6ykE=,197,50,5,3,1,255,双门槛全部达标,0.254,0.025,普通低价值博主,转化比值一般，性价比偏低
6a3235ab000000001003da62,请您不要偷偷看我,https://sns-avatar-qc.xhscdn.com/avatar/62de3c02fad9d71e3c601836.jpg?imageView2/2/w/80/format/jpg,穿搭,https://www.xiaohongshu.com/explore/68a6f57a000000001c034c0a?xsec_token=ABxTds8Lx8Jb8S3DQ07lgtTonzRG6-m4XuSrt5aOzuBTY=,2263,791,80,205,1,3339,双门槛全部达标,0.35,0.035,高收藏带货型,优先复投，适合挂车、引导搜索转化，深度年框/独家合作
6a32527f000000000f030b47,叫我77好啦,https://sns-avatar-qc.xhscdn.com/avatar/1040g2jo31vo6bu0k1m605qedru4srqi3uk47jb8?imageView2/2/w/80/format/jpg,穿搭,https://www.xiaohongshu.com/explore/68a6f57a000000001c034c0a?xsec_token=ABxTds8Lx8Jb8S3DQ07lgtTo4zPeTqlwezLKHeWMELLl8=,390,127,6,18,1,541,双门槛全部达标,0.326,0.015,高收藏带货型,优先复投，适合挂车、引导搜索转化，深度年框/独家合作
6a3255de00000000110059cb,LIT LIGHT 里奈拾光,https://sns-avatar-qc.xhscdn.com/avatar/62e0f594d26d9f0001f14d86.jpg?imageView2/2/w/80/format/jpg,穿搭,https://www.xiaohongshu.com/explore/68a6f57a000000001c034c0a?xsec_token=ABxTds8Lx8Jb8S3DQ07lgtTp5j5NJNqm7KYdpD5vn_Slk=,0,0,1,0,1,1,总互动不足100,0.0,0.0,普通低价值博主,总互动仅1，流量薄弱，不建议投放
6a325e8c000000001102cdc0,LIT LIGHT 里奈拾光,https://sns-avatar-qc.xhscdn.com/avatar/62e0f594d26d9f0001f14d86.jpg?imageView2/2/w/80/format/jpg,穿搭,https://www.xiaohongshu.com/explore/68a6f57a000000001c034c0a?xsec_token=ABxTds8Lx8Jb8S3DQ07lgtTuwRYPLwrr2I7xstxHtm6K4=,0,0,0,0,1,0,总互动不足100,0.0,0.0,普通低价值博主,总互动仅0，流量薄弱，不建议投放
6a32611f000000000f0145c6,LIT LIGHT 里奈拾光,https://sns-avatar-qc.xhscdn.com/avatar/62e0f594d26d9f0001f14d86.jpg?imageView2/2/w/80/format/jpg,穿搭,https://www.xiaohongshu.com/explore/68a6f57a000000001c034c0a?xsec_token=ABxTds8Lx8Jb8S3DQ07lgtTpzX_PZWcqmAVBXmBIdXhIs=,1,0,1,0,1,2,总互动不足100,0.0,1.0,普通低价值博主,总互动仅2，流量薄弱，不建议投放
6a3261a40000000011016957,LIT LIGHT 里奈拾光,https://sns-avatar-qc.xhscdn.com/avatar/62e0f594d26d9f0001f14d86.jpg?imageView2/2/w/80/format/jpg,穿搭,https://www.xiaohongshu.com/explore/68a6f57a000000001c034c0a?xsec_token=ABxTds8Lx8Jb8S3DQ07lgtTrioVcsiYHkSlSZlsHG7PwQ=,4,5,1,2,1,12,总互动不足100,1.25,0.25,普通低价值博主,总互动仅12，流量薄弱，不建议投放
6a3267bd0000000022016110,喵呜酱🐱,https://sns-avatar-qc.xhscdn.com/avatar/1040g2jo321961ij37u7g5qh6660gg3001s02dno?imageView2/2/w/80/format/jpg,穿搭,https://www.xiaohongshu.com/explore/68a6f57a000000001c034c0a?xsec_token=ABxTds8Lx8Jb8S3DQ07lgtThaqxI3Ft_skZX10fpTlxpk=,57725,3685,1412,2860,1,65682,双门槛全部达标,0.064,0.024,普通低价值博主,转化比值一般，性价比偏低
6a335c53000000000d00bc00,桃叽瑶瑶,https://sns-avatar-qc.xhscdn.com/avatar/1040g2jo31vqrht64i06g5qfe3itjej01bqecbr8?imageView2/2/w/80/format/jpg,穿搭,https://www.xiaohongshu.com/explore/68a6f57a000000001c034c0a?xsec_token=ABgRFviqFOPfFVZPA0zXoMGIdifBrPergWGBDCHwN8jLY=,525,214,11,65,1,815,双门槛全部达标,0.408,0.021,高收藏带货型,优先复投，适合挂车、引导搜索转化，深度年框/独家合作
6a337f5e000000001603f98a,漱石枕流中式,https://sns-avatar-qc.xhscdn.com/avatar/1040g2jo3187e1j4i0s0g5p45qg1noqjblhchfno?imageView2/2/w/80/format/jpg,穿搭,https://www.xiaohongshu.com/explore/68a6f57a000000001c034c0a?xsec_token=ABgRFviqFOPfFVZPA0zXoMGOTcuHUMkGBn6riNi0s-5KQ=,5167,2097,384,1461,1,9109,双门槛全部达标,0.406,0.074,高收藏带货型,优先复投，适合挂车、引导搜索转化，深度年框/独家合作
6a338084000000001101d224,LIT LIGHT 里奈拾光,https://sns-avatar-qc.xhscdn.com/avatar/62e0f594d26d9f0001f14d86.jpg?imageView2/2/w/80/format/jpg,穿搭,https://www.xiaohongshu.com/explore/68a6f57a000000001c034c0a?xsec_token=ABgRFviqFOPfFVZPA0zXoMGKXc1wV0ZyfGIepV1qr8QNo=,0,0,1,0,1,1,总互动不足100,0.0,0.0,普通低价值博主,总互动仅1，流量薄弱，不建议投放
6a339301000000001101d078,王煊燃,https://sns-avatar-qc.xhscdn.com/avatar/1040g2jo31voh9sut1m005nkvsmqg9c9v1hes448?imageView2/2/w/80/format/jpg,穿搭,https://www.xiaohongshu.com/explore/68a6f57a000000001c034c0a?xsec_token=ABgRFviqFOPfFVZPA0zXoMGLTEbYFdDI5AVFnLFshvZP4=,2474,1111,94,114,1,3793,双门槛全部达标,0.449,0.038,高收藏带货型,优先复投，适合挂车、引导搜索转化，深度年框/独家合作
6a33b15b000000001101c4f6,单单（重生版）,https://sns-avatar-qc.xhscdn.com/avatar/1040g2jo31v405hne3m004a13seduuckjme5gjag?imageView2/2/w/80/format/jpg,穿搭,https://www.xiaohongshu.com/explore/68a6f57a000000001c034c0a?xsec_token=ABgRFviqFOPfFVZPA0zXoMGNcH6y6i367Uphdcv6gSOSE=,24201,1618,775,1559,1,28153,双门槛全部达标,0.067,0.032,普通低价值博主,转化比值一般，性价比偏低
6a33d3900000000011005e0d,九儿的穿搭,https://sns-avatar-qc.xhscdn.com/avatar/1040g2jo321eh2o7fn2005pjivdjgu14kh0ukn4g?imageView2/2/w/80/format/jpg,穿搭,https://www.xiaohongshu.com/explore/68a6f57a000000001c034c0a?xsec_token=ABgRFviqFOPfFVZPA0zXoMGMuPXjVjAhlHX3y0g7CbhYY=,288,146,3,118,1,555,双门槛全部达标,0.507,0.01,高收藏带货型,优先复投，适合挂车、引导搜索转化，深度年框/独家合作
6a33deb20000000017009d67,江月月,https://sns-avatar-qc.xhscdn.com/avatar/1040g2jo322fuu7j97u005pik1go0u3f8mcsit0g?imageView2/2/w/80/format/jpg,穿搭,https://www.xiaohongshu.com/explore/68a6f57a000000001c034c0a?xsec_token=ABgRFviqFOPfFVZPA0zXoMGMH_yEX6osygqVIJWHPKvrk=,3286,1101,57,282,1,4726,双门槛全部达标,0.335,0.017,高收藏带货型,优先复投，适合挂车、引导搜索转化，深度年框/独家合作
6a3410d1000000001702be4d,吴文,https://sns-avatar-qc.xhscdn.com/avatar/1040g2jo3216v9b89na005p3o329756938gd6gb8?imageView2/2/w/80/format/jpg,穿搭,https://www.xiaohongshu.com/explore/68a6f57a000000001c034c0a?xsec_token=ABMaerJSwyESf1fuRGKcSke8zCXwzTAp_ef-OLWVBLklE=,105,35,8,38,1,186,双门槛全部达标,0.333,0.076,高收藏带货型,优先复投，适合挂车、引导搜索转化，深度年框/独家合作
6a35332b000000000f01f2bd,哈哈哈,https://sns-avatar-qc.xhscdn.com/avatar/1040g2jo30p5slf8240004a77o2okh9tel965g3g?imageView2/2/w/80/format/jpg,穿搭,https://www.xiaohongshu.com/explore/68a6f57a000000001c034c0a?xsec_token=ABiiEONr4U1m0VY61LOU4_NqDgbpdzr_hx8SC6cC6D-tE=,5574,1599,52,328,1,7553,双门槛全部达标,0.287,0.009,普通低价值博主,转化比值一般，性价比偏低
6a357e6a0000000016026639,时髦疯子,https://sns-avatar-qc.xhscdn.com/avatar/1040g2jo31vbo6v772q005ne7lv308kkt0vtq3o0?imageView2/2/w/80/format/jpg,穿搭,https://www.xiaohongshu.com/explore/68a6f57a000000001c034c0a?xsec_token=ABiiEONr4U1m0VY61LOU4_NsZWW_bnMPvbYjhZEM6SmL8=,3225,1511,30,164,1,4930,双门槛全部达标,0.469,0.009,高收藏带货型,优先复投，适合挂车、引导搜索转化，深度年框/独家合作
6a35e876000000001702c6db,不吃胡萝卜,https://sns-avatar-qc.xhscdn.com/avatar/63c85a4ba917bccf04ec733d.jpg?imageView2/2/w/80/format/jpg,穿搭,https://www.xiaohongshu.com/explore/68a6f57a000000001c034c0a?xsec_token=ABiiEONr4U1m0VY61LOU4_NqyvGMiFATzpi8BGa9rJrWo=,786,221,18,29,1,1054,双门槛全部达标,0.281,0.023,普通低价值博主,转化比值一般，性价比偏低
6a35f2b50000000011018fec,ZULESTUDIO,https://sns-avatar-qc.xhscdn.com/avatar/636bccd3ae3f8423b51f675d.jpg?imageView2/2/w/80/format/jpg,穿搭,https://www.xiaohongshu.com/explore/68a6f57a000000001c034c0a?xsec_token=ABiiEONr4U1m0VY61LOU4_NpWBAeK-TCYxp7wtukvJF6Y=,319,183,35,56,1,593,双门槛全部达标,0.574,0.11,普通低价值博主,转化比值一般，性价比偏低
6a36250000000000110147e4,LIT LIGHT 里奈拾光,https://sns-avatar-qc.xhscdn.com/avatar/62e0f594d26d9f0001f14d86.jpg?imageView2/2/w/80/format/jpg,穿搭,https://www.xiaohongshu.com/explore/68a6f57a000000001c034c0a?xsec_token=AB1jGpQJk2M6ngHo47GCictFeDSWv9F4JiUR1SzO7kntI=,0,0,1,0,1,1,总互动不足100,0.0,0.0,普通低价值博主,总互动仅1，流量薄弱，不建议投放
6a364d65000000001503f365,小羊苏西｜法式基础穿搭,https://sns-avatar-qc.xhscdn.com/avatar/1040g2jo320khftut68005nc3dsl0ba97qfjr9e0?imageView2/2/w/80/format/jpg,穿搭,https://www.xiaohongshu.com/explore/68a6f57a000000001c034c0a?xsec_token=AB1jGpQJk2M6ngHo47GCictJYgTWcSmAH1bcqSg7RUT8s=,5994,1936,120,408,1,8458,双门槛全部达标,0.323,0.02,高收藏带货型,优先复投，适合挂车、引导搜索转化，深度年框/独家合作
6a3678b60000000015026149,小居,https://sns-avatar-qc.xhscdn.com/avatar/1040g2jo313abn8o204005pa5ognhgnfdkfjh95g?imageView2/2/w/80/format/jpg,穿搭,https://www.xiaohongshu.com/explore/68a6f57a000000001c034c0a?xsec_token=AB1jGpQJk2M6ngHo47GCictDrHXJMeZaWMIo3Qc0roCTI=,1116,473,26,54,1,1669,双门槛全部达标,0.424,0.023,高收藏带货型,优先复投，适合挂车、引导搜索转化，深度年框/独家合作
6a3748840000000006034621,井井玩,https://sns-avatar-qc.xhscdn.com/avatar/61b30e774fd8210778aa8c70.jpg?imageView2/2/w/80/format/jpg,穿搭,https://www.xiaohongshu.com/explore/68a6f57a000000001c034c0a?xsec_token=ABzkFDtVmihGjua_cLBgs1VY3o-651QIG5rWOyj5vMz6Y=,3097,1276,48,125,1,4546,双门槛全部达标,0.412,0.015,高收藏带货型,优先复投，适合挂车、引导搜索转化，深度年框/独家合作
6a3772c3000000001101a7e2,lsuy-,https://sns-avatar-qc.xhscdn.com/avatar/1040g2jo31h7pjda6j40049mikb84b7je8qcorq8?imageView2/2/w/80/format/jpg,穿搭,https://www.xiaohongshu.com/explore/68a6f57a000000001c034c0a?xsec_token=ABzkFDtVmihGjua_cLBgs1VYSYlz766AFA2f_F4e-jmBA=,4284,610,43,265,1,5202,双门槛全部达标,0.142,0.01,普通低价值博主,转化比值一般，性价比偏低
6a378e3b000000000702d1bb,李姐万岁,https://sns-avatar-qc.xhscdn.com/avatar/379043f8-e7c5-310d-ad7d-d0a968416cf3?imageView2/2/w/80/format/jpg,穿搭,https://www.xiaohongshu.com/explore/68a6f57a000000001c034c0a?xsec_token=ABzkFDtVmihGjua_cLBgs1VZ6qjtQfEucCBPDFyO8wdeM=,4456,1804,136,565,1,6961,双门槛全部达标,0.405,0.031,高收藏带货型,优先复投，适合挂车、引导搜索转化，深度年框/独家合作
6a37a7a200000000220140d1,CAMEO-CADRE,https://sns-avatar-qc.xhscdn.com/avatar/1040g2jo321aco31d7u00479q348hacabha0lvfg?imageView2/2/w/80/format/jpg,穿搭,https://www.xiaohongshu.com/explore/68a6f57a000000001c034c0a?xsec_token=ABzkFDtVmihGjua_cLBgs1VQp6Z4ylkEyzA1ncAE0rI7I=,1,0,0,0,1,1,总互动不足100,0.0,0.0,普通低价值博主,总互动仅1，流量薄弱，不建议投放
6a37fd380000000015026754,iamxixi,https://sns-avatar-qc.xhscdn.com/avatar/1040g2jo31nc9ivcfl8105pu0114jjkom3tulsag?imageView2/2/w/80/format/jpg,穿搭,https://www.xiaohongshu.com/explore/68a6f57a000000001c034c0a?xsec_token=ABzkFDtVmihGjua_cLBgs1VTpXWa0F5vF06r10texypLc=,866,266,12,60,1,1204,双门槛全部达标,0.307,0.014,高收藏带货型,优先复投，适合挂车、引导搜索转化，深度年框/独家合作
6a38115200000000220180a9,钟文正,https://sns-avatar-qc.xhscdn.com/avatar/64f81a3b85200f7e195e62ad.jpg?imageView2/2/w/80/format/jpg,穿搭,https://www.xiaohongshu.com/explore/68a6f57a000000001c034c0a?xsec_token=ABl0NZz6UmBOJRlbunrZ8EFv-ILq16g7yKPQDeRHXimTA=,139,64,8,6,1,217,双门槛全部达标,0.46,0.058,高收藏带货型,优先复投，适合挂车、引导搜索转化，深度年框/独家合作
6a389c7c000000001702b729,王平Amber,https://sns-avatar-qc.xhscdn.com/avatar/61a60d5483f8fb3605759674.jpg?imageView2/2/w/80/format/jpg,穿搭,https://www.xiaohongshu.com/explore/68a6f57a000000001c034c0a?xsec_token=ABl0NZz6UmBOJRlbunrZ8EFhGbbv4kadWlXN9KCMbCYLg=,2209,1141,169,90,1,3609,双门槛全部达标,0.517,0.077,高收藏带货型,优先复投，适合挂车、引导搜索转化，深度年框/独家合作
6a38d050000000001702fe39,李凱馨Eleanor,https://sns-avatar-qc.xhscdn.com/avatar/1040g2jo31su3qecp5m0g4a4l1ud09so7siraepg?imageView2/2/w/80/format/jpg,穿搭,https://www.xiaohongshu.com/explore/68a6f57a000000001c034c0a?xsec_token=ABl0NZz6UmBOJRlbunrZ8EFuVEZyID9t_m-4sxk7uECs0=,29235,5077,1285,2875,1,38472,双门槛全部达标,0.174,0.044,普通低价值博主,转化比值一般，性价比偏低
6a38f404000000000f02a809,LIT LIGHT 里奈拾光,https://sns-avatar-qc.xhscdn.com/avatar/62e0f594d26d9f0001f14d86.jpg?imageView2/2/w/80/format/jpg,穿搭,https://www.xiaohongshu.com/explore/68a6f57a000000001c034c0a?xsec_token=ABl0NZz6UmBOJRlbunrZ8EFri70-Hii5-GnaAPUU5Qx8w=,0,1,1,0,1,2,总互动不足100,0.0,0.0,普通低价值博主,总互动仅2，流量薄弱，不建议投放
6a38f4f9000000000d00bc01,dearanddust,https://sns-avatar-qc.xhscdn.com/avatar/1040g2jo31s4jaqbnm80g5orrb287rvrhi4a9tko?imageView2/2/w/80/format/jpg,穿搭,https://www.xiaohongshu.com/explore/68a6f57a000000001c034c0a?xsec_token=ABl0NZz6UmBOJRlbunrZ8EFqsCc1gK_HGuVO4rP5Dq0uw=,3278,1263,56,246,1,4843,双门槛全部达标,0.385,0.017,高收藏带货型,优先复投，适合挂车、引导搜索转化，深度年框/独家合作
6a38fb8e0000000006022bb7,Angelababy,https://sns-avatar-qc.xhscdn.com/avatar/5a7d3fb5b46c5d7ce7d86fe2.jpg?imageView2/2/w/80/format/jpg,穿搭,https://www.xiaohongshu.com/explore/68a6f57a000000001c034c0a?xsec_token=ABl0NZz6UmBOJRlbunrZ8EFjwOBa77pHg8_lqzumvO4jU=,135250,9166,9227,1983,1,155626,双门槛全部达标,0.068,0.068,普通低价值博主,转化比值一般，性价比偏低
6a390eb5000000001603ff0e,豌豆罐头,https://sns-avatar-qc.xhscdn.com/avatar/1040g2jo31cgng4fah0004427qjunb35vvoqns88?imageView2/2/w/80/format/jpg,穿搭,https://www.xiaohongshu.com/explore/68a6f57a000000001c034c0a?xsec_token=ABCFDiwoBbDPLEQ1MbYcjF26F0Qy0_sM3QKCQnvYqmLBA=,836,344,23,91,1,1294,双门槛全部达标,0.411,0.028,高收藏带货型,优先复投，适合挂车、引导搜索转化，深度年框/独家合作
6a3919b8000000000603646c,魔法衣橱,https://sns-avatar-qc.xhscdn.com/avatar/1040g2jo31f4glbbmmo004a3jvej58hj6qarcjb0?imageView2/2/w/80/format/jpg,穿搭,https://www.xiaohongshu.com/explore/68a6f57a000000001c034c0a?xsec_token=ABCFDiwoBbDPLEQ1MbYcjF26hlggHllMDdNWZN-zSxDU0=,97,37,0,5,1,139,双门槛全部达标,0.381,0.0,高收藏带货型,优先复投，适合挂车、引导搜索转化，深度年框/独家合作
6a391b9b000000000f00632b,LIT LIGHT 里奈拾光,https://sns-avatar-qc.xhscdn.com/avatar/62e0f594d26d9f0001f14d86.jpg?imageView2/2/w/80/format/jpg,穿搭,https://www.xiaohongshu.com/explore/68a6f57a000000001c034c0a?xsec_token=ABCFDiwoBbDPLEQ1MbYcjF2zoEtHOEmZtJ9Ks3E5bomac=,0,0,0,0,1,0,总互动不足100,0.0,0.0,普通低价值博主,总互动仅0，流量薄弱，不建议投放
6a3922f6000000000702bcb6,典杯睿欧,https://sns-avatar-qc.xhscdn.com/avatar/1040g2jo31ut4pau9ia405q428d3jfumci99urd8?imageView2/2/w/80/format/jpg,穿搭,https://www.xiaohongshu.com/explore/68a6f57a000000001c034c0a?xsec_token=ABCFDiwoBbDPLEQ1MbYcjF2-F4AeGpYVEodZan-WENBuw=,451,91,13,20,1,575,双门槛全部达标,0.202,0.029,普通低价值博主,转化比值一般，性价比偏低
6a3927760000000017029c5b,Shirley林,https://sns-avatar-qc.xhscdn.com/avatar/1040g2jo31t5kover5s005n3ijuf42abvv6ugnvg?imageView2/2/w/80/format/jpg,穿搭,https://www.xiaohongshu.com/explore/68a6f57a000000001c034c0a?xsec_token=ABCFDiwoBbDPLEQ1MbYcjF2zzyXbQOyaAtnO0Os2Zbqxc=,35156,3550,235,946,1,39887,双门槛全部达标,0.101,0.007,普通低价值博主,转化比值一般，性价比偏低
6a39476100000000210175f3,路路私服,https://sns-avatar-qc.xhscdn.com/avatar/6490a36e316df27c55346f60.jpg?imageView2/2/w/80/format/jpg,穿搭,https://www.xiaohongshu.com/explore/68a6f57a000000001c034c0a?xsec_token=ABCFDiwoBbDPLEQ1MbYcjF246V5QuUi6qFbds_cC6h_RY=,525,172,23,130,1,850,双门槛全部达标,0.328,0.044,高收藏带货型,优先复投，适合挂车、引导搜索转化，深度年框/独家合作
6a39496f000000001503fb00,惊鸿喵女装店,https://sns-avatar-qc.xhscdn.com/avatar/1040g2jo31j2ntifb1e005po6igincdsc6nqjsc8?imageView2/2/w/80/format/jpg,穿搭,https://www.xiaohongshu.com/explore/68a6f57a000000001c034c0a?xsec_token=ABCFDiwoBbDPLEQ1MbYcjF2xMcrmrz2IGbu9uUt54wOBY=,159,64,2,8,1,233,双门槛全部达标,0.403,0.013,高收藏带货型,优先复投，适合挂车、引导搜索转化，深度年框/独家合作
6a3a337d000000002201b2d6,日常服装搭配师,https://sns-avatar-qc.xhscdn.com/avatar/1040g2jo321fl2l4h74004a4qi6ukufisds5ch4o?imageView2/2/w/80/format/jpg,穿搭,https://www.xiaohongshu.com/explore/68a6f57a000000001c034c0a?xsec_token=ABFp9qW6v_2M6KNAEz5q-_0zznCXcycYpMAexVUtE8eps=,2,4,0,2,1,8,总互动不足100,2.0,0.0,普通低价值博主,总互动仅8，流量薄弱，不建议投放
6a3a3bb5000000000f01591f,LIT LIGHT 里奈拾光,https://sns-avatar-qc.xhscdn.com/avatar/62e0f594d26d9f0001f14d86.jpg?imageView2/2/w/80/format/jpg,穿搭,https://www.xiaohongshu.com/explore/68a6f57a000000001c034c0a?xsec_token=ABFp9qW6v_2M6KNAEz5q-_0z5VMFi_5D4EYra4xmAVtws=,2,2,0,0,1,4,总互动不足100,1.0,0.0,普通低价值博主,总互动仅4，流量薄弱，不建议投放
6a3a3e35000000000803cb0f,瑾瑾Jennie,https://sns-avatar-qc.xhscdn.com/avatar/1040g2jo31bo6f808100049fql3d7a1l19athia0?imageView2/2/w/80/format/jpg,穿搭,https://www.xiaohongshu.com/explore/68a6f57a000000001c034c0a?xsec_token=ABFp9qW6v_2M6KNAEz5q-_0zQTL2uhCBnmdRyhXmOy9lo=,6123,1226,111,361,1,7821,双门槛全部达标,0.2,0.018,普通低价值博主,转化比值一般，性价比偏低
6a3a40c3000000001102fdab,叫我77好啦,https://sns-avatar-qc.xhscdn.com/avatar/1040g2jo31vo6bu0k1m605qedru4srqi3uk47jb8?imageView2/2/w/80/format/jpg,穿搭,https://www.xiaohongshu.com/explore/68a6f57a000000001c034c0a?xsec_token=ABFp9qW6v_2M6KNAEz5q-_03cQO9cKDAQUmB5c97JpjJc=,2007,686,51,109,1,2853,双门槛全部达标,0.342,0.025,高收藏带货型,优先复投，适合挂车、引导搜索转化，深度年框/独家合作
6a3a54270000000011013f7c,LIT LIGHT 里奈拾光,https://sns-avatar-qc.xhscdn.com/avatar/62e0f594d26d9f0001f14d86.jpg?imageView2/2/w/80/format/jpg,穿搭,https://www.xiaohongshu.com/explore/68a6f57a000000001c034c0a?xsec_token=ABFp9qW6v_2M6KNAEz5q-_05ccj2pBFtFFLmbraZY0358=,5,2,0,0,1,7,总互动不足100,0.4,0.0,普通低价值博主,总互动仅7，流量薄弱，不建议投放
6a3a72ad000000002103dd3a,猫堡王,https://sns-avatar-qc.xhscdn.com/avatar/1040g2jo30v0q8ji45g6g5nfbralg950h0js7ho8?imageView2/2/w/80/format/jpg,穿搭,https://www.xiaohongshu.com/explore/68a6f57a000000001c034c0a?xsec_token=ABFp9qW6v_2M6KNAEz5q-_02zMICTnFQK4JXVK02xD3vo=,2344,755,25,87,1,3211,双门槛全部达标,0.322,0.011,高收藏带货型,优先复投，适合挂车、引导搜索转化，深度年框/独家合作
6a3a9bd5000000001702c057,小居,https://sns-avatar-qc.xhscdn.com/avatar/1040g2jo313abn8o204005pa5ognhgnfdkfjh95g?imageView2/2/w/80/format/jpg,穿搭,https://www.xiaohongshu.com/explore/68a6f57a000000001c034c0a?xsec_token=ABFp9qW6v_2M6KNAEz5q-_03pZODOWFSC1pvH96eSjRnY=,2066,1006,22,195,1,3289,双门槛全部达标,0.487,0.011,高收藏带货型,优先复投，适合挂车、引导搜索转化，深度年框/独家合作
6a3b5efb000000002103fbd9,芭菲豆,https://sns-avatar-qc.xhscdn.com/avatar/6440a9075494bd5c8d2c32ed.jpg?imageView2/2/w/80/format/jpg,穿搭,https://www.xiaohongshu.com/explore/68a6f57a000000001c034c0a?xsec_token=ABJCUqKyPq7_MKO9FPBLc31FU0OBNA75aL8qs7ksC5tTw=,4399,1987,42,259,1,6687,双门槛全部达标,0.452,0.01,高收藏带货型,优先复投，适合挂车、引导搜索转化，深度年框/独家合作
6a3bc8b10000000011018e3c,LIT LIGHT 里奈拾光,https://sns-avatar-qc.xhscdn.com/avatar/62e0f594d26d9f0001f14d86.jpg?imageView2/2/w/80/format/jpg,穿搭,https://www.xiaohongshu.com/explore/68a6f57a000000001c034c0a?xsec_token=ABJCUqKyPq7_MKO9FPBLc31H2cQl9HsH1qU0MKKpBjLto=,1,0,0,0,1,1,总互动不足100,0.0,0.0,普通低价值博主,总互动仅1，流量薄弱，不建议投放
6a3bcec90000000006021424,Fairychen,https://sns-avatar-qc.xhscdn.com/avatar/1040g2jo31eek9p2egk005n5j71k4b7g15qrbd30?imageView2/2/w/80/format/jpg,穿搭,https://www.xiaohongshu.com/explore/68a6f57a000000001c034c0a?xsec_token=ABJCUqKyPq7_MKO9FPBLc31CtmTzQxlNihfyzdKjHCCW0=,1426,452,54,94,1,2026,双门槛全部达标,0.317,0.038,高收藏带货型,优先复投，适合挂车、引导搜索转化，深度年框/独家合作
6a3bd78f00000000110186a3,臭屁小茜,https://sns-avatar-qc.xhscdn.com/avatar/1040g2jo31t28c6vc56005n8s43o49idvko98lo8?imageView2/2/w/80/format/jpg,穿搭,https://www.xiaohongshu.com/explore/68a6f57a000000001c034c0a?xsec_token=ABJCUqKyPq7_MKO9FPBLc31H-S3gODkUsHtqurHOPm6lA=,1849,819,34,82,1,2784,双门槛全部达标,0.443,0.018,高收藏带货型,优先复投，适合挂车、引导搜索转化，深度年框/独家合作
6a3cde2e000000000e038400,黄了个桃,https://sns-avatar-qc.xhscdn.com/avatar/1040g2jo31vpjk0u6ie5g5qf8pjvpnf5b4o5ngj0?imageView2/2/w/80/format/jpg,穿搭,https://www.xiaohongshu.com/explore/68a6f57a000000001c034c0a?xsec_token=ABMMMbyyrH5jQKlQFUak-i0igha623_AKF9h3_IOKumaw=,371,154,0,23,1,548,双门槛全部达标,0.415,0.0,高收藏带货型,优先复投，适合挂车、引导搜索转化，深度年框/独家合作
6a3cebd1000000001c024511,小小啊le,https://sns-avatar-qc.xhscdn.com/avatar/63fb54d5aa57c28f569e4306.jpg?imageView2/2/w/80/format/jpg,穿搭,https://www.xiaohongshu.com/explore/68a6f57a000000001c034c0a?xsec_token=ABMMMbyyrH5jQKlQFUak-i0uuT2OqbGxBBIEsEVRIUVq8=,2982,1113,132,328,1,4555,双门槛全部达标,0.373,0.044,高收藏带货型,优先复投，适合挂车、引导搜索转化，深度年框/独家合作
6a3d0abb000000000f03207c,小游爱游,https://sns-avatar-qc.xhscdn.com/avatar/1040g2jo3208svqu75g005qf8ckt0g800qpb2tpo?imageView2/2/w/80/format/jpg,穿搭,https://www.xiaohongshu.com/explore/68a6f57a000000001c034c0a?xsec_token=ABlUFLw-UqmoLIaSlJDaOJ8Y8CG6PZtASrKcYg7xlTZ78=,406,159,60,31,1,656,双门槛全部达标,0.392,0.148,普通低价值博主,转化比值一般，性价比偏低
6a3d15a7000000001702b47f,Guozi77,https://sns-avatar-qc.xhscdn.com/avatar/6212f276d594e0d3111af015.jpg?imageView2/2/w/80/format/jpg,穿搭,https://www.xiaohongshu.com/explore/68a6f57a000000001c034c0a?xsec_token=ABlUFLw-UqmoLIaSlJDaOJ8eOE-rVXMeDtYPb_kqgvVIg=,511,207,21,27,1,766,双门槛全部达标,0.405,0.041,高收藏带货型,优先复投，适合挂车、引导搜索转化，深度年框/独家合作
6a3d1e46000000000f00457c,星星睡不醒,https://sns-avatar-qc.xhscdn.com/avatar/1040g2jo30pc9do0lk2005odn59o41g7hgg6k4eo?imageView2/2/w/80/format/jpg,穿搭,https://www.xiaohongshu.com/explore/68a6f57a000000001c034c0a?xsec_token=ABlUFLw-UqmoLIaSlJDaOJ8fUJwzISbojFBfhBfzrrc98=,107,50,1,11,1,169,双门槛全部达标,0.467,0.009,高收藏带货型,优先复投，适合挂车、引导搜索转化，深度年框/独家合作
6a3d4dc00000000006036836,GIRDEAR阿玛施高级穿搭师,https://sns-avatar-qc.xhscdn.com/avatar/1040g2jo31g1ublb400005oku2cqod1fjlgn29n0?imageView2/2/w/80/format/jpg,穿搭,https://www.xiaohongshu.com/explore/68a6f57a000000001c034c0a?xsec_token=ABlUFLw-UqmoLIaSlJDaOJ8bgtY9uzNRSBx3PEmllqcww=,445,267,17,47,1,776,双门槛全部达标,0.6,0.038,高收藏带货型,优先复投，适合挂车、引导搜索转化，深度年框/独家合作
6a3d6ac6000000000f030053,LIT LIGHT 里奈拾光,https://sns-avatar-qc.xhscdn.com/avatar/62e0f594d26d9f0001f14d86.jpg?imageView2/2/w/80/format/jpg,穿搭,https://www.xiaohongshu.com/explore/68a6f57a000000001c034c0a?xsec_token=ABlUFLw-UqmoLIaSlJDaOJ8Xn6he_-k8cEVGrR5CW0YME=,96,56,5,17,1,174,双门槛全部达标,0.583,0.052,高收藏带货型,优先复投，适合挂车、引导搜索转化，深度年框/独家合作
6a3e4846000000001102c404,小芝煎煎,https://sns-avatar-qc.xhscdn.com/avatar/1040g2jo31u3jdg9lhq005o3f2rv08qgtveoiqu8?imageView2/2/w/80/format/jpg,穿搭,https://www.xiaohongshu.com/explore/68a6f57a000000001c034c0a?xsec_token=ABGSK46j4rc3tr_oHoAYshJ4qVH6WW4YkeVH1nOF-E8wE=,1939,1383,35,44,1,3401,双门槛全部达标,0.713,0.018,高收藏带货型,优先复投，适合挂车、引导搜索转化，深度年框/独家合作
6a3e6317000000000702e128,百原小津,https://sns-avatar-qc.xhscdn.com/avatar/5f8842a898a09700012aec49.jpg?imageView2/2/w/80/format/jpg,穿搭,https://www.xiaohongshu.com/explore/68a6f57a000000001c034c0a?xsec_token=ABGSK46j4rc3tr_oHoAYshJ0iysEOK5uI0xC3neBiJ7l8=,27998,5566,92,593,1,34249,双门槛全部达标,0.199,0.003,普通低价值博主,转化比值一般，性价比偏低
6a3f48e600000000080302f7,萌萌欧美穿搭分享,https://sns-avatar-qc.xhscdn.com/avatar/5f8fefb099eedd0001aea650.jpg?imageView2/2/w/80/format/jpg,穿搭,https://www.xiaohongshu.com/explore/68a6f57a000000001c034c0a?xsec_token=ABa1D12IXoFAjXeJ6-SnCv3Y3fKPO69cIm033r8LXyGek=,70,55,0,16,1,141,双门槛全部达标,0.786,0.0,高收藏带货型,优先复投，适合挂车、引导搜索转化，深度年框/独家合作
6a3f6074000000001503f3f8,安甜,https://sns-avatar-qc.xhscdn.com/avatar/1040g2jo31he9sieq3s00405l2o2t84t5ic9edoo?imageView2/2/w/80/format/jpg,穿搭,https://www.xiaohongshu.com/explore/68a6f57a000000001c034c0a?xsec_token=ABa1D12IXoFAjXeJ6-SnCv3fKICq1-RSRLFtK88ftm9-U=,8883,4821,125,407,1,14236,双门槛全部达标,0.543,0.014,高收藏带货型,优先复投，适合挂车、引导搜索转化，深度年框/独家合作
6a3fcdad000000001503df1e,Celinee,https://sns-avatar-qc.xhscdn.com/avatar/1040g2jo31keqga89j2005plslhi7cdminkbrrng?imageView2/2/w/80/format/jpg,穿搭,https://www.xiaohongshu.com/explore/68a6f57a000000001c034c0a?xsec_token=ABa1D12IXoFAjXeJ6-SnCv3TF5kMWmUdAVn1OCwA4B7rU=,30,10,1,1,1,42,总互动不足100,0.333,0.033,普通低价值博主,总互动仅42，流量薄弱，不建议投放
6a3fcdbb0000000011012192,初见朵朵～,https://sns-avatar-qc.xhscdn.com/avatar/1040g2jo320s39dkh74605q5igbdmc173gm2m2k8?imageView2/2/w/80/format/jpg,穿搭,https://www.xiaohongshu.com/explore/68a6f57a000000001c034c0a?xsec_token=ABa1D12IXoFAjXeJ6-SnCv3UkA1NvpmuVEk3vE-zL4fs0=,2327,965,121,152,1,3565,双门槛全部达标,0.415,0.052,高收藏带货型,优先复投，适合挂车、引导搜索转化，深度年框/独家合作
6a3fdf7f0000000008001047,时裳记,https://sns-avatar-qc.xhscdn.com/avatar/1040g2jo3201al8cj2a005p1jrgcqa2naebsrn6o?imageView2/2/w/80/format/jpg,穿搭,https://www.xiaohongshu.com/explore/68a6f57a000000001c034c0a?xsec_token=ABa1D12IXoFAjXeJ6-SnCv3bFKAr0SfYyApF-h-LKhfME=,3014,1258,9,187,1,4468,双门槛全部达标,0.417,0.003,高收藏带货型,优先复投，适合挂车、引导搜索转化，深度年框/独家合作
6a407725000000000702dc59,su苏,https://sns-avatar-qc.xhscdn.com/avatar/1040g2jo31emb19ol5k004a6jl8hcjt9p0aja6gg?imageView2/2/w/80/format/jpg,穿搭,https://www.xiaohongshu.com/explore/68a6f57a000000001c034c0a?xsec_token=ABZHvGOCF1Qb1O0LuTMh262RbjhVB1GcWSX3cfUaegVEs=,5324,1933,88,261,1,7606,双门槛全部达标,0.363,0.017,高收藏带货型,优先复投，适合挂车、引导搜索转化，深度年框/独家合作
6a40a4b4000000002201ad9f,小芝煎煎,https://sns-avatar-qc.xhscdn.com/avatar/1040g2jo31u3jdg9lhq005o3f2rv08qgtveoiqu8?imageView2/2/w/80/format/jpg,穿搭,https://www.xiaohongshu.com/explore/68a6f57a000000001c034c0a?xsec_token=ABZHvGOCF1Qb1O0LuTMh262Xd5yEqmaZaznWIt__AUC1w=,1503,1128,36,24,1,2691,双门槛全部达标,0.75,0.024,高收藏带货型,优先复投，适合挂车、引导搜索转化，深度年框/独家合作
6a40c6e80000000016027e09,白皮辣妹阿土,https://sns-avatar-qc.xhscdn.com/avatar/614dd0335e271895e03803c9.jpg?imageView2/2/w/80/format/jpg,穿搭,https://www.xiaohongshu.com/explore/68a6f57a000000001c034c0a?xsec_token=ABZHvGOCF1Qb1O0LuTMh262e0qJH1BFeFdbDazv9FjO4E=,10957,973,234,690,1,12854,双门槛全部达标,0.089,0.021,普通低价值博主,转化比值一般，性价比偏低
6a40e5f5000000001003c920,下饭游戏解说,https://sns-avatar-qc.xhscdn.com/avatar/1040g2jo31qtrck4gngdg5phts6t1oohp4htg4ig?imageView2/2/w/80/format/jpg,穿搭,https://www.xiaohongshu.com/explore/68a6f57a000000001c034c0a?xsec_token=ABZHvGOCF1Qb1O0LuTMh262ccTg4TEJEeM5Gxz2IMe6DE=,1439,1642,18,40,1,3139,双门槛全部达标,1.141,0.013,高收藏带货型,优先复投，适合挂车、引导搜索转化，深度年框/独家合作
6a40e713000000001702b23e,雪莉莉,https://sns-avatar-qc.xhscdn.com/avatar/6496cee264af796fcd5df186.jpg?imageView2/2/w/80/format/jpg,穿搭,https://www.xiaohongshu.com/explore/68a6f57a000000001c034c0a?xsec_token=ABZHvGOCF1Qb1O0LuTMh262YCMjL64JMlt_kaXarvvCyQ=,212,107,3,24,1,346,双门槛全部达标,0.505,0.014,高收藏带货型,优先复投，适合挂车、引导搜索转化，深度年框/独家合作
6a4115b8000000001101945c,一条腊肠,https://sns-avatar-qc.xhscdn.com/avatar/1040g2jo3214b13v76s005on96ue7jqrrtre3vrg?imageView2/2/w/80/format/jpg,穿搭,https://www.xiaohongshu.com/explore/68a6f57a000000001c034c0a?xsec_token=AB39xoXZs_kLq6zvAT6efHXwQAiYR9JS2WkOfP7pgUB34=,766,155,26,99,1,1046,双门槛全部达标,0.202,0.034,普通低价值博主,转化比值一般，性价比偏低
6a41485c000000001101dc9f,酱一口苹果,https://sns-avatar-qc.xhscdn.com/avatar/1040g2jo31n4t9ebel00g5o5shtrg829ml2jih78?imageView2/2/w/80/format/jpg,穿搭,https://www.xiaohongshu.com/explore/68a6f57a000000001c034c0a?xsec_token=AB39xoXZs_kLq6zvAT6efHX1FG0N4d4nl4OarkLnad6rE=,2308,1377,12,136,1,3833,双门槛全部达标,0.597,0.005,高收藏带货型,优先复投，适合挂车、引导搜索转化，深度年框/独家合作
6a41db8f000000000f028aeb,安辣辣,https://sns-avatar-qc.xhscdn.com/avatar/1040g2jo31tl2gofv6o005phb6k9holf77d6e3pg?imageView2/2/w/80/format/jpg,穿搭,https://www.xiaohongshu.com/explore/68a6f57a000000001c034c0a?xsec_token=AB39xoXZs_kLq6zvAT6efHX8V0n9f-BxrFDNJnfW1LO0Q=,789,299,7,11,1,1106,双门槛全部达标,0.379,0.009,高收藏带货型,优先复投，适合挂车、引导搜索转化，深度年框/独家合作
6a42417d000000001003f030,chim,https://sns-avatar-qc.xhscdn.com/avatar/1040g2jo316ib0ftn0k0g49p64njafbkrvfusl50?imageView2/2/w/80/format/jpg,穿搭,https://www.xiaohongshu.com/explore/68a6f57a000000001c034c0a?xsec_token=ABDnyPlIjJQ1u74vn6TCpl2bfy9xHVw9MccEZfqktX1-Q=,4174,1167,57,345,1,5743,双门槛全部达标,0.28,0.014,普通低价值博主,转化比值一般，性价比偏低
6a424d65000000001503dd44,郑在忙,https://sns-avatar-qc.xhscdn.com/avatar/1040g2jo316vi6bu7jq0g5pj83qjgufpmlhi7mf8?imageView2/2/w/80/format/jpg,穿搭,https://www.xiaohongshu.com/explore/68a6f57a000000001c034c0a?xsec_token=ABDnyPlIjJQ1u74vn6TCpl2QEUJ6DB4FgLPb-lLJdZomI=,42932,22517,252,1257,1,66958,双门槛全部达标,0.524,0.006,高收藏带货型,优先复投，适合挂车、引导搜索转化，深度年框/独家合作
6a4250c5000000001102d163,玉米au,https://sns-avatar-qc.xhscdn.com/avatar/1040g2jo30nup51n91u005nhg906g995j40nibqo?imageView2/2/w/80/format/jpg,穿搭,https://www.xiaohongshu.com/explore/68a6f57a000000001c034c0a?xsec_token=ABDnyPlIjJQ1u74vn6TCpl2S4T_Db4bnSVqacVvjA1RXA=,8147,4892,198,323,1,13560,双门槛全部达标,0.6,0.024,高收藏带货型,优先复投，适合挂车、引导搜索转化，深度年框/独家合作
6a4264df000000001101ea98,Camellia,https://sns-avatar-qc.xhscdn.com/avatar/1040g2jo310jn9kqsme6g5p0t2d4l1ggg5h5kcdg?imageView2/2/w/80/format/jpg,穿搭,https://www.xiaohongshu.com/explore/68a6f57a000000001c034c0a?xsec_token=ABDnyPlIjJQ1u74vn6TCpl2amlSTYaZUbWCegqRs2oeP4=,2561,1278,84,148,1,4071,双门槛全部达标,0.499,0.033,高收藏带货型,优先复投，适合挂车、引导搜索转化，深度年框/独家合作
6a4281b6000000001702914a,meo2,https://sns-avatar-qc.xhscdn.com/avatar/1040g2jo30petr8u7lm0g5nvpm7cg89qf96dnggg?imageView2/2/w/80/format/jpg,穿搭,https://www.xiaohongshu.com/explore/68a6f57a000000001c034c0a?xsec_token=ABDnyPlIjJQ1u74vn6TCpl2VCM8JMMhUage9LtK-1E7As=,308,67,36,33,1,444,双门槛全部达标,0.218,0.117,均衡全能型,品效合一投放，兼顾曝光与商品转化
6a428fdc000000002100a687,是CC家的呀,https://sns-avatar-qc.xhscdn.com/avatar/1040g2jo31nk4ehvpmm005q75p93doo93k03dtng?imageView2/2/w/80/format/jpg,穿搭,https://www.xiaohongshu.com/explore/68a6f57a000000001c034c0a?xsec_token=ABDnyPlIjJQ1u74vn6TCpl2cJ7mcWZB0XaCHL_X7y3Pjw=,20,11,8,9,1,48,总互动不足100,0.55,0.4,普通低价值博主,总互动仅48，流量薄弱，不建议投放
6a435530000000001003d310,王牌叨叨叨,https://sns-avatar-qc.xhscdn.com/avatar/1040g2jo31u7f081nhu5g5q4omgba63e7fkjptro?imageView2/2/w/80/format/jpg,穿搭,https://www.xiaohongshu.com/explore/68a6f57a000000001c034c0a?xsec_token=AB17NFm1jEtNoI1fW2P7PWjTAWSVm3T_wr2BxW1O-Pjt4=,2085,462,271,106,1,2924,双门槛全部达标,0.222,0.13,均衡全能型,品效合一投放，兼顾曝光与商品转化
6a4383f80000000017028fbf,潮范集-vin,https://sns-avatar-qc.xhscdn.com/avatar/1040g2jo320hs5sj7lm6g5ori6qg7rpgn1os8fao?imageView2/2/w/80/format/jpg,穿搭,https://www.xiaohongshu.com/explore/68a6f57a000000001c034c0a?xsec_token=AB17NFm1jEtNoI1fW2P7PWjTB__RmEsGbGkJyzmqMLjok=,319,201,14,158,1,692,双门槛全部达标,0.63,0.044,高收藏带货型,优先复投，适合挂车、引导搜索转化，深度年框/独家合作
6a438e01000000001702c3d5,Nilyu,https://sns-avatar-qc.xhscdn.com/avatar/1040g2jo31g3oljiqhu005pereggh3suiqubmr10?imageView2/2/w/80/format/jpg,穿搭,https://www.xiaohongshu.com/explore/68a6f57a000000001c034c0a?xsec_token=AB17NFm1jEtNoI1fW2P7PWja8qzCf9J-jVESYIYR4cCjY=,603,149,9,32,1,793,双门槛全部达标,0.247,0.015,普通低价值博主,转化比值一般，性价比偏低
6a438eed000000001102ceb2,单单（重生版）,https://sns-avatar-qc.xhscdn.com/avatar/1040g2jo31v405hne3m004a13seduuckjme5gjag?imageView2/2/w/80/format/jpg,穿搭,https://www.xiaohongshu.com/explore/68a6f57a000000001c034c0a?xsec_token=AB17NFm1jEtNoI1fW2P7PWjTaKDHoyGoMDmjMQ7jLL3mI=,1688,148,95,77,1,2008,双门槛全部达标,0.088,0.056,普通低价值博主,转化比值一般，性价比偏低
6a439acb000000001101d1c6,小游爱游,https://sns-avatar-qc.xhscdn.com/avatar/1040g2jo3208svqu75g005qf8ckt0g800qpb2tpo?imageView2/2/w/80/format/jpg,穿搭,https://www.xiaohongshu.com/explore/68a6f57a000000001c034c0a?xsec_token=AB17NFm1jEtNoI1fW2P7PWjWNZ-whNljD39OiSvmJw0kA=,546,157,25,45,1,773,双门槛全部达标,0.288,0.046,普通低价值博主,转化比值一般，性价比偏低
6a43a09f0000000007012e77,沈眉装,https://sns-avatar-qc.xhscdn.com/avatar/1040g2jo31vgiu807ia6g5q4pjl3a6audj3f5fk8?imageView2/2/w/80/format/jpg,穿搭,https://www.xiaohongshu.com/explore/68a6f57a000000001c034c0a?xsec_token=AB17NFm1jEtNoI1fW2P7PWjcKNEXVvo03GzH3mbm0Ef2A=,2115,787,190,58,1,3150,双门槛全部达标,0.372,0.09,普通低价值博主,转化比值一般，性价比偏低
6a43c63c000000000f01509d,初见朵朵～,https://sns-avatar-qc.xhscdn.com/avatar/1040g2jo320s39dkh74605q5igbdmc173gm2m2k8?imageView2/2/w/80/format/jpg,穿搭,https://www.xiaohongshu.com/explore/68a6f57a000000001c034c0a?xsec_token=AB17NFm1jEtNoI1fW2P7PWjdfYCOkLbWAYTqZOjn8En1Y=,1560,808,98,117,1,2583,双门槛全部达标,0.518,0.063,高收藏带货型,优先复投，适合挂车、引导搜索转化，深度年框/独家合作
6a44bfba00000000080013d9,沙漠的鲸鱼,https://sns-avatar-qc.xhscdn.com/avatar/6093fa277cc35d2c7fc99acf.jpg?imageView2/2/w/80/format/jpg,穿搭,https://www.xiaohongshu.com/explore/68a6f57a000000001c034c0a?xsec_token=AB7YyCH4EjzQUYvinIPW-S20PggEHM1KopcHsDyHODOQQ=,394,71,340,193,1,998,双门槛全部达标,0.18,0.863,普通低价值博主,转化比值一般，性价比偏低
6a44d0b1000000001702a639,甜心羊总,https://sns-avatar-qc.xhscdn.com/avatar/1040g2jo31ubjrsobiq005ptj20i3idg0huvsfng?imageView2/2/w/80/format/jpg,穿搭,https://www.xiaohongshu.com/explore/68a6f57a000000001c034c0a?xsec_token=AB7YyCH4EjzQUYvinIPW-S28GSStzxXrTZYtukEo5qAxQ=,6121,1809,148,294,1,8372,双门槛全部达标,0.296,0.024,普通低价值博主,转化比值一般，性价比偏低
6a4506600000000007029d22,是麻酱呀！是个穿搭怪,https://sns-avatar-qc.xhscdn.com/avatar/1040g2jo320j5506a6800493ckdjfacgi8d0ihd0?imageView2/2/w/80/format/jpg,穿搭,https://www.xiaohongshu.com/explore/68a6f57a000000001c034c0a?xsec_token=AB36IyAedIoclyXkvLQrOd1K0iQ5KetrNgisYeo9-4q3M=,36,19,1,3,1,59,总互动不足100,0.528,0.028,普通低价值博主,总互动仅59，流量薄弱，不建议投放
6a450e26000000001101661c,CHRIS💤,https://sns-avatar-qc.xhscdn.com/avatar/1040g2jo31p050fhsia005p0s8s34i8ksvgg36to?imageView2/2/w/80/format/jpg,穿搭,https://www.xiaohongshu.com/explore/68a6f57a000000001c034c0a?xsec_token=AB36IyAedIoclyXkvLQrOd1GzVScxQy61c81RnZVVztgU=,157,98,1,14,1,270,双门槛全部达标,0.624,0.006,高收藏带货型,优先复投，适合挂车、引导搜索转化，深度年框/独家合作
6a4529de0000000022008272,萨沙白,https://sns-avatar-qc.xhscdn.com/avatar/1040g2jo31m7d38oj5me04a3a2cggmk8olusp6u0?imageView2/2/w/80/format/jpg,穿搭,https://www.xiaohongshu.com/explore/68a6f57a000000001c034c0a?xsec_token=AB36IyAedIoclyXkvLQrOd1KMZ90yoU7epejqSPK-5SS8=,3244,491,131,149,1,4015,双门槛全部达标,0.151,0.04,普通低价值博主,转化比值一般，性价比偏低
6a45c27c000000001c02747e,咕咚椰椰欧美穿搭分享,https://sns-avatar-qc.xhscdn.com/avatar/1040g2jo320thocreno005q027d93jtkjel4dsi0?imageView2/2/w/80/format/jpg,穿搭,https://www.xiaohongshu.com/explore/68a6f57a000000001c034c0a?xsec_token=AB36IyAedIoclyXkvLQrOd1LyTcKL1OpWFO2XqG4vgRfI=,1858,1316,10,121,1,3305,双门槛全部达标,0.708,0.005,高收藏带货型,优先复投，适合挂车、引导搜索转化，深度年框/独家合作
6a45ce48000000001503e3a9,一升屁,https://sns-avatar-qc.xhscdn.com/avatar/64802a6194b042977cdd7841.jpg?imageView2/2/w/80/format/jpg,穿搭,https://www.xiaohongshu.com/explore/68a6f57a000000001c034c0a?xsec_token=AB36IyAedIoclyXkvLQrOd1Ps47LCCCW9-vntj7jUTFI4=,11905,2688,129,406,1,15128,双门槛全部达标,0.226,0.011,普通低价值博主,转化比值一般，性价比偏低
6a45e24f00000000080005d3,Chic溪,https://sns-avatar-qc.xhscdn.com/avatar/1040g2jo31u3h6v622a005p3and844u5c0ht68a0?imageView2/2/w/80/format/jpg,穿搭,https://www.xiaohongshu.com/explore/68a6f57a000000001c034c0a?xsec_token=AB36IyAedIoclyXkvLQrOd1JSAGhdabv-x1Rf1uasgd_c=,572,540,19,70,1,1201,双门槛全部达标,0.944,0.033,高收藏带货型,优先复投，适合挂车、引导搜索转化，深度年框/独家合作
6a45e874000000000803d031,井井玩,https://sns-avatar-qc.xhscdn.com/avatar/61b30e774fd8210778aa8c70.jpg?imageView2/2/w/80/format/jpg,穿搭,https://www.xiaohongshu.com/explore/68a6f57a000000001c034c0a?xsec_token=AB36IyAedIoclyXkvLQrOd1HiLflo62APINs2fgxfMCU0=,6686,3271,162,437,1,10556,双门槛全部达标,0.489,0.024,高收藏带货型,优先复投，适合挂车、引导搜索转化，深度年框/独家合作
6a45f6bf000000000803f824,曾曾在此,https://sns-avatar-qc.xhscdn.com/avatar/1040g2jo30vl40a50m60046prd1risj18ntkn06g?imageView2/2/w/80/format/jpg,穿搭,https://www.xiaohongshu.com/explore/68a6f57a000000001c034c0a?xsec_token=AB36IyAedIoclyXkvLQrOd1F5Lj6mEajZIlKNyoMEbN8o=,1417,732,334,62,1,2545,双门槛全部达标,0.517,0.236,普通低价值博主,转化比值一般，性价比偏低
6a462841000000001603eddb,Jarrvis,https://sns-avatar-qc.xhscdn.com/avatar/6276251d3f65210332fe4194.jpg?imageView2/2/w/80/format/jpg,穿搭,https://www.xiaohongshu.com/explore/68a6f57a000000001c034c0a?xsec_token=AB14KHMOnU8RgVWYWI5ZrAM7z8I-mtC2wb8vvxjP7fRl4=,512,177,31,32,1,752,双门槛全部达标,0.346,0.061,高收藏带货型,优先复投，适合挂车、引导搜索转化，深度年框/独家合作
6a46542a0000000015027bb3,Jackonly,https://sns-avatar-qc.xhscdn.com/avatar/1000g2jo2pdlq0oqk800g5n7ufm75rq9l86614k8?imageView2/2/w/80/format/jpg,穿搭,https://www.xiaohongshu.com/explore/68a6f57a000000001c034c0a?xsec_token=AB14KHMOnU8RgVWYWI5ZrAMzHvzz86lpCF-un7Fc9Ul00=,9804,4081,136,534,1,14555,双门槛全部达标,0.416,0.014,高收藏带货型,优先复投，适合挂车、引导搜索转化，深度年框/独家合作
6a46632c000000000f029d31,ZOE的穿搭日记,https://sns-avatar-qc.xhscdn.com/avatar/1040g2jo31a7ratdp6m004a7attkhai8jugenpgg?imageView2/2/w/80/format/jpg,穿搭,https://www.xiaohongshu.com/explore/68a6f57a000000001c034c0a?xsec_token=AB14KHMOnU8RgVWYWI5ZrAM7K7A-xhkRyejy9BydVRsao=,95,24,5,7,1,131,双门槛全部达标,0.253,0.053,普通低价值博主,转化比值一般，性价比偏低
6a46ec8c000000001101e7a6,念念穿搭,https://sns-avatar-qc.xhscdn.com/avatar/1040g2jo320s92hlgn40g5q89v48tpdav1rbvlm8?imageView2/2/w/80/format/jpg,穿搭,https://www.xiaohongshu.com/explore/68a6f57a000000001c034c0a?xsec_token=AB14KHMOnU8RgVWYWI5ZrAM59YMOwcWrJqTeuFslhPifg=,114,127,3,21,1,265,双门槛全部达标,1.114,0.026,高收藏带货型,优先复投，适合挂车、引导搜索转化，深度年框/独家合作
6a470e30000000000602182e,天亮了,https://sns-avatar-qc.xhscdn.com/avatar/1040g2jo314rmol3bhe004a4srivvvf4o6ui3bm0?imageView2/2/w/80/format/jpg,穿搭,https://www.xiaohongshu.com/explore/68a6f57a000000001c034c0a?xsec_token=ABhOMgTwFUr3sCBRY75US3leVxkUdi4F9HyXSX0A-kB1o=,421,173,3,40,1,637,双门槛全部达标,0.411,0.007,高收藏带货型,优先复投，适合挂车、引导搜索转化，深度年框/独家合作
6a47849a000000001c026d0f,中森小明菜,https://sns-avatar-qc.xhscdn.com/avatar/650c6cf3abda9602114ec780.jpg?imageView2/2/w/80/format/jpg,穿搭,https://www.xiaohongshu.com/explore/68a6f57a000000001c034c0a?xsec_token=ABhOMgTwFUr3sCBRY75US3lV7kauMKcCcnO1w3QGdG1bk=,219,121,5,9,1,354,双门槛全部达标,0.553,0.023,高收藏带货型,优先复投，适合挂车、引导搜索转化，深度年框/独家合作
6a478abc000000001c02597a,野兽nnn,https://sns-avatar-qc.xhscdn.com/avatar/1040g2jo31tcic9l0lk1049oqfhq1g8e3836p8qg?imageView2/2/w/80/format/jpg,穿搭,https://www.xiaohongshu.com/explore/68a6f57a000000001c034c0a?xsec_token=ABhOMgTwFUr3sCBRY75US3leclCBDAK49qqx48i7j4Gkg=,4097,1312,88,266,1,5763,双门槛全部达标,0.32,0.021,高收藏带货型,优先复投，适合挂车、引导搜索转化，深度年框/独家合作
6a479fd0000000000702cd17,羊村霸道懒总,https://sns-avatar-qc.xhscdn.com/avatar/1040g2jo3212o6eqpnu005q4nq9ma63dkok4cbeo?imageView2/2/w/80/format/jpg,穿搭,https://www.xiaohongshu.com/explore/68a6f57a000000001c034c0a?xsec_token=ABhOMgTwFUr3sCBRY75US3lexzqZVFp2MIXUKQqnQEWYI=,2553,442,30,96,1,3121,双门槛全部达标,0.173,0.012,普通低价值博主,转化比值一般，性价比偏低
6a47b7860000000011006d90,林旅,https://sns-avatar-qc.xhscdn.com/avatar/6078fa9bc37950db5bf91bc8.jpg?imageView2/2/w/80/format/jpg,穿搭,https://www.xiaohongshu.com/explore/68a6f57a000000001c034c0a?xsec_token=ABhOMgTwFUr3sCBRY75US3lYL9FtIVEP1QsyZ21IhK0LA=,430,126,36,8,1,600,双门槛全部达标,0.293,0.084,普通低价值博主,转化比值一般，性价比偏低
6a47c35300000000110059d6,草莓不甜.,https://sns-avatar-qc.xhscdn.com/avatar/1040g2jo31sd6rj5ilc005o7btmgg97jt218htp0?imageView2/2/w/80/format/jpg,穿搭,https://www.xiaohongshu.com/explore/68a6f57a000000001c034c0a?xsec_token=ABhOMgTwFUr3sCBRY75US3lV8ucLIuFlAIMlZZZWE7-b8=,11799,8257,50,1407,1,21513,双门槛全部达标,0.7,0.004,高收藏带货型,优先复投，适合挂车、引导搜索转化，深度年框/独家合作
6a47daf30000000008002819,小青的衣橱记.,https://sns-avatar-qc.xhscdn.com/avatar/1040g2jo31k22krdb30005q36lb6ms42erbu97ho?imageView2/2/w/80/format/jpg,穿搭,https://www.xiaohongshu.com/explore/68a6f57a000000001c034c0a?xsec_token=ABhOMgTwFUr3sCBRY75US3lTVj_d2sV5xYu4auMkM31pE=,165,98,12,9,1,284,双门槛全部达标,0.594,0.073,高收藏带货型,优先复投，适合挂车、引导搜索转化，深度年框/独家合作
6a486456000000001101573e,Serendipity,https://sns-avatar-qc.xhscdn.com/avatar/1040g2jo31onvlomrkq005q864l5dohkd632q020?imageView2/2/w/80/format/jpg,穿搭,https://www.xiaohongshu.com/explore/68a6f57a000000001c034c0a?xsec_token=AB8Y4ftibNX7Si0FeRfrjzhtSJrlTr3rpA--PMS_pDOqk=,68,31,0,4,1,103,双门槛全部达标,0.456,0.0,高收藏带货型,优先复投，适合挂车、引导搜索转化，深度年框/独家合作
6a48888b000000001101d589,小熊不软糖批发商（暖妈十级女摄）,https://sns-avatar-qc.xhscdn.com/avatar/1040g2jo31tbp1cgel6004a0qmn6ujuaflu9idig?imageView2/2/w/80/format/jpg,穿搭,https://www.xiaohongshu.com/explore/68a6f57a000000001c034c0a?xsec_token=AB8Y4ftibNX7Si0FeRfrjzhgnQauHJxx9w91liAdNWzao=,16180,1987,208,1256,1,19631,双门槛全部达标,0.123,0.013,普通低价值博主,转化比值一般，性价比偏低
6a48b7fd000000001602704f,漱石枕流中式,https://sns-avatar-qc.xhscdn.com/avatar/1040g2jo3187e1j4i0s0g5p45qg1noqjblhchfno?imageView2/2/w/80/format/jpg,穿搭,https://www.xiaohongshu.com/explore/68a6f57a000000001c034c0a?xsec_token=AB8Y4ftibNX7Si0FeRfrjzhrptpgb98_KlkhQRAe6VrJU=,353,134,78,90,1,655,双门槛全部达标,0.38,0.221,普通低价值博主,转化比值一般，性价比偏低
6a48b9c300000000060323d9,织就萤火,https://sns-avatar-qc.xhscdn.com/avatar/6486d218c66cea47a1fb66f6.jpg?imageView2/2/w/80/format/jpg,穿搭,https://www.xiaohongshu.com/explore/68a6f57a000000001c034c0a?xsec_token=AB8Y4ftibNX7Si0FeRfrjzhv77C-PvkbV9hzUeqIi6AGs=,4005,1305,738,395,1,6443,双门槛全部达标,0.326,0.184,普通低价值博主,转化比值一般，性价比偏低
6a48caa900000000070261e1,鸡蛋饭,https://sns-avatar-qc.xhscdn.com/avatar/1040g2jo31ci4v4u00m705n78uo0kfebo3pp1qk0?imageView2/2/w/80/format/jpg,穿搭,https://www.xiaohongshu.com/explore/68a6f57a000000001c034c0a?xsec_token=AB8Y4ftibNX7Si0FeRfrjzhrfNVfGJp2AYVa2jjMwL94Q=,2450,576,76,51,1,3153,双门槛全部达标,0.235,0.031,普通低价值博主,转化比值一般，性价比偏低
6a48d8f4000000001003ff18,黎千千Nico,https://sns-avatar-qc.xhscdn.com/avatar/1040g2jo30ubf4gtale1040hu44h6frujgc9jr50?imageView2/2/w/80/format/jpg,穿搭,https://www.xiaohongshu.com/explore/68a6f57a000000001c034c0a?xsec_token=AB8Y4ftibNX7Si0FeRfrjzhlA6so908M1HTc9Pq3m6aXs=,22767,3034,236,1231,1,27268,双门槛全部达标,0.133,0.01,普通低价值博主,转化比值一般，性价比偏低
6a48fa57000000002103dc19,与时俱进🌞,https://sns-avatar-qc.xhscdn.com/avatar/1040g2jo310ndr25vma505pfsa8djcnr1hd03bf0?imageView2/2/w/80/format/jpg,穿搭,https://www.xiaohongshu.com/explore/68a6f57a000000001c034c0a?xsec_token=AB8Y4ftibNX7Si0FeRfrjzhndenu-7_V0HG6PPv2xJl1k=,344,179,10,45,1,578,双门槛全部达标,0.52,0.029,高收藏带货型,优先复投，适合挂车、引导搜索转化，深度年框/独家合作
6a49bdc80000000022016bf2,神奇浮板少女,https://sns-avatar-qc.xhscdn.com/avatar/1040g2jo31r1b1u0png005nl9ehng8qmikqe9g7o?imageView2/2/w/80/format/jpg,穿搭,https://www.xiaohongshu.com/explore/68a6f57a000000001c034c0a?xsec_token=AB_92JVugd7Dn7-zXqMlyFfWRx1HYvaOi-dnKxseKrHOA=,3925,1189,58,102,1,5274,双门槛全部达标,0.303,0.015,高收藏带货型,优先复投，适合挂车、引导搜索转化，深度年框/独家合作
6a49bf4c0000000006035ad5,MKDP,https://sns-avatar-qc.xhscdn.com/avatar/1040g2jo31l7u5fvnli004a7b38a0r61a364rvk0?imageView2/2/w/80/format/jpg,穿搭,https://www.xiaohongshu.com/explore/68a6f57a000000001c034c0a?xsec_token=AB_92JVugd7Dn7-zXqMlyFfepx8Bdbe-RGdc3U5te3jxU=,136,19,5,5,1,165,双门槛全部达标,0.14,0.037,普通低价值博主,转化比值一般，性价比偏低
6a49e625000000001503dedf,油头,https://sns-avatar-qc.xhscdn.com/avatar/1040g2jo31ovfqsc11o005o2opkh08tkkdco5638?imageView2/2/w/80/format/jpg,穿搭,https://www.xiaohongshu.com/explore/68a6f57a000000001c034c0a?xsec_token=AB_92JVugd7Dn7-zXqMlyFfTLPb6_zN1DgYwYjT_3M1xQ=,660,490,21,11,1,1182,双门槛全部达标,0.742,0.032,高收藏带货型,优先复投，适合挂车、引导搜索转化，深度年框/独家合作
6a49fd0e000000000702c4c6,是小羊咩咩～,https://sns-avatar-qc.xhscdn.com/avatar/1040g2jo31u9q5m3qio705n3h24o465t9pb6r8j8?imageView2/2/w/80/format/jpg,穿搭,https://www.xiaohongshu.com/explore/68a6f57a000000001c034c0a?xsec_token=AB_92JVugd7Dn7-zXqMlyFfVl4H9oVLBAitFWBWV3XLzA=,44,17,1,4,1,66,总互动不足100,0.386,0.023,普通低价值博主,总互动仅66，流量薄弱，不建议投放
6a4a087f000000002003991e,亚克力枪枪,https://sns-avatar-qc.xhscdn.com/avatar/6084fbf82628e06035065ed3.jpg?imageView2/2/w/80/format/jpg,穿搭,https://www.xiaohongshu.com/explore/68a6f57a000000001c034c0a?xsec_token=ABtPYiXblrkg46zuTjbCtOvS_1Fl3Z8-VIJzowF-U9ZQg=,7981,239,371,212,1,8803,双门槛全部达标,0.03,0.046,普通低价值博主,转化比值一般，性价比偏低
6a4a1c96000000000f029014,LIT LIGHT 里奈拾光,https://sns-avatar-qc.xhscdn.com/avatar/62e0f594d26d9f0001f14d86.jpg?imageView2/2/w/80/format/jpg,穿搭,https://www.xiaohongshu.com/explore/68a6f57a000000001c034c0a?xsec_token=ABtPYiXblrkg46zuTjbCtOva9r4NrViA7Bt3twBUf8ch0=,1,3,0,0,1,4,总互动不足100,3.0,0.0,普通低价值博主,总互动仅4，流量薄弱，不建议投放
6a4a20c3000000000f0172ff,LIT LIGHT 里奈拾光,https://sns-avatar-qc.xhscdn.com/avatar/62e0f594d26d9f0001f14d86.jpg?imageView2/2/w/80/format/jpg,穿搭,https://www.xiaohongshu.com/explore/68a6f57a000000001c034c0a?xsec_token=ABtPYiXblrkg46zuTjbCtOvYidgHtCkUGm6TIOtzvDZEw=,1,1,0,0,1,2,总互动不足100,1.0,0.0,普通低价值博主,总互动仅2，流量薄弱，不建议投放
6a4a21fd000000001700a523,小baby涵涵,https://sns-avatar-qc.xhscdn.com/avatar/61a2436a1486ff88c2d04426.jpg?imageView2/2/w/80/format/jpg,穿搭,https://www.xiaohongshu.com/explore/68a6f57a000000001c034c0a?xsec_token=ABtPYiXblrkg46zuTjbCtOvXabFg1ePIxKkq4Dy_DYk1E=,3118,1177,37,213,1,4545,双门槛全部达标,0.377,0.012,高收藏带货型,优先复投，适合挂车、引导搜索转化，深度年框/独家合作
6a4a2e770000000008000771,y6ughd,https://sns-avatar-qc.xhscdn.com/avatar/1040g2jo31vcb2386iq004a61ber35hpp2dkqb2g?imageView2/2/w/80/format/jpg,穿搭,https://www.xiaohongshu.com/explore/68a6f57a000000001c034c0a?xsec_token=ABtPYiXblrkg46zuTjbCtOvR_C1iLzeMXE56kn431onNI=,1500,517,11,65,1,2093,双门槛全部达标,0.345,0.007,高收藏带货型,优先复投，适合挂车、引导搜索转化，深度年框/独家合作
6a4a3a9a000000001503cb40,怡宝,https://sns-avatar-qc.xhscdn.com/avatar/60e1da2f2039af9fa2b358ca.jpg?imageView2/2/w/80/format/jpg,穿搭,https://www.xiaohongshu.com/explore/68a6f57a000000001c034c0a?xsec_token=ABtPYiXblrkg46zuTjbCtOvccglvReJp5VpLtxKg4O_Cs=,8310,3645,150,355,1,12460,双门槛全部达标,0.439,0.018,高收藏带货型,优先复投，适合挂车、引导搜索转化，深度年框/独家合作
6a4a4ac00000000011017782,小肥.,https://sns-avatar-qc.xhscdn.com/avatar/62e92fb1f08b34c5ef42fd34.jpg?imageView2/2/w/80/format/jpg,穿搭,https://www.xiaohongshu.com/explore/68a6f57a000000001c034c0a?xsec_token=ABtPYiXblrkg46zuTjbCtOvTyfAp7-pOhHLNWS555oHfc=,456,109,34,4,1,603,双门槛全部达标,0.239,0.075,普通低价值博主,转化比值一般，性价比偏低
6a4a5066000000000f01c86c,颉颉与猫,https://sns-avatar-qc.xhscdn.com/avatar/1040g2jo322fjdbutn2005pjivjj0u3t85hneh5o?imageView2/2/w/80/format/jpg,穿搭,https://www.xiaohongshu.com/explore/68a6f57a000000001c034c0a?xsec_token=ABtPYiXblrkg46zuTjbCtOvWkjbuVGyS5yYnkXPGlnFlQ=,4981,1203,0,70,1,6254,双门槛全部达标,0.242,0.0,普通低价值博主,转化比值一般，性价比偏低
6a4a6a670000000011016f80,LIT LIGHT 里奈拾光,https://sns-avatar-qc.xhscdn.com/avatar/62e0f594d26d9f0001f14d86.jpg?imageView2/2/w/80/format/jpg,穿搭,https://www.xiaohongshu.com/explore/68a6f57a000000001c034c0a?xsec_token=ABtPYiXblrkg46zuTjbCtOvcAr1ulDeixDI1yRsgy8h7w=,1,1,0,0,1,2,总互动不足100,1.0,0.0,普通低价值博主,总互动仅2，流量薄弱，不建议投放
6a4afe8f000000000702cb86,Fairychen,https://sns-avatar-qc.xhscdn.com/avatar/1040g2jo31eek9p2egk005n5j71k4b7g15qrbd30?imageView2/2/w/80/format/jpg,穿搭,https://www.xiaohongshu.com/explore/68a6f57a000000001c034c0a?xsec_token=ABtPYiXblrkg46zuTjbCtOvf0RBUNChxiHoEEbIUzcLxQ=,642,176,38,46,1,902,双门槛全部达标,0.274,0.059,普通低价值博主,转化比值一般，性价比偏低
6a4b0680000000001603fa07,LXYuuu-,https://sns-avatar-qc.xhscdn.com/avatar/1040g2jo312htjof07q004a34fubskfm8nrm1m60?imageView2/2/w/80/format/jpg,穿搭,https://www.xiaohongshu.com/explore/68a6f57a000000001c034c0a?xsec_token=ABxrvC-kxowxsGCZWMLMpxKz0c3lbBmRbaWSA3yHL3M1I=,4375,1688,55,353,1,6471,双门槛全部达标,0.386,0.013,高收藏带货型,优先复投，适合挂车、引导搜索转化，深度年框/独家合作
6a4b2853000000002201be39,_WithYue,https://sns-avatar-qc.xhscdn.com/avatar/1040g2jo321qqe0tnne005oc256i41ho9je9lbf0?imageView2/2/w/80/format/jpg,穿搭,https://www.xiaohongshu.com/explore/68a6f57a000000001c034c0a?xsec_token=ABxrvC-kxowxsGCZWMLMpxK5UMKmvm6BxUrWnEoeSCOs0=,0,0,0,0,1,0,总互动不足100,0.0,0.0,普通低价值博主,总互动仅0，流量薄弱，不建议投放
6a4b6485000000000f0070c8,希文_Sivan,https://sns-avatar-qc.xhscdn.com/avatar/624d555de8363e802e354219.jpg?imageView2/2/w/80/format/jpg,穿搭,https://www.xiaohongshu.com/explore/68a6f57a000000001c034c0a?xsec_token=ABxrvC-kxowxsGCZWMLMpxK4_baKhdUa7IfdV7f3WXbXA=,308,92,6,4,1,410,双门槛全部达标,0.299,0.019,普通低价值博主,转化比值一般，性价比偏低
6a4b6aed000000000602046d,发财宅女,https://sns-avatar-qc.xhscdn.com/avatar/6141f9cd443457849cc276dc.jpg?imageView2/2/w/80/format/jpg,穿搭,https://www.xiaohongshu.com/explore/68a6f57a000000001c034c0a?xsec_token=ABxrvC-kxowxsGCZWMLMpxKzSqgtraUW3tcmK3-KzQ8e8=,13597,1508,2435,606,1,18146,双门槛全部达标,0.111,0.179,高讨论声量型,新品造势、品牌话题引爆，不适合直接带货转化
6a4b76450000000022019b5e,一点儿小儿,https://sns-avatar-qc.xhscdn.com/avatar/619ba64200000000210231a3.jpg?imageView2/2/w/80/format/jpg,穿搭,https://www.xiaohongshu.com/explore/68a6f57a000000001c034c0a?xsec_token=ABxrvC-kxowxsGCZWMLMpxK_d22pTM60IS1_pkY5J6FOo=,2140,950,36,78,1,3204,双门槛全部达标,0.444,0.017,高收藏带货型,优先复投，适合挂车、引导搜索转化，深度年框/独家合作
6a4b8090000000001101fc2d,LIT LIGHT 里奈拾光,https://sns-avatar-qc.xhscdn.com/avatar/62e0f594d26d9f0001f14d86.jpg?imageView2/2/w/80/format/jpg,穿搭,https://www.xiaohongshu.com/explore/68a6f57a000000001c034c0a?xsec_token=ABxrvC-kxowxsGCZWMLMpxK-Cf_DnhEmbQOyxgXNgsTMs=,1,0,0,0,1,1,总互动不足100,0.0,0.0,普通低价值博主,总互动仅1，流量薄弱，不建议投放
6a4b9afe0000000011015dfb,焓姨,https://sns-avatar-qc.xhscdn.com/avatar/610cff48f7616b2240c6ebf3.jpg?imageView2/2/w/80/format/jpg,穿搭,https://www.xiaohongshu.com/explore/68a6f57a000000001c034c0a?xsec_token=ABxrvC-kxowxsGCZWMLMpxK-vK9yOSCgNTYythlctpaSU=,2451,1969,202,522,1,5144,双门槛全部达标,0.803,0.082,普通低价值博主,转化比值一般，性价比偏低
6a4b9c140000000016024642,nuria,https://sns-avatar-qc.xhscdn.com/avatar/1040g2jo31lvkirem5e004a421jue0t9gnr7molg?imageView2/2/w/80/format/jpg,穿搭,https://www.xiaohongshu.com/explore/68a6f57a000000001c034c0a?xsec_token=ABxrvC-kxowxsGCZWMLMpxKwqXcynnk4NS9N58x5LowPM=,10742,1355,112,280,1,12489,双门槛全部达标,0.126,0.01,普通低价值博主,转化比值一般，性价比偏低
6a4bf7080000000016024a45,我不是麻瓜,https://sns-avatar-qc.xhscdn.com/avatar/1040g2jo31ug8bd422a705pb9p2dmac3dv32iqt8?imageView2/2/w/80/format/jpg,穿搭,https://www.xiaohongshu.com/explore/68a6f57a000000001c034c0a?xsec_token=ABxrvC-kxowxsGCZWMLMpxK_LXyr7gBqwtNmZquVpFO68=,114099,20356,498,3078,1,138031,双门槛全部达标,0.178,0.004,普通低价值博主,转化比值一般，性价比偏低
6a4c958c00000000110046a7,闪闪ing！,https://sns-avatar-qc.xhscdn.com/avatar/1040g2jo320ei4cv15e0g5q3uq8qjfqdjs8afffo?imageView2/2/w/80/format/jpg,穿搭,https://www.xiaohongshu.com/explore/68a6f57a000000001c034c0a?xsec_token=ABIbGE4451ctX4rwHiGOryh5r0mjYpVIBQUsMijM-uAso=,7361,3802,141,362,1,11666,双门槛全部达标,0.517,0.019,高收藏带货型,优先复投，适合挂车、引导搜索转化，深度年框/独家合作
6a4ca4590000000007023ff3,汪旭圆（奶音）,https://sns-avatar-qc.xhscdn.com/avatar/1040g2jo321gtn8fano005nt432i09etlaaknfro?imageView2/2/w/80/format/jpg,穿搭,https://www.xiaohongshu.com/explore/68a6f57a000000001c034c0a?xsec_token=ABIbGE4451ctX4rwHiGOryh3t3q19QR2n71trU5gMnbBo=,1844,421,30,119,1,2414,双门槛全部达标,0.228,0.016,普通低价值博主,转化比值一般，性价比偏低
6a4cdc520000000011012456,Yann 张妍,https://sns-avatar-qc.xhscdn.com/avatar/1040g2jo31q950ff7n4004adfg0soru50jr09eeg?imageView2/2/w/80/format/jpg,穿搭,https://www.xiaohongshu.com/explore/68a6f57a000000001c034c0a?xsec_token=ABIbGE4451ctX4rwHiGOryh1cHnIq7-QV3bHr3ZOiz8c4=,2445,1755,35,112,1,4347,双门槛全部达标,0.718,0.014,高收藏带货型,优先复投，适合挂车、引导搜索转化，深度年框/独家合作
6a4cf11e000000000803e3d7,Pretty私服穿搭,https://sns-avatar-qc.xhscdn.com/avatar/668547dfb60d8bbbc85323d8.jpg?imageView2/2/w/80/format/jpg,穿搭,https://www.xiaohongshu.com/explore/68a6f57a000000001c034c0a?xsec_token=ABIbGE4451ctX4rwHiGOryh6DOkJ-humdI8uumNJ98P-U=,540,186,200,76,1,1002,双门槛全部达标,0.344,0.37,普通低价值博主,转化比值一般，性价比偏低
6a4d00c6000000001503c93a,辛夷,https://sns-avatar-qc.xhscdn.com/avatar/1040g2jo31pf42cmvigdg5q1maq37nnvml0ld4ig?imageView2/2/w/80/format/jpg,穿搭,https://www.xiaohongshu.com/explore/68a6f57a000000001c034c0a?xsec_token=ABgh1mbI-VWRMlTQ8sIpYzDurEP4B3_odciXsDJptm5bQ=,72,34,1,4,1,111,双门槛全部达标,0.472,0.014,高收藏带货型,优先复投，适合挂车、引导搜索转化，深度年框/独家合作
6a4ddd9c000000001502618b,小嘉嘉,https://sns-avatar-qc.xhscdn.com/avatar/1040g2jo321oih1ia7a004bulifis5aa7g32511o?imageView2/2/w/80/format/jpg,穿搭,https://www.xiaohongshu.com/explore/68a6f57a000000001c034c0a?xsec_token=ABgh1mbI-VWRMlTQ8sIpYzDr3yQ5_1TZBLjBjXPQY6hu0=,5605,1191,132,420,1,7348,双门槛全部达标,0.212,0.024,普通低价值博主,转化比值一般，性价比偏低
6a4e1eba000000000f030c11,颉颉与猫,https://sns-avatar-qc.xhscdn.com/avatar/1040g2jo322fjdbutn2005pjivjj0u3t85hneh5o?imageView2/2/w/80/format/jpg,穿搭,https://www.xiaohongshu.com/explore/68a6f57a000000001c034c0a?xsec_token=ABoe9urFr52VXIINk8ahKSRuq-qTllMWuV_-bzohOS1o0=,5815,1164,0,219,1,7198,双门槛全部达标,0.2,0.0,普通低价值博主,转化比值一般，性价比偏低
6a4e2ad800000000210083d0,DD-拾光葵,https://sns-avatar-qc.xhscdn.com/avatar/6073156bdca13130aac756d4.jpg?imageView2/2/w/80/format/jpg,穿搭,https://www.xiaohongshu.com/explore/68a6f57a000000001c034c0a?xsec_token=ABoe9urFr52VXIINk8ahKSRp3HbClPosQX_bM7pW9jTgY=,187,121,3,9,1,320,双门槛全部达标,0.647,0.016,高收藏带货型,优先复投，适合挂车、引导搜索转化，深度年框/独家合作
6a4e7038000000001603d3f7,昭昭萤火,https://sns-avatar-qc.xhscdn.com/avatar/1040g2jo31vtacgte2q0g5omp0j3jhprd8jhfjd8?imageView2/2/w/80/format/jpg,穿搭,https://www.xiaohongshu.com/explore/68a6f57a000000001c034c0a?xsec_token=ABoe9urFr52VXIINk8ahKSRuO35q5shGVuTkDZx6NuXvM=,1581,1014,130,485,1,3210,双门槛全部达标,0.641,0.082,普通低价值博主,转化比值一般，性价比偏低
6a4ece4b0000000015027cff,鱼儿坊穿搭,https://sns-avatar-qc.xhscdn.com/avatar/1040g2jo31vliuhociq0g5ncqllt096lm2iutnio?imageView2/2/w/80/format/jpg,穿搭,https://www.xiaohongshu.com/explore/68a6f57a000000001c034c0a?xsec_token=ABoe9urFr52VXIINk8ahKSRup1GJqjYLklRFZjPMrQsXk=,13,6,0,2,1,21,总互动不足100,0.462,0.0,普通低价值博主,总互动仅21，流量薄弱，不建议投放
6a4f49420000000017008511,婉婉酱,https://sns-avatar-qc.xhscdn.com/avatar/636684cf2064cb36e88a4c81.jpg?imageView2/2/w/80/format/jpg,穿搭,https://www.xiaohongshu.com/explore/68a6f57a000000001c034c0a?xsec_token=ABKwI9xjY_W1WqV8vEzalhcCaCnyyFrzBvUT2TdBDANm8=,3123,3218,82,109,1,6532,双门槛全部达标,1.03,0.026,高收藏带货型,优先复投，适合挂车、引导搜索转化，深度年框/独家合作
6a4f5bb8000000000f0298aa,小芝煎煎,https://sns-avatar-qc.xhscdn.com/avatar/1040g2jo31u3jdg9lhq005o3f2rv08qgtveoiqu8?imageView2/2/w/80/format/jpg,穿搭,https://www.xiaohongshu.com/explore/68a6f57a000000001c034c0a?xsec_token=ABKwI9xjY_W1WqV8vEzalhcMSsIIp9iFVLtGrPysB2mZI=,677,440,38,23,1,1178,双门槛全部达标,0.65,0.056,高收藏带货型,优先复投，适合挂车、引导搜索转化，深度年框/独家合作
6a4f7e46000000001101eed9,南华悟真,https://sns-avatar-qc.xhscdn.com/avatar/1040g2jo31deiafd3gc505ovpm84l1h59i94vk0o?imageView2/2/w/80/format/jpg,穿搭,https://www.xiaohongshu.com/explore/68a6f57a000000001c034c0a?xsec_token=ABKwI9xjY_W1WqV8vEzalhcPFAkJfW2iMyIpXqSOxemhE=,78,22,3,9,1,112,双门槛全部达标,0.282,0.038,普通低价值博主,转化比值一般，性价比偏低
6a4f7f23000000002103d855,云薇Clowest,https://sns-avatar-qc.xhscdn.com/avatar/1040g2jo312isn1980e5g5o8ht95g8i8pv4ba3mo?imageView2/2/w/80/format/jpg,穿搭,https://www.xiaohongshu.com/explore/68a6f57a000000001c034c0a?xsec_token=ABKwI9xjY_W1WqV8vEzalhcKFnqYw9Wxqf0Qx_stbEAHE=,131,53,2,12,1,198,双门槛全部达标,0.405,0.015,高收藏带货型,优先复投，适合挂车、引导搜索转化，深度年框/独家合作
6a4f864d00000000220193d6,极冻鹅,https://sns-avatar-qc.xhscdn.com/avatar/1040g2jo30u2ohbil5i005p4gc2a7oufmpttfuu8?imageView2/2/w/80/format/jpg,穿搭,https://www.xiaohongshu.com/explore/68a6f57a000000001c034c0a?xsec_token=ABKwI9xjY_W1WqV8vEzalhcIRnFv_9lgk2wprlM-9H_f0=,38578,20514,342,1957,1,61391,双门槛全部达标,0.532,0.009,高收藏带货型,优先复投，适合挂车、引导搜索转化，深度年框/独家合作
6a4f9e6f000000000f01e122,Savislook,https://sns-avatar-qc.xhscdn.com/avatar/5e8daed6d6e3b000019b41c0.jpg?imageView2/2/w/80/format/jpg,穿搭,https://www.xiaohongshu.com/explore/68a6f57a000000001c034c0a?xsec_token=ABKwI9xjY_W1WqV8vEzalhcH7rKSm-1563Tta_po_9bGg=,2401,522,310,176,1,3409,双门槛全部达标,0.217,0.129,均衡全能型,品效合一投放，兼顾曝光与商品转化
6a4fb479000000000f01f61f,打哈邱,https://sns-avatar-qc.xhscdn.com/avatar/1040g2jo31ir3m28ggm005pfen8p19n9lmiulvb8?imageView2/2/w/80/format/jpg,穿搭,https://www.xiaohongshu.com/explore/68a6f57a000000001c034c0a?xsec_token=ABKwI9xjY_W1WqV8vEzalhcMiK3k-hTUohj2gK7NUeQdE=,2842,896,53,31,1,3822,双门槛全部达标,0.315,0.019,高收藏带货型,优先复投，适合挂车、引导搜索转化，深度年框/独家合作
6a4fc39f000000000f014215,菜花,https://sns-avatar-qc.xhscdn.com/avatar/60c0303bf069a3cf11e54a46.jpg?imageView2/2/w/80/format/jpg,穿搭,https://www.xiaohongshu.com/explore/68a6f57a000000001c034c0a?xsec_token=ABKwI9xjY_W1WqV8vEzalhcDQIjkB2XIjJxTOkgCEA598=,2662,1007,260,95,1,4024,双门槛全部达标,0.378,0.098,普通低价值博主,转化比值一般，性价比偏低
6a503fcb000000000f033aa9,制著服饰,https://sns-avatar-qc.xhscdn.com/avatar/1040g2jo322e23cee6u6g5qgfs77gg9014rn6r20?imageView2/2/w/80/format/jpg,穿搭,https://www.xiaohongshu.com/explore/68a6f57a000000001c034c0a?xsec_token=ABLF0fX3JyGHE2zHq8HaATLUP-EDYf4E72SvV2JaWlJT8=,6,2,0,3,1,11,总互动不足100,0.333,0.0,普通低价值博主,总互动仅11，流量薄弱，不建议投放
6a50549d000000000602086b,心碎的小蛋挞,https://sns-avatar-qc.xhscdn.com/avatar/1040g2jo31mihql4jli005p8ittk8ssd24bq5phg?imageView2/2/w/80/format/jpg,穿搭,https://www.xiaohongshu.com/explore/68a6f57a000000001c034c0a?xsec_token=ABLF0fX3JyGHE2zHq8HaATLduGc1UmDGMyTzBUETgPll8=,30,11,0,4,1,45,总互动不足100,0.367,0.0,普通低价值博主,总互动仅45，流量薄弱，不建议投放
6a506eb20000000016027957,liya,https://sns-avatar-qc.xhscdn.com/avatar/1040g2jo31ilgcfq4g8004abhbl7o9ek46k1avk8?imageView2/2/w/80/format/jpg,穿搭,https://www.xiaohongshu.com/explore/68a6f57a000000001c034c0a?xsec_token=ABLF0fX3JyGHE2zHq8HaATLSD3FE6MUSs_2z8ALajR6BI=,5662,3104,141,156,1,9063,双门槛全部达标,0.548,0.025,高收藏带货型,优先复投，适合挂车、引导搜索转化，深度年框/独家合作
6a50a5c4000000002101a789,吴三斤Richie,https://sns-avatar-qc.xhscdn.com/avatar/6710d1da245d003455a06148.jpg?imageView2/2/w/80/format/jpg,穿搭,https://www.xiaohongshu.com/explore/68a6f57a000000001c034c0a?xsec_token=ABLF0fX3JyGHE2zHq8HaATLVAWJCDLHA4jOgXu6PGXBi0=,202,20,16,6,1,244,双门槛全部达标,0.099,0.079,普通低价值博主,转化比值一般，性价比偏低
6a50ca690000000008026c89,是丫丫大人哟,https://sns-avatar-qc.xhscdn.com/avatar/63816a2afac552d16f287303.jpg?imageView2/2/w/80/format/jpg,穿搭,https://www.xiaohongshu.com/explore/68a6f57a000000001c034c0a?xsec_token=ABLF0fX3JyGHE2zHq8HaATLYUoWJicAoqwxMYqRJGjnzU=,2221,860,60,37,1,3178,双门槛全部达标,0.387,0.027,高收藏带货型,优先复投，适合挂车、引导搜索转化，深度年框/独家合作
6a50e96800000000150247b8,小小芝士呀,https://sns-avatar-qc.xhscdn.com/avatar/1040g2jo321ac04uq7e005qbdqg92v60gdiae1a0?imageView2/2/w/80/format/jpg,穿搭,https://www.xiaohongshu.com/explore/68a6f57a000000001c034c0a?xsec_token=ABLF0fX3JyGHE2zHq8HaATLa75FQdFThXpqxcQH057vkA=,20,12,0,3,1,35,总互动不足100,0.6,0.0,普通低价值博主,总互动仅35，流量薄弱，不建议投放
6a51b67a000000001101af9c,虹啊么,https://sns-avatar-qc.xhscdn.com/avatar/1040g2jo3222u3l3vn0104a75qr16f78ohbu26po?imageView2/2/w/80/format/jpg,穿搭,https://www.xiaohongshu.com/explore/68a6f57a000000001c034c0a?xsec_token=ABtq3vah3qEw5V7mmDQvxfC3phdDLB2u3RnxqeOtbtVV8=,1259,547,23,69,1,1898,双门槛全部达标,0.434,0.018,高收藏带货型,优先复投，适合挂车、引导搜索转化，深度年框/独家合作
6a51c1660000000007012431,摄影电焊机,https://sns-avatar-qc.xhscdn.com/avatar/1040g2jo30mvp3v1j5c004351d122o3iu85nc3cg?imageView2/2/w/80/format/jpg,穿搭,https://www.xiaohongshu.com/explore/68a6f57a000000001c034c0a?xsec_token=ABtq3vah3qEw5V7mmDQvxfC6MSq9vpIGtU8_rK3EJ1M28=,2367,485,203,237,1,3292,双门槛全部达标,0.205,0.086,均衡全能型,品效合一投放，兼顾曝光与商品转化
6a51d3e2000000000f02a8df,只吃海盐卷,https://sns-avatar-qc.xhscdn.com/avatar/1040g2jo321ocp26pms0g5poh2kd7c3l40tpv1og?imageView2/2/w/80/format/jpg,穿搭,https://www.xiaohongshu.com/explore/68a6f57a000000001c034c0a?xsec_token=ABtq3vah3qEw5V7mmDQvxfC6IhhwOAOi_nbrzfog9uM_w=,580,207,19,16,1,822,双门槛全部达标,0.357,0.033,高收藏带货型,优先复投，适合挂车、引导搜索转化，深度年框/独家合作
6a520d97000000001101bbd2,橘子海🍊,https://sns-avatar-qc.xhscdn.com/avatar/66d97f907694f16250c1d9d7.jpg?imageView2/2/w/80/format/jpg,穿搭,https://www.xiaohongshu.com/explore/68a6f57a000000001c034c0a?xsec_token=AB_7EMKLCtQN--x6uKf4lW8iBi5n7T9ZaRvYslxJNc7Mo=,678,222,41,7,1,948,双门槛全部达标,0.327,0.06,高收藏带货型,优先复投，适合挂车、引导搜索转化，深度年框/独家合作
6a5218160000000008027d87,160轻熟通勤衣橱,https://sns-avatar-qc.xhscdn.com/avatar/1040g2jo3212lrof77e005qgafm4gg701q9tgrio?imageView2/2/w/80/format/jpg,穿搭,https://www.xiaohongshu.com/explore/68a6f57a000000001c034c0a?xsec_token=AB_7EMKLCtQN--x6uKf4lW8lxkZ6lSyAaB1F3eyF5H6E8=,15,8,0,3,1,26,总互动不足100,0.533,0.0,普通低价值博主,总互动仅26，流量薄弱，不建议投放
6a524cc2000000001003cc81,须弥绘,https://sns-avatar-qc.xhscdn.com/avatar/1040g2jo31gsqte2i426g5phecum1ootom88qa2g?imageView2/2/w/80/format/jpg,穿搭,https://www.xiaohongshu.com/explore/68a6f57a000000001c034c0a?xsec_token=AB_7EMKLCtQN--x6uKf4lW8lDsVxSDJ4Eb-WF1LLb_28E=,354,154,4,41,1,553,双门槛全部达标,0.435,0.011,高收藏带货型,优先复投，适合挂车、引导搜索转化，深度年框/独家合作
6a525ba70000000008033fbe,古藤波雅,https://sns-avatar-qc.xhscdn.com/avatar/1040g2jo31tckccm65k005ptb0qihjlstas1m4fg?imageView2/2/w/80/format/jpg,穿搭,https://www.xiaohongshu.com/explore/68a6f57a000000001c034c0a?xsec_token=AB_7EMKLCtQN--x6uKf4lW8hKiVapuBvDp7O44kAaRYC8=,5326,935,35,317,1,6613,双门槛全部达标,0.176,0.007,普通低价值博主,转化比值一般，性价比偏低
6a52fdd00000000016027fa1,油头,https://sns-avatar-qc.xhscdn.com/avatar/1040g2jo31ovfqsc11o005o2opkh08tkkdco5638?imageView2/2/w/80/format/jpg,穿搭,https://www.xiaohongshu.com/explore/68a6f57a000000001c034c0a?xsec_token=AB_7EMKLCtQN--x6uKf4lW8m_sh_Oc56wJNU68xtCf9Rs=,1103,837,31,27,1,1998,双门槛全部达标,0.759,0.028,高收藏带货型,优先复投，适合挂车、引导搜索转化，深度年框/独家合作
6a53329b0000000016027061,菜菜,https://sns-avatar-qc.xhscdn.com/avatar/1040g2jo31qutdgok7g0g4a3qg4d4d46adieesm0?imageView2/2/w/80/format/jpg,穿搭,https://www.xiaohongshu.com/explore/68a6f57a000000001c034c0a?xsec_token=ABo3v8vglQ5ty0dZYxIWvPTwj0Ukyp6coBEQjlB_iTQYM=,1404,426,110,93,1,2033,双门槛全部达标,0.303,0.078,高收藏带货型,优先复投，适合挂车、引导搜索转化，深度年框/独家合作
6a533cfa0000000008002b23,春日花花,https://sns-avatar-qc.xhscdn.com/avatar/646de0f3106e9b8387a0506f.jpg?imageView2/2/w/80/format/jpg,穿搭,https://www.xiaohongshu.com/explore/68a6f57a000000001c034c0a?xsec_token=ABo3v8vglQ5ty0dZYxIWvPTy6MJgdVhgMpRog48XBSIgU=,584,387,10,16,1,997,双门槛全部达标,0.663,0.017,高收藏带货型,优先复投，适合挂车、引导搜索转化，深度年框/独家合作
6a536c630000000016025479,leebq清清,https://sns-avatar-qc.xhscdn.com/avatar/1040g2jo30vv950jd66005olgnnkmd64giff3a80?imageView2/2/w/80/format/jpg,穿搭,https://www.xiaohongshu.com/explore/68a6f57a000000001c034c0a?xsec_token=ABo3v8vglQ5ty0dZYxIWvPT5H_TnXZwiHfB9QluVreK7w=,5341,1901,154,734,1,8130,双门槛全部达标,0.356,0.029,高收藏带货型,优先复投，适合挂车、引导搜索转化，深度年框/独家合作
6a538785000000001101dab2,须弥绘,https://sns-avatar-qc.xhscdn.com/avatar/1040g2jo31gsqte2i426g5phecum1ootom88qa2g?imageView2/2/w/80/format/jpg,穿搭,https://www.xiaohongshu.com/explore/68a6f57a000000001c034c0a?xsec_token=ABo3v8vglQ5ty0dZYxIWvPT4B9BjQ3cQwFzY8UuNteIQ4=,481,220,7,57,1,765,双门槛全部达标,0.457,0.015,高收藏带货型,优先复投，适合挂车、引导搜索转化，深度年框/独家合作
6a53af8e000000001003f545,打哈邱,https://sns-avatar-qc.xhscdn.com/avatar/1040g2jo31ir3m28ggm005pfen8p19n9lmiulvb8?imageView2/2/w/80/format/jpg,穿搭,https://www.xiaohongshu.com/explore/68a6f57a000000001c034c0a?xsec_token=ABo3v8vglQ5ty0dZYxIWvPT_SJMg-IqZH84rN7n-CKppQ=,2603,627,39,18,1,3287,双门槛全部达标,0.241,0.015,普通低价值博主,转化比值一般，性价比偏低
6a5454f1000000002200bedc,井井玩,https://sns-avatar-qc.xhscdn.com/avatar/61b30e774fd8210778aa8c70.jpg?imageView2/2/w/80/format/jpg,穿搭,https://www.xiaohongshu.com/explore/68a6f57a000000001c034c0a?xsec_token=ABPR2xrI6XFYqwMGOpEhVTfY2qg7aLufRw6J_0k966ni8=,2457,1104,41,107,1,3709,双门槛全部达标,0.449,0.017,高收藏带货型,优先复投，适合挂车、引导搜索转化，深度年框/独家合作
6a54586200000000220146f6,莎拉🥗,https://sns-avatar-qc.xhscdn.com/avatar/1040g2jo31nb9okk6li005n5l47gkbf2sio78ih0?imageView2/2/w/80/format/jpg,穿搭,https://www.xiaohongshu.com/explore/68a6f57a000000001c034c0a?xsec_token=ABPR2xrI6XFYqwMGOpEhVTfSBDgwcZgxxZLcyzSEDZPnc=,2585,870,73,190,1,3718,双门槛全部达标,0.337,0.028,高收藏带货型,优先复投，适合挂车、引导搜索转化，深度年框/独家合作
6a54a7770000000020039e54,狗叫的猫🐱,https://sns-avatar-qc.xhscdn.com/avatar/1040g2jo3229ccdftnu004a07eqrsuhtt0fr4ghg?imageView2/2/w/80/format/jpg,穿搭,https://www.xiaohongshu.com/explore/68a6f57a000000001c034c0a?xsec_token=ABPR2xrI6XFYqwMGOpEhVTfW60oe9uRr9AeSiMCSMBA-I=,3201,1118,41,174,1,4534,双门槛全部达标,0.349,0.013,高收藏带货型,优先复投，适合挂车、引导搜索转化，深度年框/独家合作
6a54af70000000000603338e,曾小见🍥,https://sns-avatar-qc.xhscdn.com/avatar/1040g2jo31tcjgaoi5k705oihftbocqo950dpc8g?imageView2/2/w/80/format/jpg,穿搭,https://www.xiaohongshu.com/explore/68a6f57a000000001c034c0a?xsec_token=ABPR2xrI6XFYqwMGOpEhVTfU-YXZxIh4BZvdtx8lAAd8s=,483,267,1,18,1,769,双门槛全部达标,0.553,0.002,高收藏带货型,优先复投，适合挂车、引导搜索转化，深度年框/独家合作
6a54b862000000000702374f,潮流米古,https://sns-avatar-qc.xhscdn.com/avatar/695dfe940c875af3ba5ce8c8.jpg?imageView2/2/w/80/format/jpg,穿搭,https://www.xiaohongshu.com/explore/68a6f57a000000001c034c0a?xsec_token=ABPR2xrI6XFYqwMGOpEhVTfcdkR_dAou00a6N_mOA8two=,118,124,2,6,1,250,双门槛全部达标,1.051,0.017,高收藏带货型,优先复投，适合挂车、引导搜索转化，深度年框/独家合作
6a55871b000000000f01ffe0,See U,https://sns-avatar-qc.xhscdn.com/avatar/1040g2jo322bletc970005qd6frs8cp9060sg5h0?imageView2/2/w/80/format/jpg,穿搭,https://www.xiaohongshu.com/explore/68a6f57a000000001c034c0a?xsec_token=ABNrIU9Kj1LWAoLsud7dCtLEQdEj-BqklMVyDWJu8LG3w=,1991,755,7,51,1,2804,双门槛全部达标,0.379,0.004,高收藏带货型,优先复投，适合挂车、引导搜索转化，深度年框/独家合作
6a559a5b00000000060335bc,本质服饰,https://sns-avatar-qc.xhscdn.com/avatar/1040g2jo31v55ra1n2a004a6u3cs6rtdompkh478?imageView2/2/w/80/format/jpg,穿搭,https://www.xiaohongshu.com/explore/68a6f57a000000001c034c0a?xsec_token=ABNrIU9Kj1LWAoLsud7dCtLBpoe0SDnlJVFpr-p5UjIsw=,1,0,0,0,1,1,总互动不足100,0.0,0.0,普通低价值博主,总互动仅1，流量薄弱，不建议投放
6a55bb55000000001603c4af,一九club,https://sns-avatar-qc.xhscdn.com/avatar/1040g2jo3145g90h4ic005ogstd3gjqf5t4cpai0?imageView2/2/w/80/format/jpg,穿搭,https://www.xiaohongshu.com/explore/68a6f57a000000001c034c0a?xsec_token=ABNrIU9Kj1LWAoLsud7dCtLMn4cUwToCJpQPbTHVO8xCs=,2996,782,219,68,1,4065,双门槛全部达标,0.261,0.073,普通低价值博主,转化比值一般，性价比偏低
6a55f1ed000000000f032118,肉肉不减了,https://sns-avatar-qc.xhscdn.com/avatar/1040g2jo321sdagd272005qh7qjl0g701glu7cf8?imageView2/2/w/80/format/jpg,穿搭,https://www.xiaohongshu.com/explore/68a6f57a000000001c034c0a?xsec_token=ABNrIU9Kj1LWAoLsud7dCtLDZMm6oMB9yIcbGoaTr67ww=,1434,449,143,94,1,2120,双门槛全部达标,0.313,0.1,普通低价值博主,转化比值一般，性价比偏低
6a5609fa000000000f02b5d8,别乱买听我椰🥥,https://sns-avatar-qc.xhscdn.com/avatar/1040g2jo31v7d6griis10487ohripvlskojq9pu0?imageView2/2/w/80/format/jpg,穿搭,https://www.xiaohongshu.com/explore/68a6f57a000000001c034c0a?xsec_token=ABfRnKeGATNJ0mrIkCBPnbrCTPJ4rbHY9Dup41bCKLpHM=,4303,2405,29,87,1,6824,双门槛全部达标,0.559,0.007,高收藏带货型,优先复投，适合挂车、引导搜索转化，深度年框/独家合作
6a5629330000000017008457,小居,https://sns-avatar-qc.xhscdn.com/avatar/1040g2jo313abn8o204005pa5ognhgnfdkfjh95g?imageView2/2/w/80/format/jpg,穿搭,https://www.xiaohongshu.com/explore/68a6f57a000000001c034c0a?xsec_token=ABfRnKeGATNJ0mrIkCBPnbrDgD2367lrzPtxoo4TVho7k=,305,120,8,19,1,452,双门槛全部达标,0.393,0.026,高收藏带货型,优先复投，适合挂车、引导搜索转化，深度年框/独家合作
6a563bed0000000008030920,江月月,https://sns-avatar-qc.xhscdn.com/avatar/1040g2jo322fuu7j97u005pik1go0u3f8mcsit0g?imageView2/2/w/80/format/jpg,穿搭,https://www.xiaohongshu.com/explore/68a6f57a000000001c034c0a?xsec_token=ABfRnKeGATNJ0mrIkCBPnbrBC1GWF1RZv7MAWNFGztZ2Q=,3850,794,91,256,1,4991,双门槛全部达标,0.206,0.024,普通低价值博主,转化比值一般，性价比偏低
6a563ce30000000015026b6b,Minuo,https://sns-avatar-qc.xhscdn.com/avatar/1040g2jo322d3ooumno705pfl8gq19q9v7a9rrkg?imageView2/2/w/80/format/jpg,穿搭,https://www.xiaohongshu.com/explore/68a6f57a000000001c034c0a?xsec_token=ABfRnKeGATNJ0mrIkCBPnbrBOFnCoolg1Tmf46D1YHQe8=,1,0,0,0,1,1,总互动不足100,0.0,0.0,普通低价值博主,总互动仅1，流量薄弱，不建议投放
6a5745cc000000002201b986,小官教你学穿搭,https://sns-avatar-qc.xhscdn.com/avatar/5e436dda1d314d0001e8ba92.jpg?imageView2/2/w/80/format/jpg,穿搭,https://www.xiaohongshu.com/explore/68a6f57a000000001c034c0a?xsec_token=ABjSHbn7Z-0MZ_oVOZkblHnZC-qr74y5-Wt8k3be_DAJo=,10,3,0,0,1,13,总互动不足100,0.3,0.0,普通低价值博主,总互动仅13，流量薄弱，不建议投放
6a5753ba000000001003fb8d,小官教你学穿搭,https://sns-avatar-qc.xhscdn.com/avatar/5e436dda1d314d0001e8ba92.jpg?imageView2/2/w/80/format/jpg,穿搭,https://www.xiaohongshu.com/explore/68a6f57a000000001c034c0a?xsec_token=ABjSHbn7Z-0MZ_oVOZkblHnRwWhBpZnooUgtRsyCk1MVI=,10,3,0,0,1,13,总互动不足100,0.3,0.0,普通低价值博主,总互动仅13，流量薄弱，不建议投放
6a579a6e0000000008000cb7,铭的穿搭,https://sns-avatar-qc.xhscdn.com/avatar/1040g2jo3203blrvh2q705qf1c6asj42bbalk9do?imageView2/2/w/80/format/jpg,穿搭,https://www.xiaohongshu.com/explore/68a6f57a000000001c034c0a?xsec_token=ABjSHbn7Z-0MZ_oVOZkblHnYMpjUtN0UzJDKGHKDKLfDE=,91,39,5,5,1,140,双门槛全部达标,0.429,0.055,高收藏带货型,优先复投，适合挂车、引导搜索转化，深度年框/独家合作
6a579bf4000000001503ea3d,小居,https://sns-avatar-qc.xhscdn.com/avatar/1040g2jo313abn8o204005pa5ognhgnfdkfjh95g?imageView2/2/w/80/format/jpg,穿搭,https://www.xiaohongshu.com/explore/68a6f57a000000001c034c0a?xsec_token=ABjSHbn7Z-0MZ_oVOZkblHnTX5o9tSks8SDNCRyQadSvU=,151,64,13,5,1,233,双门槛全部达标,0.424,0.086,普通低价值博主,转化比值一般，性价比偏低
6a5854d80000000001032a09,AMELIE,https://sns-avatar-qc.xhscdn.com/avatar/1040g2jo322fma2tenk005q6a376obg7ldeobvk0?imageView2/2/w/80/format/jpg,穿搭,https://www.xiaohongshu.com/explore/68a6f57a000000001c034c0a?xsec_token=ABEFK-yckFkVOMZ13VzLbOIqH5sgKEV4Np-ga59HNK6QU=,3,0,0,0,1,3,总互动不足100,0.0,0.0,普通低价值博主,总互动仅3，流量薄弱，不建议投放
6a589e83000000000f00a6b3,星星眨眼睛,https://sns-avatar-qc.xhscdn.com/avatar/1040g2jo31l0af2seio004avqq48k1h0rck954eg?imageView2/2/w/80/format/jpg,穿搭,https://www.xiaohongshu.com/explore/68a6f57a000000001c034c0a?xsec_token=ABEFK-yckFkVOMZ13VzLbOIopa09FfvT-v6UFn7_VL-dA=,2,0,0,0,1,2,总互动不足100,0.0,0.0,普通低价值博主,总互动仅2，流量薄弱，不建议投放
6a58b0b7000000000f00b20a,05XDP04,https://sns-avatar-qc.xhscdn.com/avatar/1040g2jo3105m251e62104882qec2dscud5lf9l8?imageView2/2/w/80/format/jpg,穿搭,https://www.xiaohongshu.com/explore/68a6f57a000000001c034c0a?xsec_token=ABEFK-yckFkVOMZ13VzLbOIlxEEmRzPiauZReiXO3bzCg=,103,37,3,1,1,144,双门槛全部达标,0.359,0.029,高收藏带货型,优先复投，适合挂车、引导搜索转化，深度年框/独家合作
6a58c8230000000013027e38,番茄🍅的日常,https://sns-avatar-qc.xhscdn.com/avatar/1040g2jo318uvlekuju0g5o7l5hlgbiablra2hl8?imageView2/2/w/80/format/jpg,穿搭,https://www.xiaohongshu.com/explore/68a6f57a000000001c034c0a?xsec_token=ABEFK-yckFkVOMZ13VzLbOIo07BHmz4H1nIgU2n8kTn6s=,626,151,13,0,1,790,双门槛全部达标,0.241,0.021,普通低价值博主,转化比值一般，性价比偏低
6a58d818000000000401d168,屿行,https://sns-avatar-qc.xhscdn.com/avatar/1040g2jo322fdf6bsnu005n92ohjkea58sr6v458?imageView2/2/w/80/format/jpg,穿搭,https://www.xiaohongshu.com/explore/68a6f57a000000001c034c0a?xsec_token=ABEFK-yckFkVOMZ13VzLbOIkiLDgj8RvIBmMbyDO0Sq1M=,24,8,6,0,1,38,总互动不足100,0.333,0.25,普通低价值博主,总互动仅38，流量薄弱，不建议投放
6a58d8870000000013027880,C7,https://sns-avatar-qc.xhscdn.com/avatar/1040g2jo31dokogh6gu004a25anpdrbln09p1q78?imageView2/2/w/80/format/jpg,穿搭,https://www.xiaohongshu.com/explore/68a6f57a000000001c034c0a?xsec_token=ABEFK-yckFkVOMZ13VzLbOIqyG108TcsKd1eVllxyL95E=,125,47,6,5,1,183,双门槛全部达标,0.376,0.048,高收藏带货型,优先复投，适合挂车、引导搜索转化，深度年框/独家合作
6a58e4e6000000000f02b15b,草莓不甜.,https://sns-avatar-qc.xhscdn.com/avatar/1040g2jo31sd6rj5ilc005o7btmgg97jt218htp0?imageView2/2/w/80/format/jpg,穿搭,https://www.xiaohongshu.com/explore/68a6f57a000000001c034c0a?xsec_token=ABEFK-yckFkVOMZ13VzLbOIndmRfyJn0qQLRWNwCTq410=,2277,1564,3,102,1,3946,双门槛全部达标,0.687,0.001,高收藏带货型,优先复投，适合挂车、引导搜索转化，深度年框/独家合作
6a58e9a6000000001303faa6,瘦肉周qq,https://sns-avatar-qc.xhscdn.com/avatar/1040g2jo320h22p28lm005p57t892ke7k24kksno?imageView2/2/w/80/format/jpg,穿搭,https://www.xiaohongshu.com/explore/68a6f57a000000001c034c0a?xsec_token=ABEFK-yckFkVOMZ13VzLbOIqySKZnHiBBvYtlyPvf0QT0=,37,14,0,1,1,52,总互动不足100,0.378,0.0,普通低价值博主,总互动仅52，流量薄弱，不建议投放
6a58ecfe000000001101563a,毛饭饭,https://sns-avatar-qc.xhscdn.com/avatar/1040g2jo321n94eikn0005ogvh5iocsafjt9elhg?imageView2/2/w/80/format/jpg,穿搭,https://www.xiaohongshu.com/explore/68a6f57a000000001c034c0a?xsec_token=ABEFK-yckFkVOMZ13VzLbOImFUd-hRhO5x0pabNSph9Es=,16,3,0,0,1,19,总互动不足100,0.188,0.0,普通低价值博主,总互动仅19，流量薄弱，不建议投放
6a593c8a000000000f01c804,156小九,https://sns-avatar-qc.xhscdn.com/avatar/1040g2jo31u2iq211hg005q6bmvcoba6vbnk32f8?imageView2/2/w/80/format/jpg,穿搭,https://www.xiaohongshu.com/explore/68a6f57a000000001c034c0a?xsec_token=AB7_uRuJ16-IahPB1Sx7IAa4wsvpSvOFCxREBI00HwdAQ=,3,0,0,0,1,3,总互动不足100,0.0,0.0,普通低价值博主,总互动仅3，流量薄弱，不建议投放
6a59771f0000000004028e8e,哈哈haaaa,https://sns-avatar-qc.xhscdn.com/avatar/1040g2jo31uqg7obojq0g5qbupp0me0faetlsseg?imageView2/2/w/80/format/jpg,穿搭,https://www.xiaohongshu.com/explore/68a6f57a000000001c034c0a?xsec_token=AB7_uRuJ16-IahPB1Sx7IAa9pnVorE5rmd6segSA_mRD8=,352,328,9,3,1,692,双门槛全部达标,0.932,0.026,高收藏带货型,优先复投，适合挂车、引导搜索转化，深度年框/独家合作
6a5981f4000000000f01c222,菠菜人格,https://sns-avatar-qc.xhscdn.com/avatar/1040g2jo321jnkk2smu2g5pvoj4e3lnnflhd9f18?imageView2/2/w/80/format/jpg,穿搭,https://www.xiaohongshu.com/explore/68a6f57a000000001c034c0a?xsec_token=AB7_uRuJ16-IahPB1Sx7IAa1jSNjzQmKPm1wEdDTifhZI=,1600,691,7,32,1,2330,双门槛全部达标,0.432,0.004,高收藏带货型,优先复投，适合挂车、引导搜索转化，深度年框/独家合作
6a599d78000000000101c3aa,YCC Trend Hub买手店,https://sns-avatar-qc.xhscdn.com/avatar/65bd0dafb372fa056b8b6463.jpg?imageView2/2/w/80/format/jpg,穿搭,https://www.xiaohongshu.com/explore/68a6f57a000000001c034c0a?xsec_token=AB7_uRuJ16-IahPB1Sx7IAa1V9T4IzrxA8ZGJt7L0InnA=,5,1,0,1,1,7,总互动不足100,0.2,0.0,普通低价值博主,总互动仅7，流量薄弱，不建议投放
6a59a319000000001003cb7c,与君星,https://sns-avatar-qc.xhscdn.com/avatar/61a366eeea42a24ba74c8cde.jpg?imageView2/2/w/80/format/jpg,穿搭,https://www.xiaohongshu.com/explore/68a6f57a000000001c034c0a?xsec_token=AB7_uRuJ16-IahPB1Sx7IAa9ka_pcFKFZPH4zM-CMhgDU=,2598,533,133,517,1,3781,双门槛全部达标,0.205,0.051,普通低价值博主,转化比值一般，性价比偏低
6a59b4c90000000011014cda,01,https://sns-avatar-qc.xhscdn.com/avatar/1040g2jo31u761bjk1u0g49im346qgdst7g9mbs8?imageView2/2/w/80/format/jpg,穿搭,https://www.xiaohongshu.com/explore/68a6f57a000000001c034c0a?xsec_token=AB7_uRuJ16-IahPB1Sx7IAayxJgYE_6mvotg-sUkJcoEY=,654,544,7,56,1,1261,双门槛全部达标,0.832,0.011,高收藏带货型,优先复投，适合挂车、引导搜索转化，深度年框/独家合作
6a59c07e000000000101dfc1,Haykin,https://sns-avatar-qc.xhscdn.com/avatar/529594cd91bbf4c43608131bf9134bdc.jpg?imageView2/2/w/80/format/jpg,穿搭,https://www.xiaohongshu.com/explore/68a6f57a000000001c034c0a?xsec_token=AB7_uRuJ16-IahPB1Sx7IAa2vSSMTv-T9xiiqrr1SD-Sk=,0,0,0,0,1,0,总互动不足100,0.0,0.0,普通低价值博主,总互动仅0，流量薄弱，不建议投放
6a59d6d1000000000503872d,兔宝er,https://sns-avatar-qc.xhscdn.com/avatar/1040g2jo31uo6v2dn2i005q6t514dta7n1f0r74g?imageView2/2/w/80/format/jpg,穿搭,https://www.xiaohongshu.com/explore/68a6f57a000000001c034c0a?xsec_token=AB7_uRuJ16-IahPB1Sx7IAa63dkmYATS3zQRFiYqXmlLo=,241,20,11,1,1,273,双门槛全部达标,0.083,0.046,普通低价值博主,转化比值一般，性价比偏低
6a59e9d9000000001102d784,饿饿灬,https://sns-avatar-qc.xhscdn.com/avatar/1040g2jo31l4df1of326049vu9a4kgshc98i8ek0?imageView2/2/w/80/format/jpg,穿搭,https://www.xiaohongshu.com/explore/68a6f57a000000001c034c0a?xsec_token=AB7_uRuJ16-IahPB1Sx7IAa9oBU47MZK5Rggm-1VImFfM=,927,1288,49,134,1,2398,双门槛全部达标,1.389,0.053,高收藏带货型,优先复投，适合挂车、引导搜索转化，深度年框/独家合作
6a59ef57000000000f01f284,熊一君,https://sns-avatar-qc.xhscdn.com/avatar/64093854791182156abcdf6b.jpg?imageView2/2/w/80/format/jpg,穿搭,https://www.xiaohongshu.com/explore/68a6f57a000000001c034c0a?xsec_token=AB7_uRuJ16-IahPB1Sx7IAaxcws4W73fHj0T9cH_M5O6Q=,3533,4659,7,177,0,8376,笔记不足1,1.319,0.002,普通低价值博主,笔记仅0条，无内容基础，不建议投放
6a59f41c000000001f01f97c,兔司机推荐官,https://sns-avatar-qc.xhscdn.com/avatar/1040g2jo31977ar03580g5nnj6ig0bt71385rdgo?imageView2/2/w/80/format/jpg,穿搭,https://www.xiaohongshu.com/explore/68a6f57a000000001c034c0a?xsec_token=AB7_uRuJ16-IahPB1Sx7IAa-U-haurbFdPP2U1pY4wMCo=,878,383,11,32,1,1304,双门槛全部达标,0.436,0.013,高收藏带货型,优先复投，适合挂车、引导搜索转化，深度年框/独家合作
6a59fa89000000000f014339,momo,https://sns-avatar-qc.xhscdn.com/avatar/1040g2jo322olvu7j746g4a3tt7butrvv00chdko?imageView2/2/w/80/format/jpg,穿搭,https://www.xiaohongshu.com/explore/68a6f57a000000001c034c0a?xsec_token=AB7_uRuJ16-IahPB1Sx7IAa-hXGAU7sdGeOPnmZYYxgCM=,10832,4545,58,273,1,15708,双门槛全部达标,0.42,0.005,高收藏带货型,优先复投，适合挂车、引导搜索转化，深度年框/独家合作
6a5a030d000000001c010046,数码收纳官,https://sns-avatar-qc.xhscdn.com/avatar/1040g2jo31u69vs2mig60415areonp78qv2p6ocg?imageView2/2/w/80/format/jpg,穿搭,https://www.xiaohongshu.com/explore/68a6f57a000000001c034c0a?xsec_token=ABt_ribSGvPgOmFMVE85lfRcd9s7LRVHk-eE1AY9ydE_M=,7,9,0,1,1,17,总互动不足100,1.286,0.0,普通低价值博主,总互动仅17，流量薄弱，不建议投放
6a5a06d30000000010028cc1,k1iii,https://sns-avatar-qc.xhscdn.com/avatar/6329880051f0dbd90550b1eb.jpg?imageView2/2/w/80/format/jpg,穿搭,https://www.xiaohongshu.com/explore/68a6f57a000000001c034c0a?xsec_token=ABt_ribSGvPgOmFMVE85lfRWXJTxXHwUjR4hUrI_BlONk=,1327,365,95,72,1,1859,双门槛全部达标,0.275,0.072,普通低价值博主,转化比值一般，性价比偏低
6a5a109b000000000903680a,每日优选衣橱,https://sns-avatar-qc.xhscdn.com/avatar/1040g2jo30s4nvc4bik605pb99iqma9k637q0vu8?imageView2/2/w/80/format/jpg,穿搭,https://www.xiaohongshu.com/explore/68a6f57a000000001c034c0a?xsec_token=ABt_ribSGvPgOmFMVE85lfRUzAugdd9Td8KRT-4C0QjaY=,0,0,0,0,0,0,笔记不足1,0.0,0.0,普通低价值博主,笔记仅0条，无内容基础，不建议投放
6a5a1325000000000f00b7bf,开心快乐,https://sns-avatar-qc.xhscdn.com/avatar/1040g2jo32250pelsna005qhagu7jv3001qggqfg?imageView2/2/w/80/format/jpg,穿搭,https://www.xiaohongshu.com/explore/68a6f57a000000001c034c0a?xsec_token=ABt_ribSGvPgOmFMVE85lfRXi1Xt1mMC0-mlcIOIBmxEE=,1085,282,3,41,1,1411,双门槛全部达标,0.26,0.003,普通低价值博主,转化比值一般，性价比偏低
6a5a1391000000000f016dd3,YoYo不喝白开水,https://sns-avatar-qc.xhscdn.com/avatar/1000g2jo2opsqir0k80005p3h5mtamrv97ovbt2o?imageView2/2/w/80/format/jpg,穿搭,https://www.xiaohongshu.com/explore/68a6f57a000000001c034c0a?xsec_token=ABt_ribSGvPgOmFMVE85lfRe-oqYkYLrR3AZ-n8HXYnfU=,495,295,8,0,1,798,双门槛全部达标,0.596,0.016,高收藏带货型,优先复投，适合挂车、引导搜索转化，深度年框/独家合作
6a5a18eb0000000011019a4b,小啾啾,https://sns-avatar-qc.xhscdn.com/avatar/61245ec9445b0b82268627ff.jpg?imageView2/2/w/80/format/jpg,穿搭,https://www.xiaohongshu.com/explore/68a6f57a000000001c034c0a?xsec_token=ABt_ribSGvPgOmFMVE85lfRS968B9c2NXmdZxSsWpqI_Y=,319,243,22,8,1,592,双门槛全部达标,0.762,0.069,高收藏带货型,优先复投，适合挂车、引导搜索转化，深度年框/独家合作
6a5a19f5000000000101dfbb,可乐今天穿什么,https://sns-avatar-qc.xhscdn.com/avatar/660c108e58b20e08aa24969a.jpg?imageView2/2/w/80/format/jpg,穿搭,https://www.xiaohongshu.com/explore/68a6f57a000000001c034c0a?xsec_token=ABt_ribSGvPgOmFMVE85lfRcHgEKmpRBxzynL1AsmffJg=,58,32,1,1,1,92,总互动不足100,0.552,0.017,普通低价值博主,总互动仅92，流量薄弱，不建议投放
6a5a1c00000000000101ed00,Blueblueuu,https://sns-avatar-qc.xhscdn.com/avatar/1040g2jo322kthc087o005og223c8c1sf77ktte0?imageView2/2/w/80/format/jpg,穿搭,https://www.xiaohongshu.com/explore/68a6f57a000000001c034c0a?xsec_token=ABt_ribSGvPgOmFMVE85lfRZG4b3Yt_OKnS9SeoXJLV6o=,5,1,0,0,1,6,总互动不足100,0.2,0.0,普通低价值博主,总互动仅6，流量薄弱，不建议投放
6a5a1c10000000000f031b10,Uu,https://sns-avatar-qc.xhscdn.com/avatar/1040g2jo31ns8f2crkq0g5n5o4gc5k36lusi8jl0?imageView2/2/w/80/format/jpg,穿搭,https://www.xiaohongshu.com/explore/68a6f57a000000001c034c0a?xsec_token=ABt_ribSGvPgOmFMVE85lfRVN7PCHiHJKun7XxfOxacX8=,1099,266,16,44,1,1425,双门槛全部达标,0.242,0.015,普通低价值博主,转化比值一般，性价比偏低
6a5a1cbe000000000f031dba,大概小沐,https://sns-avatar-qc.xhscdn.com/avatar/5f54f9100000000001000497.jpg?imageView2/2/w/80/format/jpg,穿搭,https://www.xiaohongshu.com/explore/68a6f57a000000001c034c0a?xsec_token=ABt_ribSGvPgOmFMVE85lfRZokpSRP84tnoVZXy7bZCgw=,825,410,188,13,1,1436,双门槛全部达标,0.497,0.228,普通低价值博主,转化比值一般，性价比偏低
6a5a1e04000000000100ee80,十原里美,https://sns-avatar-qc.xhscdn.com/avatar/1040g2jo31nj813l0li005o274psg8trhh676mqo?imageView2/2/w/80/format/jpg,穿搭,https://www.xiaohongshu.com/explore/68a6f57a000000001c034c0a?xsec_token=ABt_ribSGvPgOmFMVE85lfRZ4SzrdH-fZoAuBu3wBbmMA=,310,175,6,3,1,494,双门槛全部达标,0.565,0.019,高收藏带货型,优先复投，适合挂车、引导搜索转化，深度年框/独家合作
6a5a1eaf000000001f01d8d8,小辣妹宁,https://sns-avatar-qc.xhscdn.com/avatar/64f6a9ea83c3b8f4ab70df01.jpg?imageView2/2/w/80/format/jpg,穿搭,https://www.xiaohongshu.com/explore/68a6f57a000000001c034c0a?xsec_token=ABt_ribSGvPgOmFMVE85lfRYjuyoWP1lydy-qmcj3UjgE=,1779,817,32,70,1,2698,双门槛全部达标,0.459,0.018,高收藏带货型,优先复投，适合挂车、引导搜索转化，深度年框/独家合作
6a5a20ad000000000101cb20,美神降临邪修bot,https://sns-avatar-qc.xhscdn.com/avatar/1040g2jo322ae9nf6no6g5qi8r14jnv00mnl7qf0?imageView2/2/w/80/format/jpg,穿搭,https://www.xiaohongshu.com/explore/68a6f57a000000001c034c0a?xsec_token=ABt_ribSGvPgOmFMVE85lfRcMsVG5BSFanSH4FMAZBHVI=,4162,2559,13,115,1,6849,双门槛全部达标,0.615,0.003,高收藏带货型,优先复投，适合挂车、引导搜索转化，深度年框/独家合作
6a5a2841000000001002824a,萝卜粥,https://sns-avatar-qc.xhscdn.com/avatar/63d133eb28025eb34160b113.jpg?imageView2/2/w/80/format/jpg,穿搭,https://www.xiaohongshu.com/explore/68a6f57a000000001c034c0a?xsec_token=ABt_ribSGvPgOmFMVE85lfRQEJTGL0tTaPT1bme3DAKK0=,1638,439,53,27,1,2157,双门槛全部达标,0.268,0.032,普通低价值博主,转化比值一般，性价比偏低
6a5a291f000000000f0143ce,颂伊宝,https://sns-avatar-qc.xhscdn.com/avatar/1040g2jo31rfk4f1e0m005neojfvg9cestj27loo?imageView2/2/w/80/format/jpg,穿搭,https://www.xiaohongshu.com/explore/68a6f57a000000001c034c0a?xsec_token=ABt_ribSGvPgOmFMVE85lfRTv8Y0X1tdUqTBJ4hvk0MDM=,548,240,52,15,1,855,双门槛全部达标,0.438,0.095,普通低价值博主,转化比值一般，性价比偏低
6a5a2a4f000000001d00e05a,羊羊想睡觉💤,https://sns-avatar-qc.xhscdn.com/avatar/1040g2jo31ku1fuje2o005pvcrl63925bd72klm8?imageView2/2/w/80/format/jpg,穿搭,https://www.xiaohongshu.com/explore/68a6f57a000000001c034c0a?xsec_token=ABt_ribSGvPgOmFMVE85lfRcIhyVxNBy0wo8x2oLw0wqE=,6557,1821,77,169,1,8624,双门槛全部达标,0.278,0.012,普通低价值博主,转化比值一般，性价比偏低
6a5a36dd000000000402a964,相遇逢长春,https://sns-avatar-qc.xhscdn.com/avatar/1040g2jo3214uuplgnu005p436at43gb8eo06f28?imageView2/2/w/80/format/jpg,穿搭,https://www.xiaohongshu.com/explore/68a6f57a000000001c034c0a?xsec_token=ABt_ribSGvPgOmFMVE85lfRTN-6IU78-r_Og8dtPCTRq0=,767,521,26,38,1,1352,双门槛全部达标,0.679,0.034,高收藏带货型,优先复投，适合挂车、引导搜索转化，深度年框/独家合作
6a5a3701000000000f03076c,温岭银泰HAZZYS熊熊,https://sns-avatar-qc.xhscdn.com/avatar/1040g2jo322ab1t0bnkk05qicdfu3v00069g073o?imageView2/2/w/80/format/jpg,穿搭,https://www.xiaohongshu.com/explore/68a6f57a000000001c034c0a?xsec_token=ABt_ribSGvPgOmFMVE85lfRfGIhzRBOyYYEj5Py8OZcjI=,0,0,0,0,1,0,总互动不足100,0.0,0.0,普通低价值博主,总互动仅0，流量薄弱，不建议投放
6a5a3788000000002201b3c0,辣味小鱼干www,https://sns-avatar-qc.xhscdn.com/avatar/1040g2jo31h7ikhtnko005nhu1mfg9aqclod0ph0?imageView2/2/w/80/format/jpg,穿搭,https://www.xiaohongshu.com/explore/68a6f57a000000001c034c0a?xsec_token=ABt_ribSGvPgOmFMVE85lfRT4xQAlqJM31EjOJqNnjSxQ=,9,2,3,0,1,14,总互动不足100,0.222,0.333,普通低价值博主,总互动仅14，流量薄弱，不建议投放
6a5a3986000000000a0380ce,虽然很芭乐,https://sns-avatar-qc.xhscdn.com/avatar/1040g2jo3229fun0l7k6g5q04pj53jgr239kf8b0?imageView2/2/w/80/format/jpg,穿搭,https://www.xiaohongshu.com/explore/68a6f57a000000001c034c0a?xsec_token=ABt_ribSGvPgOmFMVE85lfRQ6hVJ8HrIB7JmuvFFO_B4k=,47,7,1,0,1,55,总互动不足100,0.149,0.021,普通低价值博主,总互动仅55，流量薄弱，不建议投放
6a5a39b200000000110116ee,假甜小阿姨(梨形身材穿搭）,https://sns-avatar-qc.xhscdn.com/avatar/1040g2jo3212c8dqqn4705q0ebm3ho4cv23v5ti8?imageView2/2/w/80/format/jpg,穿搭,https://www.xiaohongshu.com/explore/68a6f57a000000001c034c0a?xsec_token=ABt_ribSGvPgOmFMVE85lfRS2pmg8UdJxsibUDWeLRNwQ=,9,0,0,0,1,9,总互动不足100,0.0,0.0,普通低价值博主,总互动仅9，流量薄弱，不建议投放
6a5a3ba2000000000e035313,大大的薄荷子,https://sns-avatar-qc.xhscdn.com/avatar/61e4f4157ff31009edcd4a4e.jpg?imageView2/2/w/80/format/jpg,穿搭,https://www.xiaohongshu.com/explore/68a6f57a000000001c034c0a?xsec_token=ABt_ribSGvPgOmFMVE85lfRTByWJFL2dELncfExsYj3KA=,1163,429,70,21,1,1683,双门槛全部达标,0.369,0.06,高收藏带货型,优先复投，适合挂车、引导搜索转化，深度年框/独家合作
6a5a425b00000000110181ce,杭州彩红片场,https://sns-avatar-qc.xhscdn.com/avatar/1040g2jo322l616vcn06g5p7rsd1h8fvlli98ru0?imageView2/2/w/80/format/jpg,穿搭,https://www.xiaohongshu.com/explore/68a6f57a000000001c034c0a?xsec_token=ABt_ribSGvPgOmFMVE85lfRfIdcC7l8XkfVzraGmeanK4=,1,1,1,0,1,3,总互动不足100,1.0,1.0,普通低价值博主,总互动仅3，流量薄弱，不建议投放
6a5a425b000000001c01236e,维川,https://sns-avatar-qc.xhscdn.com/avatar/5f615326000000000101e600.jpg?imageView2/2/w/80/format/jpg,穿搭,https://www.xiaohongshu.com/explore/68a6f57a000000001c034c0a?xsec_token=ABt_ribSGvPgOmFMVE85lfRVA6ydCh1chMXC6UW0UBWhQ=,2,0,0,0,1,2,总互动不足100,0.0,0.0,普通低价值博主,总互动仅2，流量薄弱，不建议投放
6a5a42c1000000000503ba75,高级动物,https://sns-avatar-qc.xhscdn.com/avatar/1040g2jo322el90cu7k005n1cn7lhbcttfcf0pmo?imageView2/2/w/80/format/jpg,穿搭,https://www.xiaohongshu.com/explore/68a6f57a000000001c034c0a?xsec_token=ABt_ribSGvPgOmFMVE85lfRalEGi1BCh_oBuLolM1S6KI=,178,33,11,9,1,231,双门槛全部达标,0.185,0.062,普通低价值博主,转化比值一般，性价比偏低
6a5a42da0000000001001dac,YZ COZYVIBE,https://sns-avatar-qc.xhscdn.com/avatar/655319879c488f5b7af771d2.jpg?imageView2/2/w/80/format/jpg,穿搭,https://www.xiaohongshu.com/explore/68a6f57a000000001c034c0a?xsec_token=ABt_ribSGvPgOmFMVE85lfRdaGUCFiGNtLcTYR9FZsv-U=,0,0,1,0,1,1,总互动不足100,0.0,0.0,普通低价值博主,总互动仅1，流量薄弱，不建议投放
6a5a4336000000000e036cc8,帆fun,https://sns-avatar-qc.xhscdn.com/avatar/63cac48071195277f6c39154.jpg?imageView2/2/w/80/format/jpg,穿搭,https://www.xiaohongshu.com/explore/68a6f57a000000001c034c0a?xsec_token=ABt_ribSGvPgOmFMVE85lfRWhrKfx8asgNzOZzu-YndCQ=,116,70,31,2,1,219,双门槛全部达标,0.603,0.267,普通低价值博主,转化比值一般，性价比偏低
6a5a4347000000001c00f067,鹿鹿老师,https://sns-avatar-qc.xhscdn.com/avatar/1040g2jo31o74f1146g005o2ph0f090d2b1h9678?imageView2/2/w/80/format/jpg,穿搭,https://www.xiaohongshu.com/explore/68a6f57a000000001c034c0a?xsec_token=ABt_ribSGvPgOmFMVE85lfRYdevRrvYC3UXaXsUfusw5A=,127,25,44,1,1,197,双门槛全部达标,0.197,0.346,普通低价值博主,转化比值一般，性价比偏低
6a5a43c5000000001303e3c0,美姿の穿搭笔记,https://sns-avatar-qc.xhscdn.com/avatar/1040g2jo31v2kvknpii6g5pmlaq82u20btc9k6l8?imageView2/2/w/80/format/jpg,穿搭,https://www.xiaohongshu.com/explore/68a6f57a000000001c034c0a?xsec_token=ABt_ribSGvPgOmFMVE85lfRbxLmDcXeFLQTRszSlH0Pjk=,1,0,0,0,1,1,总互动不足100,0.0,0.0,普通低价值博主,总互动仅1，流量薄弱，不建议投放
6a5a43c8000000001d00f8fc,一只小休,https://sns-avatar-qc.xhscdn.com/avatar/1040g2jo31kmhrtff34005pesjav19ql4iv42a78?imageView2/2/w/80/format/jpg,穿搭,https://www.xiaohongshu.com/explore/68a6f57a000000001c034c0a?xsec_token=ABt_ribSGvPgOmFMVE85lfRfESYp38mXcw8k1SCnBSW5E=,7,0,0,1,1,8,总互动不足100,0.0,0.0,普通低价值博主,总互动仅8，流量薄弱，不建议投放
6a5a43fe000000000503820d,挖宝小能手,https://sns-avatar-qc.xhscdn.com/avatar/63ec9174ec20fd06ff3ae763.jpg?imageView2/2/w/80/format/jpg,穿搭,https://www.xiaohongshu.com/explore/68a6f57a000000001c034c0a?xsec_token=ABt_ribSGvPgOmFMVE85lfRT8q3aZ2OCdWTXaRTfwKgNE=,767,833,27,15,1,1642,双门槛全部达标,1.086,0.035,高收藏带货型,优先复投，适合挂车、引导搜索转化，深度年框/独家合作
6a5a44d3000000000f033d14,荞一饱饱🥨,https://sns-avatar-qc.xhscdn.com/avatar/1040g2jo320i3043flk004019u4444blpl1mdseo?imageView2/2/w/80/format/jpg,穿搭,https://www.xiaohongshu.com/explore/68a6f57a000000001c034c0a?xsec_token=ABt_ribSGvPgOmFMVE85lfRbDG1R8bdIgIovyY49buDUY=,1,0,0,0,1,1,总互动不足100,0.0,0.0,普通低价值博主,总互动仅1，流量薄弱，不建议投放
6a5a4509000000001f01ded6,野良菜菜,https://sns-avatar-qc.xhscdn.com/avatar/1040g2jo31crbg2hkgs0049knuj61vp2h2lt62pg?imageView2/2/w/80/format/jpg,穿搭,https://www.xiaohongshu.com/explore/68a6f57a000000001c034c0a?xsec_token=ABt_ribSGvPgOmFMVE85lfRdEJH1b7kEIvsisvOqnOiZU=,0,0,0,0,1,0,总互动不足100,0.0,0.0,普通低价值博主,总互动仅0，流量薄弱，不建议投放
6a5a4879000000001f01e9bd,藕片vv,https://sns-avatar-qc.xhscdn.com/avatar/1040g2jo313pc6r9f180g5omueednjihlhecg2fo?imageView2/2/w/80/format/jpg,穿搭,https://www.xiaohongshu.com/explore/68a6f57a000000001c034c0a?xsec_token=ABt_ribSGvPgOmFMVE85lfRfam1tDrTMn36M_cjMmbmGA=,1001,421,56,35,1,1513,双门槛全部达标,0.421,0.056,高收藏带货型,优先复投，适合挂车、引导搜索转化，深度年框/独家合作
6a5a60c70000000004028350,蛋仔派对黑洞白洞,https://sns-avatar-qc.xhscdn.com/avatar/1040g2jo31qkm5gr2ng6g48od4vf3ult2mfk2b5g?imageView2/2/w/80/format/jpg,穿搭,https://www.xiaohongshu.com/explore/68a6f57a000000001c034c0a?xsec_token=ABt_ribSGvPgOmFMVE85lfRTya7vMXHFVk9b2w8hrJIu0=,6920,1298,600,139,1,8957,双门槛全部达标,0.188,0.087,均衡全能型,品效合一投放，兼顾曝光与商品转化
6a5ac681000000001c00f49a,CALLED BACK女装,https://sns-avatar-qc.xhscdn.com/avatar/1040g2jo3220ead98ne005q1hhcmjjldvfmuucr0?imageView2/2/w/80/format/jpg,穿搭,https://www.xiaohongshu.com/explore/68a6f57a000000001c034c0a?xsec_token=ABt_ribSGvPgOmFMVE85lfRQBvHbJ7YzBksxKxd7x8_LY=,4,0,0,0,0,4,笔记不足1,0.0,0.0,普通低价值博主,笔记仅0条，无内容基础，不建议投放
6a5acec9000000000f03f875,477呀,https://sns-avatar-qc.xhscdn.com/avatar/1040g2jo31ulv8t612a0g5ptci0pjia8r36v16dg?imageView2/2/w/80/format/jpg,穿搭,https://www.xiaohongshu.com/explore/68a6f57a000000001c034c0a?xsec_token=ABt_ribSGvPgOmFMVE85lfRXo4RvUiguEGqcniYNilw3U=,630,189,20,22,1,861,双门槛全部达标,0.3,0.032,普通低价值博主,转化比值一般，性价比偏低
6a5ad5270000000014005db9,一月初陽,https://sns-avatar-qc.xhscdn.com/avatar/1040g2jo3161qjqefhc0g5nqr5gn0823p89qnhbo?imageView2/2/w/80/format/jpg,穿搭,https://www.xiaohongshu.com/explore/68a6f57a000000001c034c0a?xsec_token=ABt_ribSGvPgOmFMVE85lfRQqdWGDQxpOUuJCqvDd0o38=,394,202,75,21,1,692,双门槛全部达标,0.513,0.19,普通低价值博主,转化比值一般，性价比偏低
6a5ad5e6000000000503a159,咖啡爱睡觉,https://sns-avatar-qc.xhscdn.com/avatar/1040g2jo322jvut5e7a005qilh9d3v500et0pb4o?imageView2/2/w/80/format/jpg,穿搭,https://www.xiaohongshu.com/explore/68a6f57a000000001c034c0a?xsec_token=ABt_ribSGvPgOmFMVE85lfRZv0wvDbe1pgzN-LMMlqPzs=,19,22,0,0,1,41,总互动不足100,1.158,0.0,普通低价值博主,总互动仅41，流量薄弱，不建议投放
6a5ada84000000000401d273,巴黎老婆婆Paris,https://sns-avatar-qc.xhscdn.com/avatar/1040g2jo322c1jjha7a0049o07nfbh6lbndo6u90?imageView2/2/w/80/format/jpg,穿搭,https://www.xiaohongshu.com/explore/68a6f57a000000001c034c0a?xsec_token=ABt_ribSGvPgOmFMVE85lfRRoELAoiDLtWUd-E-vRG26M=,15,8,0,1,1,24,总互动不足100,0.533,0.0,普通低价值博主,总互动仅24，流量薄弱，不建议投放
6a5adb86000000001d00e2be,彭暖暖,https://sns-avatar-qc.xhscdn.com/avatar/1040g2jo322fc3cr3nk005nm4i1p0844t66eqs8o?imageView2/2/w/80/format/jpg,穿搭,https://www.xiaohongshu.com/explore/68a6f57a000000001c034c0a?xsec_token=ABt_ribSGvPgOmFMVE85lfRe7UEkvto2P-nI6v-HVPJhI=,3,1,2,0,1,6,总互动不足100,0.333,0.667,普通低价值博主,总互动仅6，流量薄弱，不建议投放
6a5add74000000001d021610,Noah不吃鱼,https://sns-avatar-qc.xhscdn.com/avatar/6371913b0f64162f9517791a.jpg?imageView2/2/w/80/format/jpg,穿搭,https://www.xiaohongshu.com/explore/68a6f57a000000001c034c0a?xsec_token=ABt_ribSGvPgOmFMVE85lfRf1SI_nN5yO3-DHsen5c3Nc=,40,4,1,0,1,45,总互动不足100,0.1,0.025,普通低价值博主,总互动仅45，流量薄弱，不建议投放
6a5addb6000000001102d696,小郝想睡觉,https://sns-avatar-qc.xhscdn.com/avatar/6231914a6346acf33acd6d3c.jpg?imageView2/2/w/80/format/jpg,穿搭,https://www.xiaohongshu.com/explore/68a6f57a000000001c034c0a?xsec_token=ABt_ribSGvPgOmFMVE85lfRQIUPRU-JmptF9hIsgZRebc=,6,0,0,0,1,6,总互动不足100,0.0,0.0,普通低价值博主,总互动仅6，流量薄弱，不建议投放
6a5adf86000000000f03045b,TELLDO 态度,https://sns-avatar-qc.xhscdn.com/avatar/1040g2jo31t3b1qn258005o982980847vcos4av8?imageView2/2/w/80/format/jpg,穿搭,https://www.xiaohongshu.com/explore/68a6f57a000000001c034c0a?xsec_token=ABt_ribSGvPgOmFMVE85lfRTQ05B8fEcQTSTa5fSQBLKk=,5,3,0,2,1,10,总互动不足100,0.6,0.0,普通低价值博主,总互动仅10，流量薄弱，不建议投放
6a5adfc0000000000f017a29,玉米溜的又又,https://sns-avatar-qc.xhscdn.com/avatar/1040g2jo31ufh81tdj6005qed8lmssujtb0p8eto?imageView2/2/w/80/format/jpg,穿搭,https://www.xiaohongshu.com/explore/68a6f57a000000001c034c0a?xsec_token=ABt_ribSGvPgOmFMVE85lfRfaRmcbCHEf7kEQNxp4RSrA=,13,2,1,0,1,16,总互动不足100,0.154,0.077,普通低价值博主,总互动仅16，流量薄弱，不建议投放
6a5adfee000000001102dd73,AAU store,https://sns-avatar-qc.xhscdn.com/avatar/1040g2jo31th38k3f5m605q1fvmajjsoj6jk7obo?imageView2/2/w/80/format/jpg,穿搭,https://www.xiaohongshu.com/explore/68a6f57a000000001c034c0a?xsec_token=ABt_ribSGvPgOmFMVE85lfRcFmL4GI_t8tndOqalf0e5o=,2,1,0,0,1,3,总互动不足100,0.5,0.0,普通低价值博主,总互动仅3，流量薄弱，不建议投放
6a5ae0430000000011007dd1,蓝宝兔,https://sns-avatar-qc.xhscdn.com/avatar/1040g2jo322oalkvbno005oe79b48c77k2l1rbe8?imageView2/2/w/80/format/jpg,穿搭,https://www.xiaohongshu.com/explore/68a6f57a000000001c034c0a?xsec_token=ABt_ribSGvPgOmFMVE85lfRc6Vv6BCkVASNWpnjmgU2mo=,1,7,0,0,0,8,笔记不足1,7.0,0.0,普通低价值博主,笔记仅0条，无内容基础，不建议投放
6a5ae090000000001303dc0c,逍遥,https://sns-avatar-qc.xhscdn.com/avatar/1040g2jo3220379honk6g5p516udik90pmj7aobo?imageView2/2/w/80/format/jpg,穿搭,https://www.xiaohongshu.com/explore/68a6f57a000000001c034c0a?xsec_token=ABt_ribSGvPgOmFMVE85lfRU8llhuKUIOQE4lHcU9igfY=,0,0,0,0,1,0,总互动不足100,0.0,0.0,普通低价值博主,总互动仅0，流量薄弱，不建议投放
6a5ae0ba00000000090354e5,深圳高版大叔,https://sns-avatar-qc.xhscdn.com/avatar/1040g2jo31gmbo3283o005pgco342pk1b2qqe2s0?imageView2/2/w/80/format/jpg,穿搭,https://www.xiaohongshu.com/explore/68a6f57a000000001c034c0a?xsec_token=ABt_ribSGvPgOmFMVE85lfRYEbCSCWjUfBzU_KEO4UPgg=,6,1,0,2,1,9,总互动不足100,0.167,0.0,普通低价值博主,总互动仅9，流量薄弱，不建议投放
6a5ae14a000000000f006056,Hazzys _天津小镇三岁吖,https://sns-avatar-qc.xhscdn.com/avatar/1040g2jo31unnsmkb3m005q3bbkc6r1oce1tdfco?imageView2/2/w/80/format/jpg,穿搭,https://www.xiaohongshu.com/explore/68a6f57a000000001c034c0a?xsec_token=ABt_ribSGvPgOmFMVE85lfRTItJMOOZXLkun3hgMKLKvQ=,7,0,0,0,1,7,总互动不足100,0.0,0.0,普通低价值博主,总互动仅7，流量薄弱，不建议投放
6a5ae49c000000000503aa6f,潮人穿搭馆,https://sns-avatar-qc.xhscdn.com/avatar/1040g2jo32254shh17aa05p9d71oqjec5nc3jv6g?imageView2/2/w/80/format/jpg,穿搭,https://www.xiaohongshu.com/explore/68a6f57a000000001c034c0a?xsec_token=ABt_ribSGvPgOmFMVE85lfRbMxlUPujji5-DTBHz-BICk=,4,0,0,0,1,4,总互动不足100,0.0,0.0,普通低价值博主,总互动仅4，流量薄弱，不建议投放
6a5afd0e0000000009036fed,果子U.mi穿搭,https://sns-avatar-qc.xhscdn.com/avatar/1040g2jo322ioq1jv7o0g5qc1h9gnbnl30dluq18?imageView2/2/w/80/format/jpg,穿搭,https://www.xiaohongshu.com/explore/68a6f57a000000001c034c0a?xsec_token=ABt_ribSGvPgOmFMVE85lfRVcs6VmRCqoDPF40zjwrq8k=,1,0,0,0,1,1,总互动不足100,0.0,0.0,普通低价值博主,总互动仅1，流量薄弱，不建议投放
6a5b051d000000000101d819,琴子衣橱,https://sns-avatar-qc.xhscdn.com/avatar/1040g2jo31j478iin1g705pd2pa1oiijldf362do?imageView2/2/w/80/format/jpg,穿搭,https://www.xiaohongshu.com/explore/68a6f57a000000001c034c0a?xsec_token=ABEAgP4coJ8pvXgDzq8_zpaALlYz15oJCzgazIv6tWpQQ=,1,1,0,0,1,2,总互动不足100,1.0,0.0,普通低价值博主,总互动仅2，流量薄弱，不建议投放
6a5b0eb1000000001002a8af,JM穿什么,https://sns-avatar-qc.xhscdn.com/avatar/1040g2jo31umilm5sia005n1ptjsht5s5opllv50?imageView2/2/w/80/format/jpg,穿搭,https://www.xiaohongshu.com/explore/68a6f57a000000001c034c0a?xsec_token=ABEAgP4coJ8pvXgDzq8_zpaABZMiD4p04pSdKXV8EDc4Q=,1,0,0,0,1,1,总互动不足100,0.0,0.0,普通低价值博主,总互动仅1，流量薄弱，不建议投放
6a5b0eb1000000001b01d28b,十一口口,https://sns-avatar-qc.xhscdn.com/avatar/1040g2jo321p1fskq7u005q45sdo3fhbsunjfr5g?imageView2/2/w/80/format/jpg,穿搭,https://www.xiaohongshu.com/explore/68a6f57a000000001c034c0a?xsec_token=ABEAgP4coJ8pvXgDzq8_zpaLx6P7SZGJvF5RBBCUJdReE=,1,0,0,0,1,1,总互动不足100,0.0,0.0,普通低价值博主,总互动仅1，流量薄弱，不建议投放
6a5b12fb000000001002b653,涵涵的朋友圈（日常分享）,https://sns-avatar-qc.xhscdn.com/avatar/1040g2jo322nq08m47o005q18ba13i5upj5q1438?imageView2/2/w/80/format/jpg,穿搭,https://www.xiaohongshu.com/explore/68a6f57a000000001c034c0a?xsec_token=ABEAgP4coJ8pvXgDzq8_zpaPSGZ3HN0D8WpkwysIT0Ojg=,0,0,0,0,1,0,总互动不足100,0.0,0.0,普通低价值博主,总互动仅0，流量薄弱，不建议投放
6a5b13f1000000000f01731c,小菠萝成长日记,https://sns-avatar-qc.xhscdn.com/avatar/1040g2jo322ng5kion20g5omd5vn3hkp1b0beq70?imageView2/2/w/80/format/jpg,穿搭,https://www.xiaohongshu.com/explore/68a6f57a000000001c034c0a?xsec_token=ABEAgP4coJ8pvXgDzq8_zpaAn5ZA5f5qXvRw_Eid0g9Ao=,5,1,0,0,1,6,总互动不足100,0.2,0.0,普通低价值博主,总互动仅6，流量薄弱，不建议投放
6a5b1c85000000000f031e97,咿咿杂货铺,https://sns-avatar-qc.xhscdn.com/avatar/1040g2jo321hr71skmu005om7r3rgvsvtehee72o?imageView2/2/w/80/format/jpg,穿搭,https://www.xiaohongshu.com/explore/68a6f57a000000001c034c0a?xsec_token=ABEAgP4coJ8pvXgDzq8_zpaJGDbUn7okZbfcZJsRyZ3xk=,6,1,0,0,1,7,总互动不足100,0.167,0.0,普通低价值博主,总互动仅7，流量薄弱，不建议投放
6a5b2b11000000000a038af8,5BOII,https://sns-avatar-qc.xhscdn.com/avatar/1040g2jo31m3794b258005nf158j08pc0e5pb240?imageView2/2/w/80/format/jpg,穿搭,https://www.xiaohongshu.com/explore/68a6f57a000000001c034c0a?xsec_token=ABEAgP4coJ8pvXgDzq8_zpaB0Ucq0UUoLGtcLgjvqw17M=,51,11,6,0,1,68,总互动不足100,0.216,0.118,普通低价值博主,总互动仅68，流量薄弱，不建议投放
6a5b2b7a000000000402900d,舞梦天尚服饰&PHOTO,https://sns-avatar-qc.xhscdn.com/avatar/630a01948daef0b4da3a11c0.jpg?imageView2/2/w/80/format/jpg,穿搭,https://www.xiaohongshu.com/explore/68a6f57a000000001c034c0a?xsec_token=ABEAgP4coJ8pvXgDzq8_zpaDc_S9cQS3W8WaUphytI1UA=,1,0,0,0,1,1,总互动不足100,0.0,0.0,普通低价值博主,总互动仅1，流量薄弱，不建议投放
6a5b2cf70000000005039bda,美少女壮士,https://sns-avatar-qc.xhscdn.com/avatar/1040g2jo31vhm02gd2g005qc21uiodsvd5e17m08?imageView2/2/w/80/format/jpg,穿搭,https://www.xiaohongshu.com/explore/68a6f57a000000001c034c0a?xsec_token=ABEAgP4coJ8pvXgDzq8_zpaNLtLHboSKqlUgtQM3OAa3o=,1,0,3,0,1,4,总互动不足100,0.0,3.0,普通低价值博主,总互动仅4，流量薄弱，不建议投放
6a5b2d28000000000f00760e,露菁悦,https://sns-avatar-qc.xhscdn.com/avatar/1040g2jo31jr3333p3q6g5pa35r4ghqnd3516u08?imageView2/2/w/80/format/jpg,穿搭,https://www.xiaohongshu.com/explore/68a6f57a000000001c034c0a?xsec_token=ABEAgP4coJ8pvXgDzq8_zpaKNYHyHmv6WR2b4ZwGMPvN4=,0,0,0,0,1,0,总互动不足100,0.0,0.0,普通低价值博主,总互动仅0，流量薄弱，不建议投放
6a5b2d28000000000f0153ee,栗栗🌰小铺潮童馆,https://sns-avatar-qc.xhscdn.com/avatar/1040g2jo31subhg6358605ncf2il08safgcea338?imageView2/2/w/80/format/jpg,穿搭,https://www.xiaohongshu.com/explore/68a6f57a000000001c034c0a?xsec_token=ABEAgP4coJ8pvXgDzq8_zpaFvezcZd0JrbFptTfUYsFhI=,0,0,0,0,1,0,总互动不足100,0.0,0.0,普通低价值博主,总互动仅0，流量薄弱，不建议投放
6a5b2dc4000000000f028c75,懋罱綮,https://sns-avatar-qc.xhscdn.com/avatar/1040g2jo3214vsa4m6u004a7r5elsb1ko410f97o?imageView2/2/w/80/format/jpg,穿搭,https://www.xiaohongshu.com/explore/68a6f57a000000001c034c0a?xsec_token=ABEAgP4coJ8pvXgDzq8_zpaDzaIIVtpu9f57jxvuY5nDo=,0,0,0,0,0,0,笔记不足1,0.0,0.0,普通低价值博主,笔记仅0条，无内容基础，不建议投放
6a5b2def000000000100c7b7,最好看的小金,https://sns-avatar-qc.xhscdn.com/avatar/1040g2jo31t9h49sb5s005niqvj0g99a0726btn8?imageView2/2/w/80/format/jpg,穿搭,https://www.xiaohongshu.com/explore/68a6f57a000000001c034c0a?xsec_token=ABEAgP4coJ8pvXgDzq8_zpaIVD9qpO898Tg4CO55IMeEE=,8,2,0,0,1,10,总互动不足100,0.25,0.0,普通低价值博主,总互动仅10，流量薄弱，不建议投放
6a5b3045000000001303dda2,一本时尚书,https://sns-avatar-qc.xhscdn.com/avatar/1040g2jo3128t3906560g5pblaqqfd0mvn9t1t6g?imageView2/2/w/80/format/jpg,穿搭,https://www.xiaohongshu.com/explore/68a6f57a000000001c034c0a?xsec_token=ABEAgP4coJ8pvXgDzq8_zpaBS8ibjXykVykDba_JKmyh8=,37,5,0,0,1,42,总互动不足100,0.135,0.0,普通低价值博主,总互动仅42，流量薄弱，不建议投放
6a5b3d60000000000f01fc30,小喵梨子,https://sns-avatar-qc.xhscdn.com/avatar/1040g2jo32280ml2lnk6g5qanne3l2ureactci60?imageView2/2/w/80/format/jpg,穿搭,https://www.xiaohongshu.com/explore/68a6f57a000000001c034c0a?xsec_token=ABEAgP4coJ8pvXgDzq8_zpaNzWfJ5rERh4c7weVTxtc40=,27,4,3,0,1,34,总互动不足100,0.148,0.111,普通低价值博主,总互动仅34，流量薄弱，不建议投放
6a5b3e00000000000f0079c1,他型Tucking 男士形象设计穿搭改造,https://sns-avatar-qc.xhscdn.com/avatar/649e5881e1289d0001bf744e.jpg?imageView2/2/w/80/format/jpg,穿搭,https://www.xiaohongshu.com/explore/68a6f57a000000001c034c0a?xsec_token=ABEAgP4coJ8pvXgDzq8_zpaECTVvHkBWNk5CHXp79x0Io=,3,2,0,0,1,5,总互动不足100,0.667,0.0,普通低价值博主,总互动仅5，流量薄弱，不建议投放
6a5b40cf0000000009035375,乐谷谷,https://sns-avatar-qc.xhscdn.com/avatar/60bdd8fb341f1be93644ba66.jpg?imageView2/2/w/80/format/jpg,穿搭,https://www.xiaohongshu.com/explore/68a6f57a000000001c034c0a?xsec_token=ABEAgP4coJ8pvXgDzq8_zpaOYBawFjEvIecC3_kaMIURY=,1,1,0,2,1,4,总互动不足100,1.0,0.0,普通低价值博主,总互动仅4，流量薄弱，不建议投放
6a5b4159000000000f029c0d,椿见女装,https://sns-avatar-qc.xhscdn.com/avatar/1040g2jo32259imv472005p4cjfeap0mg1tbgfio?imageView2/2/w/80/format/jpg,穿搭,https://www.xiaohongshu.com/explore/68a6f57a000000001c034c0a?xsec_token=ABEAgP4coJ8pvXgDzq8_zpaIwfOe_ZTBTCtPAj4uCatwo=,6,1,0,0,1,7,总互动不足100,0.167,0.0,普通低价值博主,总互动仅7，流量薄弱，不建议投放
6a5b4185000000000f0332d9,樱夫人家服饰店,https://sns-avatar-qc.xhscdn.com/avatar/603776e68fa6c100017e2e71.jpg?imageView2/2/w/80/format/jpg,穿搭,https://www.xiaohongshu.com/explore/68a6f57a000000001c034c0a?xsec_token=ABEAgP4coJ8pvXgDzq8_zpaPzylViad456mFHInhFIJp8=,0,0,0,0,1,0,总互动不足100,0.0,0.0,普通低价值博主,总互动仅0，流量薄弱，不建议投放
6a5b41a40000000009035665,UE ： kids,https://sns-avatar-qc.xhscdn.com/avatar/645c5aae5ce02c30f0ff9872.jpg?imageView2/2/w/80/format/jpg,穿搭,https://www.xiaohongshu.com/explore/68a6f57a000000001c034c0a?xsec_token=ABEAgP4coJ8pvXgDzq8_zpaLebaSIiGXWcOJVwo7xH9HU=,4,2,0,0,1,6,总互动不足100,0.5,0.0,普通低价值博主,总互动仅6，流量薄弱，不建议投放
6a5b41aa0000000022019c3e,南昌元宿-设计师品牌女装,https://sns-avatar-qc.xhscdn.com/avatar/1040g2jo31328ihe2086g5otdtdv9glijlqf082g?imageView2/2/w/80/format/jpg,穿搭,https://www.xiaohongshu.com/explore/68a6f57a000000001c034c0a?xsec_token=ABEAgP4coJ8pvXgDzq8_zpaKmU4orj58DojnAU-XM5obc=,0,0,0,0,1,0,总互动不足100,0.0,0.0,普通低价值博主,总互动仅0，流量薄弱，不建议投放
6a5b41b0000000000f004937,樱夫人家服饰店,https://sns-avatar-qc.xhscdn.com/avatar/603776e68fa6c100017e2e71.jpg?imageView2/2/w/80/format/jpg,穿搭,https://www.xiaohongshu.com/explore/68a6f57a000000001c034c0a?xsec_token=ABEAgP4coJ8pvXgDzq8_zpaJ3i9AcR_ji_9570YXg14xs=,0,1,0,0,1,1,总互动不足100,0.0,0.0,普通低价值博主,总互动仅1，流量薄弱，不建议投放
6a5b41cd000000000101d6cb,BETTER TARGET（成都时代天街店）,https://sns-avatar-qc.xhscdn.com/avatar/72bc3009-ad6d-3f74-acaa-f544cbd0f122?imageView2/2/w/80/format/jpg,穿搭,https://www.xiaohongshu.com/explore/68a6f57a000000001c034c0a?xsec_token=ABEAgP4coJ8pvXgDzq8_zpaN-Z2y9Ax8c2Pd5lRmoC2YA=,0,0,0,0,1,0,总互动不足100,0.0,0.0,普通低价值博主,总互动仅0，流量薄弱，不建议投放
6a5b4207000000001101ddf2,Ani妮宝,https://sns-avatar-qc.xhscdn.com/avatar/1040g2jo320namlboli004a6f9q1f21odghkptt8?imageView2/2/w/80/format/jpg,穿搭,https://www.xiaohongshu.com/explore/68a6f57a000000001c034c0a?xsec_token=ABEAgP4coJ8pvXgDzq8_zpaDziqybgche2_rpO8ceDpe8=,1,0,0,0,1,1,总互动不足100,0.0,0.0,普通低价值博主,总互动仅1，流量薄弱，不建议投放
6a5b421100000000060139cd,C123,https://sns-avatar-qc.xhscdn.com/avatar/1040g2jo322m9nuggna005ptb4vc3i7s5ms2alj0?imageView2/2/w/80/format/jpg,穿搭,https://www.xiaohongshu.com/explore/68a6f57a000000001c034c0a?xsec_token=ABEAgP4coJ8pvXgDzq8_zpaE_N540DiKP9tlwj-bPlJR0=,1,1,0,0,1,2,总互动不足100,1.0,0.0,普通低价值博主,总互动仅2，流量薄弱，不建议投放
6a5b42130000000011006b36,樱夫人家服饰店,https://sns-avatar-qc.xhscdn.com/avatar/603776e68fa6c100017e2e71.jpg?imageView2/2/w/80/format/jpg,穿搭,https://www.xiaohongshu.com/explore/68a6f57a000000001c034c0a?xsec_token=ABEAgP4coJ8pvXgDzq8_zpaMjNAOWueRbc2rIrQgwKl4U=,0,0,0,0,1,0,总互动不足100,0.0,0.0,普通低价值博主,总互动仅0，流量薄弱，不建议投放
6a5b4215000000000f01cff6,合肥木子喔母女穿搭,https://sns-avatar-qc.xhscdn.com/avatar/1040g2jo31uen1eoej60g5qc5pgdoaeos979agfg?imageView2/2/w/80/format/jpg,穿搭,https://www.xiaohongshu.com/explore/68a6f57a000000001c034c0a?xsec_token=ABEAgP4coJ8pvXgDzq8_zpaGKonL4O4lAR6FAXVO8zLfI=,2,0,0,0,1,2,总互动不足100,0.0,0.0,普通低价值博主,总互动仅2，流量薄弱，不建议投放
6a5b421c000000000903581f,98.,https://sns-avatar-qc.xhscdn.com/avatar/1040g2jo31vun46l7ia004a4edvenmfolhjbgh80?imageView2/2/w/80/format/jpg,穿搭,https://www.xiaohongshu.com/explore/68a6f57a000000001c034c0a?xsec_token=ABEAgP4coJ8pvXgDzq8_zpaMJXKGMOONDf33OrKpewnMc=,5,2,0,0,1,7,总互动不足100,0.4,0.0,普通低价值博主,总互动仅7，流量薄弱，不建议投放
6a5b422e000000000f029f99,小人物也有梦想,https://sns-avatar-qc.xhscdn.com/avatar/1040g2jo31sufje1jl6005ntv2fvgbiumdsgelk8?imageView2/2/w/80/format/jpg,穿搭,https://www.xiaohongshu.com/explore/68a6f57a000000001c034c0a?xsec_token=ABEAgP4coJ8pvXgDzq8_zpaBR4P649s-0cMpkjfSc3ztY=,1,0,0,0,1,1,总互动不足100,0.0,0.0,普通低价值博主,总互动仅1，流量薄弱，不建议投放
6a5b44b4000000001b01ceb8,张鱼小丸子🍡,https://sns-avatar-qc.xhscdn.com/avatar/639de525fb2cefd53c07189b.jpg?imageView2/2/w/80/format/jpg,穿搭,https://www.xiaohongshu.com/explore/68a6f57a000000001c034c0a?xsec_token=ABEAgP4coJ8pvXgDzq8_zpaKCd5ZsZvkQhO14xLQ6tAh4=,12,3,0,0,1,15,总互动不足100,0.25,0.0,普通低价值博主,总互动仅15，流量薄弱，不建议投放
6a5b45150000000011016b85,草莓盐_ichigo,https://sns-avatar-qc.xhscdn.com/avatar/1040g2jo321n9vvkc74005phgckhhos4dumeuogg?imageView2/2/w/80/format/jpg,穿搭,https://www.xiaohongshu.com/explore/68a6f57a000000001c034c0a?xsec_token=ABEAgP4coJ8pvXgDzq8_zpaA7KSQzU9JoY8LtdFi-M0Vo=,9,1,0,0,1,10,总互动不足100,0.111,0.0,普通低价值博主,总互动仅10，流量薄弱，不建议投放
6a5b457b000000000f0058f4,C C奈禾,https://sns-avatar-qc.xhscdn.com/avatar/1040g2jo321kvseed74005n4u55vk9c0do1vbgp8?imageView2/2/w/80/format/jpg,穿搭,https://www.xiaohongshu.com/explore/68a6f57a000000001c034c0a?xsec_token=ABEAgP4coJ8pvXgDzq8_zpaElZHHGu3jN1NROdVsx6mGA=,1,0,0,0,1,1,总互动不足100,0.0,0.0,普通低价值博主,总互动仅1，流量薄弱，不建议投放
6a5b4747000000001b01d88f,柒號服饰Qin,https://sns-avatar-qc.xhscdn.com/avatar/d4c3be4b-8b57-3f06-8bd9-8287873a198d?imageView2/2/w/80/format/jpg,穿搭,https://www.xiaohongshu.com/explore/68a6f57a000000001c034c0a?xsec_token=ABEAgP4coJ8pvXgDzq8_zpaOppi0ayq8O2TDdDmRuVlxc=,0,0,0,0,1,0,总互动不足100,0.0,0.0,普通低价值博主,总互动仅0，流量薄弱，不建议投放
