id,token,标题,name,头像,点赞,收藏,评论,分享,类别,详情页
6a057b86000000003502961e,AB6fydUSmhOSG4lFryYVz53V7DprvRvlvyirvsiZOYofk=,穿搭起号野路子！！,momo成长记,https://sns-avatar-qc.xhscdn.com/avatar/1040g2jo311cjsulk6a605pgldiv0ueorhk73nv0?imageView2/2/w/80/format/jpg,2784,2223,188,323,穿搭,https://www.xiaohongshu.com/explore/68a6f57a000000001c034c0a?xsec_token=AB6fydUSmhOSG4lFryYVz53V7DprvRvlvyirvsiZOYofk=
6a20b4730000000008002504,ABma6w5g1GReGUtqqk5Aj-m8cxyB9i37XrNKOs6Y92WSo=,左滑上身→解锁职场精英穿搭,🌸婲儿老師🧦,https://sns-avatar-qc.xhscdn.com/avatar/1040g2jo31qvpebg77g6g5ptk5271ocjdorvr968?imageView2/2/w/80/format/jpg,2027,426,44,46,穿搭,https://www.xiaohongshu.com/explore/68a6f57a000000001c034c0a?xsec_token=ABma6w5g1GReGUtqqk5Aj-m8cxyB9i37XrNKOs6Y92WSo=
69caaec2000000002202a8fc,ABL0ZOAiRO7skS6jpcI-0kr07CNL9_Kqri3kW26MWXnmo=,男的一旦学会穿衬衫 想不帅都难,CHOR穿搭灵感,https://sns-avatar-qc.xhscdn.com/avatar/1040g2jo31in035juhc005peo5eph3p4ubauq9c8?imageView2/2/w/80/format/jpg,2400,1248,29,488,穿搭,https://www.xiaohongshu.com/explore/68a6f57a000000001c034c0a?xsec_token=ABL0ZOAiRO7skS6jpcI-0kr07CNL9_Kqri3kW26MWXnmo=
69dcc2cb000000002003be10,ABsatkj1T_DOCUTJE4saJViTxEaLTr6yesDFNg_A3M9eI=,夏天男生穿搭不重样*1⃣️6⃣️，干净清爽🧊,小野要早睡,https://sns-avatar-qc.xhscdn.com/avatar/66c84ff068c7f3d94e432257.jpg?imageView2/2/w/80/format/jpg,1265,719,53,914,穿搭,https://www.xiaohongshu.com/explore/68a6f57a000000001c034c0a?xsec_token=ABsatkj1T_DOCUTJE4saJViTxEaLTr6yesDFNg_A3M9eI=
6a579a6e0000000008000cb7,ABjSHbn7Z-0MZ_oVOZkblHnYMpjUtN0UzJDKGHKDKLfDE=,看街拍美女，学松弛感穿搭思路,铭的穿搭,https://sns-avatar-qc.xhscdn.com/avatar/1040g2jo3203blrvh2q705qf1c6asj42bbalk9do?imageView2/2/w/80/format/jpg,91,39,5,5,穿搭,https://www.xiaohongshu.com/explore/68a6f57a000000001c034c0a?xsec_token=ABjSHbn7Z-0MZ_oVOZkblHnYMpjUtN0UzJDKGHKDKLfDE=
69dcbabc0000000023026e51,ABsatkj1T_DOCUTJE4saJVic1YyhCUnhF3WsPsOTOh_8g=,OOTD｜入夏的松弛感穿搭合集,小R同学,https://sns-avatar-qc.xhscdn.com/avatar/1040g2jo30p46lkkj3s005ondrv67qom63nt1f9o?imageView2/2/w/80/format/jpg,620,226,34,257,穿搭,https://www.xiaohongshu.com/explore/68a6f57a000000001c034c0a?xsec_token=ABsatkj1T_DOCUTJE4saJVic1YyhCUnhF3WsPsOTOh_8g=
688b433b0000000023039953,ABWF8yoR3OEruKivFt5Nvt4yS45Ar0-cT7UvBKyRjCwQs=,🔥韩国男生穿搭，真的绝了！📌,雪饼,https://sns-avatar-qc.xhscdn.com/avatar/1040g2jo31trqc7076u005n33qmckkerje0178a8?imageView2/2/w/80/format/jpg,4562,2375,40,1285,穿搭,https://www.xiaohongshu.com/explore/68a6f57a000000001c034c0a?xsec_token=ABWF8yoR3OEruKivFt5Nvt4yS45Ar0-cT7UvBKyRjCwQs=
69fc3dd2000000003503b8c6,ABBsvyD1Okso0IR6uTzVuB3uE0TZI4uV-UP4XDFYCXW5w=,今天游了🏊🏻‍♂️,可爱屁,https://sns-avatar-qc.xhscdn.com/avatar/1040g2jo31eaf3jfhg8005p6ppoa0af3fjdon730?imageView2/2/w/80/format/jpg,9417,2056,134,327,穿搭,https://www.xiaohongshu.com/explore/68a6f57a000000001c034c0a?xsec_token=ABBsvyD1Okso0IR6uTzVuB3uE0TZI4uV-UP4XDFYCXW5w=
6a2f8ad0000000001602758b,ABCRfV8ETmOOfXjNl4OrQfuAHdoBRJfnXFH5U5-tmOJMM=,hi,Knight,https://sns-avatar-qc.xhscdn.com/avatar/1040g2jo3200ttb2cia005qfbeklgg9014hcnr9g?imageView2/2/w/80/format/jpg,1203,223,42,170,穿搭,https://www.xiaohongshu.com/explore/68a6f57a000000001c034c0a?xsec_token=ABCRfV8ETmOOfXjNl4OrQfuAHdoBRJfnXFH5U5-tmOJMM=
69e3271e00000000210114dc,ABeIxyQY9JMSxIUR7SfQhvrmMgbtTnhF-wBeq7_ljLjwY=,每年必冲优衣库衬衫，这次却被牛仔裤拿捏了,正在舒入,https://sns-avatar-qc.xhscdn.com/avatar/1040g2jo321936vjfnu005nff58cg8da9q88iv0o?imageView2/2/w/80/format/jpg,357,110,22,36,穿搭,https://www.xiaohongshu.com/explore/68a6f57a000000001c034c0a?xsec_token=ABeIxyQY9JMSxIUR7SfQhvrmMgbtTnhF-wBeq7_ljLjwY=
69e395a8000000001a023818,ABeIxyQY9JMSxIUR7SfQhvrlFnkWfbtf8oEnKS6xzZiwE=,打工人通勤穿搭｜把高级感穿在身上,苏格酱Style,https://sns-avatar-qc.xhscdn.com/avatar/5bc23d8ce5cde10001392aa2.jpg?imageView2/2/w/80/format/jpg,8011,5514,548,878,穿搭,https://www.xiaohongshu.com/explore/68a6f57a000000001c034c0a?xsec_token=ABeIxyQY9JMSxIUR7SfQhvrlFnkWfbtf8oEnKS6xzZiwE=
6a48d8f4000000001003ff18,AB8Y4ftibNX7Si0FeRfrjzhlA6so908M1HTc9Pq3m6aXs=,在喜欢的状态里生活吧,黎千千Nico,https://sns-avatar-qc.xhscdn.com/avatar/1040g2jo30ubf4gtale1040hu44h6frujgc9jr50?imageView2/2/w/80/format/jpg,22767,3034,236,1231,穿搭,https://www.xiaohongshu.com/explore/68a6f57a000000001c034c0a?xsec_token=AB8Y4ftibNX7Si0FeRfrjzhlA6so908M1HTc9Pq3m6aXs=
6a1ae9030000000038034527,AB-6JpaUxcCHfSFUE7sFRcstlsVcqfjA0j6DAvxH-azJw=,亚麻短袖白衬衫对比|偏爱MUJI的松弛感,正在舒入,https://sns-avatar-qc.xhscdn.com/avatar/1040g2jo321936vjfnu005nff58cg8da9q88iv0o?imageView2/2/w/80/format/jpg,419,181,18,81,穿搭,https://www.xiaohongshu.com/explore/68a6f57a000000001c034c0a?xsec_token=AB-6JpaUxcCHfSFUE7sFRcstlsVcqfjA0j6DAvxH-azJw=
69d78e12000000001e00e9e3,ABYHrttUrDaWeQOOuNKUDJqfiC2bsSzrHN8tbHyhiQGS8=,你说灰色是你最爱的颜色,Heywonc,https://sns-avatar-qc.xhscdn.com/avatar/615b0dc7985e11e33ef53ef6.jpg?imageView2/2/w/80/format/jpg,12244,2347,137,834,穿搭,https://www.xiaohongshu.com/explore/68a6f57a000000001c034c0a?xsec_token=ABYHrttUrDaWeQOOuNKUDJqfiC2bsSzrHN8tbHyhiQGS8=
69af8f72000000000c00b8fd,ABQfp5CEZPhNLJcYsXwjk9eop7P1IDXMoguEwOOdnHt9s=,打工人一周穿搭,163的周周,https://sns-avatar-qc.xhscdn.com/avatar/1040g2jo32144ceju7a605q7tr8ccj2m2ia3p3j0?imageView2/2/w/80/format/jpg,6675,3046,41,553,穿搭,https://www.xiaohongshu.com/explore/68a6f57a000000001c034c0a?xsec_token=ABQfp5CEZPhNLJcYsXwjk9eop7P1IDXMoguEwOOdnHt9s=
6a478abc000000001c02597a,ABhOMgTwFUr3sCBRY75US3leclCBDAK49qqx48i7j4Gkg=,chill day 𓇢 𓆸,野兽nnn,https://sns-avatar-qc.xhscdn.com/avatar/1040g2jo31tcic9l0lk1049oqfhq1g8e3836p8qg?imageView2/2/w/80/format/jpg,4097,1312,88,266,穿搭,https://www.xiaohongshu.com/explore/68a6f57a000000001c034c0a?xsec_token=ABhOMgTwFUr3sCBRY75US3leclCBDAK49qqx48i7j4Gkg=
69e85114000000002102cfbb,ABogGELP8C-FLYMUlhEGX1imOQ_1nLQ9jX_Ts7JT9jGWI=,🖤,Clemmie,https://sns-avatar-qc.xhscdn.com/avatar/1040g2jo31s43v15q5m004a2uueb61hr1gc41f38?imageView2/2/w/80/format/jpg,6878,2048,120,489,穿搭,https://www.xiaohongshu.com/explore/68a6f57a000000001c034c0a?xsec_token=ABogGELP8C-FLYMUlhEGX1imOQ_1nLQ9jX_Ts7JT9jGWI=
69ea38200000000012029801,ABrXwExhQasYdX7gx0Dlw5cV2cWu1Jk9wVtFcYX1xNTkI=,🎞️通勤气质～,久菜和子,https://sns-avatar-qc.xhscdn.com/avatar/60f41a45f5e4ea508edd8a0b.jpg?imageView2/2/w/80/format/jpg,700,242,29,472,穿搭,https://www.xiaohongshu.com/explore/68a6f57a000000001c034c0a?xsec_token=ABrXwExhQasYdX7gx0Dlw5cV2cWu1Jk9wVtFcYX1xNTkI=
69e3387b000000001d01e1d5,ABeIxyQY9JMSxIUR7SfQhvroLEej6Y2d_YTNEHgP2QD9Q=,比起好看的皮囊，或许感觉更胜一筹,光月定大青蛙,https://sns-avatar-qc.xhscdn.com/avatar/1000g2jo2k95a53kj406g4a5646mojbltkel15po?imageView2/2/w/80/format/jpg,21624,6191,322,958,穿搭,https://www.xiaohongshu.com/explore/68a6f57a000000001c034c0a?xsec_token=ABeIxyQY9JMSxIUR7SfQhvroLEej6Y2d_YTNEHgP2QD9Q=
66e62a48000000001e01b6a0,ABmEGAQ8bU8C-bV7JT4SqwCVUP915SC6nkYGXX09X9WYk=,赵露思0914穿搭合集，今天也是换了很多套的～,明星同款style,https://sns-avatar-qc.xhscdn.com/avatar/644ba521bb7ee62fdf92851a.jpg?imageView2/2/w/80/format/jpg,5603,2264,6,179,穿搭,https://www.xiaohongshu.com/explore/68a6f57a000000001c034c0a?xsec_token=ABmEGAQ8bU8C-bV7JT4SqwCVUP915SC6nkYGXX09X9WYk=
69d11fcb000000001a03040b,ABgudcSyoIZpG5PHL7VJPR5ZQPZdNqKzfOpKkmR6JWKyc=,冷都女,千邪月姬,https://sns-avatar-qc.xhscdn.com/avatar/5f323878000000000100a989.jpg?imageView2/2/w/80/format/jpg,13367,3184,234,579,穿搭,https://www.xiaohongshu.com/explore/68a6f57a000000001c034c0a?xsec_token=ABgudcSyoIZpG5PHL7VJPR5ZQPZdNqKzfOpKkmR6JWKyc=
6a424d65000000001503dd44,ABDnyPlIjJQ1u74vn6TCpl2QEUJ6DB4FgLPb-lLJdZomI=,论辅色对穿搭的影响☑️,郑在忙,https://sns-avatar-qc.xhscdn.com/avatar/1040g2jo316vi6bu7jq0g5pj83qjgufpmlhi7mf8?imageView2/2/w/80/format/jpg,42932,22517,252,1257,穿搭,https://www.xiaohongshu.com/explore/68a6f57a000000001c034c0a?xsec_token=ABDnyPlIjJQ1u74vn6TCpl2QEUJ6DB4FgLPb-lLJdZomI=
6a38d050000000001702fe39,ABl0NZz6UmBOJRlbunrZ8EFuVEZyID9t_m-4sxk7uECs0=,打扮的意义…,李凱馨Eleanor,https://sns-avatar-qc.xhscdn.com/avatar/1040g2jo31su3qecp5m0g4a4l1ud09so7siraepg?imageView2/2/w/80/format/jpg,29235,5077,1285,2875,穿搭,https://www.xiaohongshu.com/explore/68a6f57a000000001c034c0a?xsec_token=ABl0NZz6UmBOJRlbunrZ8EFuVEZyID9t_m-4sxk7uECs0=
69fc3dd2000000003503b8c6,ABBsvyD1Okso0IR6uTzVuB3uE0TZI4uV-UP4XDFYCXW5w=,今天游了🏊🏻‍♂️,可爱屁,https://sns-avatar-qc.xhscdn.com/avatar/1040g2jo31eaf3jfhg8005p6ppoa0af3fjdon730?imageView2/2/w/80/format/jpg,9417,2056,134,327,穿搭,https://www.xiaohongshu.com/explore/68a6f57a000000001c034c0a?xsec_token=ABBsvyD1Okso0IR6uTzVuB3uE0TZI4uV-UP4XDFYCXW5w=
6a21521800000000360312af,ABzgGNxjlWs2g0N-8ypNHIZ_hBZAZcZuU-HsUf4NdN9I4=,云南的11套穿搭,小鱼小妤,https://sns-avatar-qc.xhscdn.com/avatar/5adcb167d1d3b9215e93b3e9.jpg?imageView2/2/w/80/format/jpg,10839,3768,93,477,穿搭,https://www.xiaohongshu.com/explore/68a6f57a000000001c034c0a?xsec_token=ABzgGNxjlWs2g0N-8ypNHIZ_hBZAZcZuU-HsUf4NdN9I4=
6a032709000000003502eec1,ABHhzRNzR8nmtHlNz4KnHfgslZn4ZU4coZ_ZT35W2-nmQ=,初夏漂亮衣服大汇总🧾,🎃cooper,https://sns-avatar-qc.xhscdn.com/avatar/5e61f3dadfc3160001778d8e.jpg?imageView2/2/w/80/format/jpg,9675,4609,390,811,穿搭,https://www.xiaohongshu.com/explore/68a6f57a000000001c034c0a?xsec_token=ABHhzRNzR8nmtHlNz4KnHfgslZn4ZU4coZ_ZT35W2-nmQ=
69f9cf2a000000001a034ce6,ABThv7KwrJWX9cw-m7RSkB76wI48WBKew_GdRb3Gxpalk=,🍋好清爽的一套,Fairychen,https://sns-avatar-qc.xhscdn.com/avatar/1040g2jo31eek9p2egk005n5j71k4b7g15qrbd30?imageView2/2/w/80/format/jpg,1475,427,87,145,穿搭,https://www.xiaohongshu.com/explore/68a6f57a000000001c034c0a?xsec_token=ABThv7KwrJWX9cw-m7RSkB76wI48WBKew_GdRb3Gxpalk=
6a142721000000003700f4dc,ABksx3EeNDhfjF8xo9IFSwrBPUuB8jMcMyhUB2aD5lq3w=,打工人通勤穿搭｜把高级感穿在身上,苏格酱Style,https://sns-avatar-qc.xhscdn.com/avatar/5bc23d8ce5cde10001392aa2.jpg?imageView2/2/w/80/format/jpg,4663,3071,115,661,穿搭,https://www.xiaohongshu.com/explore/68a6f57a000000001c034c0a?xsec_token=ABksx3EeNDhfjF8xo9IFSwrBPUuB8jMcMyhUB2aD5lq3w=
6a53329b0000000016027061,ABo3v8vglQ5ty0dZYxIWvPTwj0Ukyp6coBEQjlB_iTQYM=,温柔穿搭,菜菜,https://sns-avatar-qc.xhscdn.com/avatar/1040g2jo31qutdgok7g0g4a3qg4d4d46adieesm0?imageView2/2/w/80/format/jpg,1404,426,110,93,穿搭,https://www.xiaohongshu.com/explore/68a6f57a000000001c034c0a?xsec_token=ABo3v8vglQ5ty0dZYxIWvPTwj0Ukyp6coBEQjlB_iTQYM=
68f9e6c6000000000303b19e,ABTT8xkNMuuMxa3C7i4NxhmjsX_oUyDyDKmMf6HFD3n1c=,上海街拍/时髦街头美一帧,Streetstyle Ethan,https://sns-avatar-qc.xhscdn.com/avatar/61e53d928c52a721df3e2224.jpg?imageView2/2/w/80/format/jpg,5360,1327,720,707,穿搭,https://www.xiaohongshu.com/explore/68a6f57a000000001c034c0a?xsec_token=ABTT8xkNMuuMxa3C7i4NxhmjsX_oUyDyDKmMf6HFD3n1c=
6a3a40c3000000001102fdab,ABFp9qW6v_2M6KNAEz5q-_03cQO9cKDAQUmB5c97JpjJc=,🤍,叫我77好啦,https://sns-avatar-qc.xhscdn.com/avatar/1040g2jo31vo6bu0k1m605qedru4srqi3uk47jb8?imageView2/2/w/80/format/jpg,2007,686,51,109,穿搭,https://www.xiaohongshu.com/explore/68a6f57a000000001c034c0a?xsec_token=ABFp9qW6v_2M6KNAEz5q-_03cQO9cKDAQUmB5c97JpjJc=
6891eaa30000000025011452,AB9o_-x2-7gRvDrT97nrAR3ceR_ROQ9Os8uJvnSa-RYT4=,一周穿什么？🍽️ Different style,etoiles,https://sns-avatar-qc.xhscdn.com/avatar/6257acb9324eb24bd637621d.jpg?imageView2/2/w/80/format/jpg,2611,1725,41,1374,穿搭,https://www.xiaohongshu.com/explore/68a6f57a000000001c034c0a?xsec_token=AB9o_-x2-7gRvDrT97nrAR3ceR_ROQ9Os8uJvnSa-RYT4=
6a5b3d60000000000f01fc30,ABEAgP4coJ8pvXgDzq8_zpaNzWfJ5rERh4c7weVTxtc40=,📕第24集|挑战网红穿搭不踩雷（159/94）,小喵梨子,https://sns-avatar-qc.xhscdn.com/avatar/1040g2jo32280ml2lnk6g5qanne3l2ureactci60?imageView2/2/w/80/format/jpg,27,4,3,0,穿搭,https://www.xiaohongshu.com/explore/68a6f57a000000001c034c0a?xsec_token=ABEAgP4coJ8pvXgDzq8_zpaNzWfJ5rERh4c7weVTxtc40=
67e54dfb0000000007036b08,ABY6z53EeG-Y46R8wxopZxnzKyU2H9FqlV8krUpWja-h4=,OOTD/穿搭不重样 夏季好看的裙子+短裤合集,my-name-is-MM,https://sns-avatar-qc.xhscdn.com/avatar/62348163ffe7365d84a77c0c.jpg?imageView2/2/w/80/format/jpg,7837,5171,480,1356,穿搭,https://www.xiaohongshu.com/explore/68a6f57a000000001c034c0a?xsec_token=ABY6z53EeG-Y46R8wxopZxnzKyU2H9FqlV8krUpWja-h4=
6a4b0680000000001603fa07,ABxrvC-kxowxsGCZWMLMpxKz0c3lbBmRbaWSA3yHL3M1I=,我的港澳7套穿搭合集,LXYuuu-,https://sns-avatar-qc.xhscdn.com/avatar/1040g2jo312htjof07q004a34fubskfm8nrm1m60?imageView2/2/w/80/format/jpg,4375,1688,55,353,穿搭,https://www.xiaohongshu.com/explore/68a6f57a000000001c034c0a?xsec_token=ABxrvC-kxowxsGCZWMLMpxKz0c3lbBmRbaWSA3yHL3M1I=
6a01a542000000003700ee85,ABy36na50b3LfhavzrqKemxYWA3CjUJJ3A4Wbx_80fMV0=,🏖️夏日3️⃣2️⃣套漂亮衣服穿搭分享！,朵拉的日常穿搭,https://sns-avatar-qc.xhscdn.com/avatar/1040g2jo31tq48js57e5g5nq7fte0bpominvpsr0?imageView2/2/w/80/format/jpg,1472,713,74,167,穿搭,https://www.xiaohongshu.com/explore/68a6f57a000000001c034c0a?xsec_token=ABy36na50b3LfhavzrqKemxYWA3CjUJJ3A4Wbx_80fMV0=
69faff28000000003700e686,AB_xMsBzec7X-3-CZ8wQFwouT1dGS7j-PsMu29FJtHRwo=,男生穿搭|值得看看的100位穿搭博主🌟4️⃣9️⃣,小扎穿什么,https://sns-avatar-qc.xhscdn.com/avatar/1040g2jo30vj6bfmv5q005oe2ljv8dfllqlc8qk0?imageView2/2/w/80/format/jpg,875,341,1,100,穿搭,https://www.xiaohongshu.com/explore/68a6f57a000000001c034c0a?xsec_token=AB_xMsBzec7X-3-CZ8wQFwouT1dGS7j-PsMu29FJtHRwo=
69c296b5000000001a03296d,ABxC6r9nPq0EU7P3fOQQIHfSyql7ESXCnbivXwrLviH4A=,176//102开始期待夏天啦,谷子美,https://sns-avatar-qc.xhscdn.com/avatar/6410bbf92a05a5c7c47fa042.jpg?imageView2/2/w/80/format/jpg,1743,534,77,292,穿搭,https://www.xiaohongshu.com/explore/68a6f57a000000001c034c0a?xsec_token=ABxC6r9nPq0EU7P3fOQQIHfSyql7ESXCnbivXwrLviH4A=
6a06fe66000000001002d001,ABuLGgGQWiJyCavZMSmxMOuARaXlNHunohbCAghoMKtXI=,3⃣️2⃣️套||💞韩系穿搭合集🍒,某某某灰,https://sns-avatar-qc.xhscdn.com/avatar/1040g2jo31v3o2q542e6g5qeoiev9n3ddo13h72o?imageView2/2/w/80/format/jpg,909,256,68,92,穿搭,https://www.xiaohongshu.com/explore/68a6f57a000000001c034c0a?xsec_token=ABuLGgGQWiJyCavZMSmxMOuARaXlNHunohbCAghoMKtXI=
6a083421000000003502934b,AByLdq0MQ2tRoyXnl6YmZmRZjwH1Uwm5idQWIZ0R7SH9s=,🎞️穿搭合集！💐15套春夏漂亮衣服（附所有🔗）,姜姜好困,https://sns-avatar-qc.xhscdn.com/avatar/5f2ab566f7c23e00017be544.jpg?imageView2/2/w/80/format/jpg,11919,4194,176,621,穿搭,https://www.xiaohongshu.com/explore/68a6f57a000000001c034c0a?xsec_token=AByLdq0MQ2tRoyXnl6YmZmRZjwH1Uwm5idQWIZ0R7SH9s=
696c9899000000001a031d36,ABA2-iPLsWDU5jBUlr0RvCe675OcM4tDUJ_Yuwn3Vl8-Y=,OOTD/穿搭不重样 十八图浅浅期待一下春天,my-name-is-MM,https://sns-avatar-qc.xhscdn.com/avatar/62348163ffe7365d84a77c0c.jpg?imageView2/2/w/80/format/jpg,1863,1020,135,160,穿搭,https://www.xiaohongshu.com/explore/68a6f57a000000001c034c0a?xsec_token=ABA2-iPLsWDU5jBUlr0RvCe675OcM4tDUJ_Yuwn3Vl8-Y=
6a192a4b0000000008032071,AB62lh0QmAeGiMW1tHl_bW-Qj2wNl3Z1OhHHtNhW1A2CM=,男生夏季穿搭，清爽不单调的搭配技巧,KK教穿搭,https://sns-avatar-qc.xhscdn.com/avatar/seller_69c801a979992c0001258cd4?imageView2/2/w/80/format/jpg,2226,969,14,1053,穿搭,https://www.xiaohongshu.com/explore/68a6f57a000000001c034c0a?xsec_token=AB62lh0QmAeGiMW1tHl_bW-Qj2wNl3Z1OhHHtNhW1A2CM=
69fb2232000000001e00d2ce,ABgjaG56G15YKDN_5lp5F2JjoCyM6TmGrZOaD5C8W1Pus=,夏季常见的基础款 如何摆脱路人感⁉️,月月是斯嘉丽,https://sns-avatar-qc.xhscdn.com/avatar/1040g2jo30ue1tchf5g0040la393804092tc8e9g?imageView2/2/w/80/format/jpg,19840,21918,413,3513,穿搭,https://www.xiaohongshu.com/explore/68a6f57a000000001c034c0a?xsec_token=ABgjaG56G15YKDN_5lp5F2JjoCyM6TmGrZOaD5C8W1Pus=
69d4b626000000001d0184f1,ABxz_Ugb3fD1_ZCCcL3lVxm5ZEYsr9SLLmeDEsgqrR-ZA=,cleanfit*4｜白裤子的四种穿法、简单不费力,是葡萄啊～,https://sns-avatar-qc.xhscdn.com/avatar/1040g2jo31hf9t2j1j8705podsvone7j236sfe40?imageView2/2/w/80/format/jpg,1094,759,58,528,穿搭,https://www.xiaohongshu.com/explore/68a6f57a000000001c034c0a?xsec_token=ABxz_Ugb3fD1_ZCCcL3lVxm5ZEYsr9SLLmeDEsgqrR-ZA=
6a3d15a7000000001702b47f,ABlUFLw-UqmoLIaSlJDaOJ8eOE-rVXMeDtYPb_kqgvVIg=,1️⃣8️⃣图｜缤纷夏日穿搭合集.,Guozi77,https://sns-avatar-qc.xhscdn.com/avatar/6212f276d594e0d3111af015.jpg?imageView2/2/w/80/format/jpg,511,207,21,27,穿搭,https://www.xiaohongshu.com/explore/68a6f57a000000001c034c0a?xsec_token=ABlUFLw-UqmoLIaSlJDaOJ8eOE-rVXMeDtYPb_kqgvVIg=
69d78e12000000001e00e9e3,ABYHrttUrDaWeQOOuNKUDJqfiC2bsSzrHN8tbHyhiQGS8=,你说灰色是你最爱的颜色,Heywonc,https://sns-avatar-qc.xhscdn.com/avatar/615b0dc7985e11e33ef53ef6.jpg?imageView2/2/w/80/format/jpg,12245,2347,137,834,穿搭,https://www.xiaohongshu.com/explore/68a6f57a000000001c034c0a?xsec_token=ABYHrttUrDaWeQOOuNKUDJqfiC2bsSzrHN8tbHyhiQGS8=
69db5e07000000001a02f586,AB1Y1m2qKHgnd-rot8zRXlNNlRYKKicdOX5rw14lKmmIg=,男生静奢松弛感｜女友一眼心动的穿搭公式,小红薯68118BD0,https://sns-avatar-qc.xhscdn.com/avatar/1040g2jo31p07h6d7is005n2gfk74h7d8hqar8bo?imageView2/2/w/80/format/jpg,984,597,28,1370,穿搭,https://www.xiaohongshu.com/explore/68a6f57a000000001c034c0a?xsec_token=AB1Y1m2qKHgnd-rot8zRXlNNlRYKKicdOX5rw14lKmmIg=
6a0b0ff700000000060300f4,ABVFpivL5ncTiFD3zFSTPC3fVPQ4QbCtaeK-RAtbAp9AE=,今日份的松弛感，松弛感穿搭～,橘子耶耶,https://sns-avatar-qc.xhscdn.com/avatar/1040g2jo31uhaljfgiqjg5oit8k38dcl6nue2dj8?imageView2/2/w/80/format/jpg,672,188,30,38,穿搭,https://www.xiaohongshu.com/explore/68a6f57a000000001c034c0a?xsec_token=ABVFpivL5ncTiFD3zFSTPC3fVPQ4QbCtaeK-RAtbAp9AE=
6a38fb8e0000000006022bb7,ABl0NZz6UmBOJRlbunrZ8EFjwOBa77pHg8_lqzumvO4jU=,松弛夏日的海派打开方式～,Angelababy,https://sns-avatar-qc.xhscdn.com/avatar/5a7d3fb5b46c5d7ce7d86fe2.jpg?imageView2/2/w/80/format/jpg,135250,9166,9227,1983,穿搭,https://www.xiaohongshu.com/explore/68a6f57a000000001c034c0a?xsec_token=ABl0NZz6UmBOJRlbunrZ8EFjwOBa77pHg8_lqzumvO4jU=
6a42417d000000001003f030,ABDnyPlIjJQ1u74vn6TCpl2bfy9xHVw9MccEZfqktX1-Q=,₊˚ 딩동｜6月穿搭合集🐰🫧,chim,https://sns-avatar-qc.xhscdn.com/avatar/1040g2jo316ib0ftn0k0g49p64njafbkrvfusl50?imageView2/2/w/80/format/jpg,4174,1167,57,345,穿搭,https://www.xiaohongshu.com/explore/68a6f57a000000001c034c0a?xsec_token=ABDnyPlIjJQ1u74vn6TCpl2bfy9xHVw9MccEZfqktX1-Q=
6a4afe8f000000000702cb86,ABtPYiXblrkg46zuTjbCtOvf0RBUNChxiHoEEbIUzcLxQ=,近期18套穿搭合集📃,Fairychen,https://sns-avatar-qc.xhscdn.com/avatar/1040g2jo31eek9p2egk005n5j71k4b7g15qrbd30?imageView2/2/w/80/format/jpg,642,176,38,46,穿搭,https://www.xiaohongshu.com/explore/68a6f57a000000001c034c0a?xsec_token=ABtPYiXblrkg46zuTjbCtOvf0RBUNChxiHoEEbIUzcLxQ=
6a04895100000000380233c1,ABDhwHucPIPOhFmcNMS5k_wSU3jHjbU5-rtIuWw_1he8U=,初夏穿搭✖️18套 合集,G、,https://sns-avatar-qc.xhscdn.com/avatar/1040g2jo30pdo8drj40104a007ft8po1hovav6dg?imageView2/2/w/80/format/jpg,3282,1573,142,169,穿搭,https://www.xiaohongshu.com/explore/68a6f57a000000001c034c0a?xsec_token=ABDhwHucPIPOhFmcNMS5k_wSU3jHjbU5-rtIuWw_1he8U=
6a46542a0000000015027bb3,AB14KHMOnU8RgVWYWI5ZrAMzHvzz86lpCF-un7Fc9Ul00=,春夏穿搭✖️13🐾🍃,Jackonly,https://sns-avatar-qc.xhscdn.com/avatar/1000g2jo2pdlq0oqk800g5n7ufm75rq9l86614k8?imageView2/2/w/80/format/jpg,9804,4081,136,534,穿搭,https://www.xiaohongshu.com/explore/68a6f57a000000001c034c0a?xsec_token=AB14KHMOnU8RgVWYWI5ZrAMzHvzz86lpCF-un7Fc9Ul00=
6a02f1b000000000350266c0,ABCcCqJLrg7_972d6ZdbfyAdumGsedI4S7x0QBgTSGZ_o=,40套 ｜夏季韩系穿搭🧸,小橙汁儿！,https://sns-avatar-qc.xhscdn.com/avatar/1040g2jo31l0cvi4j2a4g5q4o7sta1utgp4okhf0?imageView2/2/w/80/format/jpg,2101,856,12,131,穿搭,https://www.xiaohongshu.com/explore/68a6f57a000000001c034c0a?xsec_token=ABCcCqJLrg7_972d6ZdbfyAdumGsedI4S7x0QBgTSGZ_o=
6a40e713000000001702b23e,ABZHvGOCF1Qb1O0LuTMh262YCMjL64JMlt_kaXarvvCyQ=,搭配分享来啦❗,雪莉莉,https://sns-avatar-qc.xhscdn.com/avatar/6496cee264af796fcd5df186.jpg?imageView2/2/w/80/format/jpg,212,107,3,24,穿搭,https://www.xiaohongshu.com/explore/68a6f57a000000001c034c0a?xsec_token=ABZHvGOCF1Qb1O0LuTMh262YCMjL64JMlt_kaXarvvCyQ=
69f74ebc000000003601a1ed,AB8LG37qsNari0xxUWyaVwnLoy33EPlk_zjQAC7bAD2TY=,上班通勤必备穿搭～,苏格酱Style,https://sns-avatar-qc.xhscdn.com/avatar/5bc23d8ce5cde10001392aa2.jpg?imageView2/2/w/80/format/jpg,683,372,24,67,穿搭,https://www.xiaohongshu.com/explore/68a6f57a000000001c034c0a?xsec_token=AB8LG37qsNari0xxUWyaVwnLoy33EPlk_zjQAC7bAD2TY=
69e4ccfa000000001d01b2dc,AB7gnML7UV8GN2BOpOIaMCUhFcAHS-EhGX__ZLN0DKuJM=,五一度假这么穿吧！⛱️,久菜和子,https://sns-avatar-qc.xhscdn.com/avatar/60f41a45f5e4ea508edd8a0b.jpg?imageView2/2/w/80/format/jpg,2793,863,122,404,穿搭,https://www.xiaohongshu.com/explore/68a6f57a000000001c034c0a?xsec_token=AB7gnML7UV8GN2BOpOIaMCUhFcAHS-EhGX__ZLN0DKuJM=
6a3bcec90000000006021424,ABJCUqKyPq7_MKO9FPBLc31CtmTzQxlNihfyzdKjHCCW0=,近期18套穿搭合集📃,Fairychen,https://sns-avatar-qc.xhscdn.com/avatar/1040g2jo31eek9p2egk005n5j71k4b7g15qrbd30?imageView2/2/w/80/format/jpg,1426,452,54,94,穿搭,https://www.xiaohongshu.com/explore/68a6f57a000000001c034c0a?xsec_token=ABJCUqKyPq7_MKO9FPBLc31CtmTzQxlNihfyzdKjHCCW0=
6a26539d000000003501ea37,ABKotL-IqqfFNusWd8eWKZTjHLUxw6jtnHxbX9oqaMHtU=,这样穿有点韩,Da1nh-,https://sns-avatar-qc.xhscdn.com/avatar/1040g2jo31lqpg9o2lu0g5pg545gipjvdjtpean8?imageView2/2/w/80/format/jpg,121,28,8,4,穿搭,https://www.xiaohongshu.com/explore/68a6f57a000000001c034c0a?xsec_token=ABKotL-IqqfFNusWd8eWKZTjHLUxw6jtnHxbX9oqaMHtU=
6a4f864d00000000220193d6,ABKwI9xjY_W1WqV8vEzalhcIRnFv_9lgk2wprlM-9H_f0=,智性穿搭 我的舒适区,极冻鹅,https://sns-avatar-qc.xhscdn.com/avatar/1040g2jo30u2ohbil5i005p4gc2a7oufmpttfuu8?imageView2/2/w/80/format/jpg,38578,20514,342,1957,穿搭,https://www.xiaohongshu.com/explore/68a6f57a000000001c034c0a?xsec_token=ABKwI9xjY_W1WqV8vEzalhcIRnFv_9lgk2wprlM-9H_f0=
6948f92c000000001d03daa1,ABCjUD2i-c-t4YbzFGbNkPxtxMrc889GUrpY64Jv_ZusA=,2025年度穿搭合集✨做自己的美丽主理人,林小花,https://sns-avatar-qc.xhscdn.com/avatar/1040g2jo30mucq3g1kg00492drmaifk9r6easln8?imageView2/2/w/80/format/jpg,8615,1734,307,767,穿搭,https://www.xiaohongshu.com/explore/68a6f57a000000001c034c0a?xsec_token=ABCjUD2i-c-t4YbzFGbNkPxtxMrc889GUrpY64Jv_ZusA=
69e3387b000000001d01e1d5,ABeIxyQY9JMSxIUR7SfQhvroLEej6Y2d_YTNEHgP2QD9Q=,比起好看的皮囊，或许感觉更胜一筹,光月定大青蛙,https://sns-avatar-qc.xhscdn.com/avatar/1000g2jo2k95a53kj406g4a5646mojbltkel15po?imageView2/2/w/80/format/jpg,21624,6191,322,958,穿搭,https://www.xiaohongshu.com/explore/68a6f57a000000001c034c0a?xsec_token=ABeIxyQY9JMSxIUR7SfQhvroLEej6Y2d_YTNEHgP2QD9Q=
6a1820b9000000000800242e,ABt8qWqSZhj3ST5yff_wWQETPYHpzZ3YLwIf8FirnCyec=,残忍是美人的天性,Heywonc,https://sns-avatar-qc.xhscdn.com/avatar/615b0dc7985e11e33ef53ef6.jpg?imageView2/2/w/80/format/jpg,3202,614,69,408,穿搭,https://www.xiaohongshu.com/explore/68a6f57a000000001c034c0a?xsec_token=ABt8qWqSZhj3ST5yff_wWQETPYHpzZ3YLwIf8FirnCyec=
682f13fb000000001101cafa,ABdu41xUzM7ZzVmB6jTQ0ga5MjDLaArbEnJWG_etirmpI=,我叫夯大力，我宣布我今天是甜妹,小团团,https://sns-avatar-qc.xhscdn.com/avatar/1040g2jo31c6kk2gk0k005plpcv3ncd3piprnhdg?imageView2/2/w/80/format/jpg,1687,589,137,349,穿搭,https://www.xiaohongshu.com/explore/68a6f57a000000001c034c0a?xsec_token=ABdu41xUzM7ZzVmB6jTQ0ga5MjDLaArbEnJWG_etirmpI=
69e33ae2000000001f0008f7,ABeIxyQY9JMSxIUR7SfQhvrvQRb6blulJRCuSNer1S7Pw=,OOTD｜月入3k挑战红色系电子衣橱的穿搭分享,人偶的穿搭日常,https://sns-avatar-qc.xhscdn.com/avatar/63161d7af3ccddcb2f0fe848.jpg?imageView2/2/w/80/format/jpg,189,96,0,10,穿搭,https://www.xiaohongshu.com/explore/68a6f57a000000001c034c0a?xsec_token=ABeIxyQY9JMSxIUR7SfQhvrvQRb6blulJRCuSNer1S7Pw=
6a4b9c140000000016024642,ABxrvC-kxowxsGCZWMLMpxKwqXcynnk4NS9N58x5LowPM=,summer outfits,nuria,https://sns-avatar-qc.xhscdn.com/avatar/1040g2jo31lvkirem5e004a421jue0t9gnr7molg?imageView2/2/w/80/format/jpg,10742,1355,112,280,穿搭,https://www.xiaohongshu.com/explore/68a6f57a000000001c034c0a?xsec_token=ABxrvC-kxowxsGCZWMLMpxKwqXcynnk4NS9N58x5LowPM=
6a4a21fd000000001700a523,ABtPYiXblrkg46zuTjbCtOvXabFg1ePIxKkq4Dy_DYk1E=,分享夏天喜欢的几条裙子穿搭,小baby涵涵,https://sns-avatar-qc.xhscdn.com/avatar/61a2436a1486ff88c2d04426.jpg?imageView2/2/w/80/format/jpg,3118,1177,37,213,穿搭,https://www.xiaohongshu.com/explore/68a6f57a000000001c034c0a?xsec_token=ABtPYiXblrkg46zuTjbCtOvXabFg1ePIxKkq4Dy_DYk1E=
69c0a78d000000001d01c975,ABkhyxOs4A_WpwCBGHVrg-JBT54C3CcjhGoUq5i2llUPg=,177 52｜过春天🍅,瑶瑶有3只狗呀,https://sns-avatar-qc.xhscdn.com/avatar/1040g2jo31q59lj0h02004a5st6nh6ljkfdm2s9o?imageView2/2/w/80/format/jpg,3714,812,80,230,穿搭,https://www.xiaohongshu.com/explore/68a6f57a000000001c034c0a?xsec_token=ABkhyxOs4A_WpwCBGHVrg-JBT54C3CcjhGoUq5i2llUPg=
6a2f3d740000000007025522,ABCRfV8ETmOOfXjNl4OrQfuJQXnJ16HFuTaVpZUkEd7eI=,夏日穿搭合集×7️⃣,小颜,https://sns-avatar-qc.xhscdn.com/avatar/1040g2jo31qtp5pga7u605nr5hdag8ousm6aue50?imageView2/2/w/80/format/jpg,166,84,8,18,穿搭,https://www.xiaohongshu.com/explore/68a6f57a000000001c034c0a?xsec_token=ABCRfV8ETmOOfXjNl4OrQfuJQXnJ16HFuTaVpZUkEd7eI=
69991fbc000000000a030b6b,ABwH1sgsWWj1PQYufBFoda5rOpkDRMGmjve7l8P1MFlzM=,啊啊啊太好看啦 忍不住想发一下,常开心心,https://sns-avatar-qc.xhscdn.com/avatar/1040g2jo31objavju4s005p1jhqq3jgce8cjoj60?imageView2/2/w/80/format/jpg,2550,753,93,147,穿搭,https://www.xiaohongshu.com/explore/68a6f57a000000001c034c0a?xsec_token=ABwH1sgsWWj1PQYufBFoda5rOpkDRMGmjve7l8P1MFlzM=
68a5c45f000000001b01f991,ABzaMpy1ASr80J9tu71GxMdgcZQc3uGQIxOUFhd1mdZ_E=,好喜欢这种感觉🐰,小酒崽崽,https://sns-avatar-qc.xhscdn.com/avatar/1040g2jo30q99cifc7e0g5njr2ns08l67plo613g?imageView2/2/w/80/format/jpg,1125,450,33,106,穿搭,https://www.xiaohongshu.com/explore/68a6f57a000000001c034c0a?xsec_token=ABzaMpy1ASr80J9tu71GxMdgcZQc3uGQIxOUFhd1mdZ_E=
6a2829ad00000000080308fc,AB4yWK8dCo2__O-rxRNrxSLL3ily-C3cyfc_-BETepLFk=,穿搭不重样 十八套穿搭演绎五颜六色的夏天,my-name-is-MM,https://sns-avatar-qc.xhscdn.com/avatar/62348163ffe7365d84a77c0c.jpg?imageView2/2/w/80/format/jpg,1025,596,70,90,穿搭,https://www.xiaohongshu.com/explore/68a6f57a000000001c034c0a?xsec_token=AB4yWK8dCo2__O-rxRNrxSLL3ily-C3cyfc_-BETepLFk=
69f0c094000000001e00cd04,ABsxpes8Tq86QvKqjx6mR3P8e5mcquTNpvXOCwIaBDFFg=,男生穿搭｜一周初夏搭配合集来啦🙋‍♂️,阿kong,https://sns-avatar-qc.xhscdn.com/avatar/5da45ba635e2e000015c0e7c.jpg?imageView2/2/w/80/format/jpg,852,400,33,393,穿搭,https://www.xiaohongshu.com/explore/68a6f57a000000001c034c0a?xsec_token=ABsxpes8Tq86QvKqjx6mR3P8e5mcquTNpvXOCwIaBDFFg=
6a41db8f000000000f028aeb,AB39xoXZs_kLq6zvAT6efHX8V0n9f-BxrFDNJnfW1LO0Q=,175｜男装女穿，男生夏季穿搭小技巧,安辣辣,https://sns-avatar-qc.xhscdn.com/avatar/1040g2jo31tl2gofv6o005phb6k9holf77d6e3pg?imageView2/2/w/80/format/jpg,789,299,7,11,穿搭,https://www.xiaohongshu.com/explore/68a6f57a000000001c034c0a?xsec_token=AB39xoXZs_kLq6zvAT6efHX8V0n9f-BxrFDNJnfW1LO0Q=
6a157e0d00000000360019f7,ABWqcg0s8aCPtNjmIGArI3N_P4Mpxolknwr9OrB6KVwW0=,“穿”和“搭”是两回事,CATPIGSY,https://sns-avatar-qc.xhscdn.com/avatar/5f4a0aa176826f00015c2355.jpg?imageView2/2/w/80/format/jpg,2863,813,111,242,穿搭,https://www.xiaohongshu.com/explore/68a6f57a000000001c034c0a?xsec_token=ABWqcg0s8aCPtNjmIGArI3N_P4Mpxolknwr9OrB6KVwW0=
6997cd4b00000000150208ca,ABpxwOZdZDMiqfniRha356gb7g6GJW-_WJ874uOdAKekE=,来波回忆杀 愿春美夏艳 街头繁盛,On the Street,https://sns-avatar-qc.xhscdn.com/avatar/5f7eabcfe2dbee0001d8d8c9.jpg?imageView2/2/w/80/format/jpg,13347,2929,325,417,穿搭,https://www.xiaohongshu.com/explore/68a6f57a000000001c034c0a?xsec_token=ABpxwOZdZDMiqfniRha356gb7g6GJW-_WJ874uOdAKekE=
69f4403d000000001b021e13,ABw9SPQmR1loaygzyFZe0ZOdzuNB-WF1hYTnG1xUt3U3A=,谁懂姐感甜御风拍照的含金量！,糯糯好闪,https://sns-avatar-qc.xhscdn.com/avatar/1040g2jo31he7uvt83o005nsuehk080nekmt7h08?imageView2/2/w/80/format/jpg,181,69,2,34,穿搭,https://www.xiaohongshu.com/explore/68a6f57a000000001c034c0a?xsec_token=ABw9SPQmR1loaygzyFZe0ZOdzuNB-WF1hYTnG1xUt3U3A=
69773306000000000a029a21,ABRSCcxy4QbQXoVrkU3HJwok8__MEPW-Dz77I07os2Pbs=,以前小孩子的穿搭vs现在小孩子的穿搭,玥玥爱画画,https://sns-avatar-qc.xhscdn.com/avatar/1040g2jo31ron8av126505pmd8p0ne3k55o8iit0?imageView2/2/w/80/format/jpg,565,170,35,66,穿搭,https://www.xiaohongshu.com/explore/68a6f57a000000001c034c0a?xsec_token=ABRSCcxy4QbQXoVrkU3HJwok8__MEPW-Dz77I07os2Pbs=
6a103aab00000000360008aa,ABKFW0axtVg-ShumtuPGuooXzxbqfGFEP05nrmAXsRSDo=,📐穿搭实验10｜🩵大方不无聊的6组夏日穿搭,直男也能搞穿搭,https://sns-avatar-qc.xhscdn.com/avatar/1040g2jo31vticep054005p8mddt8sq83ce2omho?imageView2/2/w/80/format/jpg,763,887,16,67,穿搭,https://www.xiaohongshu.com/explore/68a6f57a000000001c034c0a?xsec_token=ABKFW0axtVg-ShumtuPGuooXzxbqfGFEP05nrmAXsRSDo=
69c01b5b000000002202a0ac,ABkhyxOs4A_WpwCBGHVrg-JIVRv8OSe0CGL6eiHNlZNpE=,今天穿什么,井井玩,https://sns-avatar-qc.xhscdn.com/avatar/61b30e774fd8210778aa8c70.jpg?imageView2/2/w/80/format/jpg,2925,1141,115,169,穿搭,https://www.xiaohongshu.com/explore/68a6f57a000000001c034c0a?xsec_token=ABkhyxOs4A_WpwCBGHVrg-JIVRv8OSe0CGL6eiHNlZNpE=
69f03b40000000003700d59b,ABsxpes8Tq86QvKqjx6mR3PxqXUm9ae5RhpqbR01gnIRw=,街拍｜松弛感穿搭也太好看了吧～,张子卿,https://sns-avatar-qc.xhscdn.com/avatar/1040g2jo3160rjgsohc105n4pmrd4ijchbvpigl0?imageView2/2/w/80/format/jpg,7192,1837,151,313,穿搭,https://www.xiaohongshu.com/explore/68a6f57a000000001c034c0a?xsec_token=ABsxpes8Tq86QvKqjx6mR3PxqXUm9ae5RhpqbR01gnIRw=
6a2e70ee00000000210144f2,ABcL26rrWBFd_ipLEzPQSUyG5uUYH8ZvzKT3TN7rCWHwo=,姐系穿搭贯穿到底,汪旭圆（奶音）,https://sns-avatar-qc.xhscdn.com/avatar/1040g2jo321gtn8fano005nt432i09etlaaknfro?imageView2/2/w/80/format/jpg,1388,443,14,189,穿搭,https://www.xiaohongshu.com/explore/68a6f57a000000001c034c0a?xsec_token=ABcL26rrWBFd_ipLEzPQSUyG5uUYH8ZvzKT3TN7rCWHwo=
69d1d8810000000023006ec4,ABgudcSyoIZpG5PHL7VJPR5Z1EHr5ECoVhyzlUZxN-4RA=,这个韩系博主的穿搭真的太会了🔥,Ray.,https://sns-avatar-qc.xhscdn.com/avatar/1040g2jo31ue19jhi2a605pdb0ef3bn50qqjiecg?imageView2/2/w/80/format/jpg,276,154,5,231,穿搭,https://www.xiaohongshu.com/explore/68a6f57a000000001c034c0a?xsec_token=ABgudcSyoIZpG5PHL7VJPR5Z1EHr5ECoVhyzlUZxN-4RA=
6a3fcdbb0000000011012192,ABa1D12IXoFAjXeJ6-SnCv3UkA1NvpmuVEk3vE-zL4fs0=,🌿158小个子一周不重样显瘦穿搭合集,初见朵朵～,https://sns-avatar-qc.xhscdn.com/avatar/1040g2jo320s39dkh74605q5igbdmc173gm2m2k8?imageView2/2/w/80/format/jpg,2327,965,121,152,穿搭,https://www.xiaohongshu.com/explore/68a6f57a000000001c034c0a?xsec_token=ABa1D12IXoFAjXeJ6-SnCv3UkA1NvpmuVEk3vE-zL4fs0=
69de3445000000001a03506f,ABnCZ7LI9mrAuEGcHARKkGVkv1hgqhE__xBA_6BJzp3Fc=,OOTD｜简简单单就很好看,妍儿穿搭酱🍒,https://sns-avatar-qc.xhscdn.com/avatar/5e401cc9bcad070001e1bd4a.jpg?imageView2/2/w/80/format/jpg,1941,741,89,279,穿搭,https://www.xiaohongshu.com/explore/68a6f57a000000001c034c0a?xsec_token=ABnCZ7LI9mrAuEGcHARKkGVkv1hgqhE__xBA_6BJzp3Fc=
6a4ca4590000000007023ff3,ABIbGE4451ctX4rwHiGOryh3t3q19QR2n71trU5gMnbBo=,我的一周姐系穿搭look,汪旭圆（奶音）,https://sns-avatar-qc.xhscdn.com/avatar/1040g2jo321gtn8fano005nt432i09etlaaknfro?imageView2/2/w/80/format/jpg,1844,421,30,119,穿搭,https://www.xiaohongshu.com/explore/68a6f57a000000001c034c0a?xsec_token=ABIbGE4451ctX4rwHiGOryh3t3q19QR2n71trU5gMnbBo=
6a43a09f0000000007012e77,AB17NFm1jEtNoI1fW2P7PWjcKNEXVvo03GzH3mbm0Ef2A=,哪张发朋友圈会觉得我衣品好,沈眉装,https://sns-avatar-qc.xhscdn.com/avatar/1040g2jo31vgiu807ia6g5q4pjl3a6audj3f5fk8?imageView2/2/w/80/format/jpg,2115,787,190,58,穿搭,https://www.xiaohongshu.com/explore/68a6f57a000000001c034c0a?xsec_token=AB17NFm1jEtNoI1fW2P7PWjcKNEXVvo03GzH3mbm0Ef2A=
6a11538700000000350282c0,ABrXUjG2tWF5CK71pLXxaPC-KEYV8jJwSZmBKjIAsRsA8=,妥妥的清冷感白月光穿搭～,三十6,https://sns-avatar-qc.xhscdn.com/avatar/1040g2jo3209s9phulm005q5enltmc9t7btjb8a8?imageView2/2/w/80/format/jpg,365,121,2,42,穿搭,https://www.xiaohongshu.com/explore/68a6f57a000000001c034c0a?xsec_token=ABrXUjG2tWF5CK71pLXxaPC-KEYV8jJwSZmBKjIAsRsA8=
6a05a87a000000003600295e,AB6fydUSmhOSG4lFryYVz53dm9IAYN1sEyykYCAYeanEY=,🤳recent outfit*9,大胆菠萝,https://sns-avatar-qc.xhscdn.com/avatar/60005db5805d5914dcebbfa4.jpg?imageView2/2/w/80/format/jpg,2312,663,29,108,穿搭,https://www.xiaohongshu.com/explore/68a6f57a000000001c034c0a?xsec_token=AB6fydUSmhOSG4lFryYVz53dm9IAYN1sEyykYCAYeanEY=
6a12a424000000003502fe20,AB_NXtuz0OP0CQM5o7IRMxiAOAo8wDZjaf9alnzkjLI9k=,今日穿搭  电梯自拍,念九,https://sns-avatar-qc.xhscdn.com/avatar/1040g2jo3226dfj0d6s6g5qbq3ftn85pth6hurlg?imageView2/2/w/80/format/jpg,445,148,18,36,穿搭,https://www.xiaohongshu.com/explore/68a6f57a000000001c034c0a?xsec_token=AB_NXtuz0OP0CQM5o7IRMxiAOAo8wDZjaf9alnzkjLI9k=
6a439acb000000001101d1c6,AB17NFm1jEtNoI1fW2P7PWjWNZ-whNljD39OiSvmJw0kA=,穿背心的季节☀️｜158/95韩系ootd,小游爱游,https://sns-avatar-qc.xhscdn.com/avatar/1040g2jo3208svqu75g005qf8ckt0g800qpb2tpo?imageView2/2/w/80/format/jpg,546,157,25,45,穿搭,https://www.xiaohongshu.com/explore/68a6f57a000000001c034c0a?xsec_token=AB17NFm1jEtNoI1fW2P7PWjWNZ-whNljD39OiSvmJw0kA=
68899c890000000004004977,ABhmLaf24LAPnkZ9-lHaS0dFSMaTnAgJjJiA3dWCtdrw0=,158 92｜☁️夏天当然是越简单越好看啦～,麻糖呗,https://sns-avatar-qc.xhscdn.com/avatar/625e6b85fd3a764da5dcee47.jpg?imageView2/2/w/80/format/jpg,1267,500,53,77,穿搭,https://www.xiaohongshu.com/explore/68a6f57a000000001c034c0a?xsec_token=ABhmLaf24LAPnkZ9-lHaS0dFSMaTnAgJjJiA3dWCtdrw0=
6a5b2def000000000100c7b7,ABEAgP4coJ8pvXgDzq8_zpaIVD9qpO898Tg4CO55IMeEE=,sport chic 夏日清爽穿搭🧊,最好看的小金,https://sns-avatar-qc.xhscdn.com/avatar/1040g2jo31t9h49sb5s005niqvj0g99a0726btn8?imageView2/2/w/80/format/jpg,8,2,0,0,穿搭,https://www.xiaohongshu.com/explore/68a6f57a000000001c034c0a?xsec_token=ABEAgP4coJ8pvXgDzq8_zpaIVD9qpO898Tg4CO55IMeEE=
698dd60f000000000e03e621,AByyR0ohIKulV5v_4Kb6rTZsx9T_dY7LioR1cfq_ZCoDg=,4️⃣0️⃣套‖总在冬天怀念夏天,奶油泡芙,https://sns-avatar-qc.xhscdn.com/avatar/1040g2jo31qs98i9snu5g5q1ka447h07p9gsi7r8?imageView2/2/w/80/format/jpg,3181,1455,85,315,穿搭,https://www.xiaohongshu.com/explore/68a6f57a000000001c034c0a?xsec_token=AByyR0ohIKulV5v_4Kb6rTZsx9T_dY7LioR1cfq_ZCoDg=
6a3267bd0000000022016110,ABxTds8Lx8Jb8S3DQ07lgtThaqxI3Ft_skZX10fpTlxpk=,马思纯真的是球衣天才呀,喵呜酱🐱,https://sns-avatar-qc.xhscdn.com/avatar/1040g2jo321961ij37u7g5qh6660gg3001s02dno?imageView2/2/w/80/format/jpg,57725,3685,1412,2860,穿搭,https://www.xiaohongshu.com/explore/68a6f57a000000001c034c0a?xsec_token=ABxTds8Lx8Jb8S3DQ07lgtThaqxI3Ft_skZX10fpTlxpk=
6a55f1ed000000000f032118,ABNrIU9Kj1LWAoLsud7dCtLDZMm6oMB9yIcbGoaTr67ww=,140斤女生跟着金靖学穿搭～,肉肉不减了,https://sns-avatar-qc.xhscdn.com/avatar/1040g2jo321sdagd272005qh7qjl0g701glu7cf8?imageView2/2/w/80/format/jpg,1434,449,143,94,穿搭,https://www.xiaohongshu.com/explore/68a6f57a000000001c034c0a?xsec_token=ABNrIU9Kj1LWAoLsud7dCtLDZMm6oMB9yIcbGoaTr67ww=
69dafb5c000000001f006dfb,ABpzgW7keoEFLqVXJTkapBSzByfsPKLcC-9CNV7uZAp8c=,被问爆的轻熟风穿搭！温柔又有女人味谁懂啊,小月🌙,https://sns-avatar-qc.xhscdn.com/avatar/1040g2jo321muceup7u005nqvmif091kv807tvng?imageView2/2/w/80/format/jpg,1057,445,35,286,穿搭,https://www.xiaohongshu.com/explore/68a6f57a000000001c034c0a?xsec_token=ABpzgW7keoEFLqVXJTkapBSzByfsPKLcC-9CNV7uZAp8c=
6a1ad37a000000000803c636,AB-6JpaUxcCHfSFUE7sFRcspE1bKyeJOMvui07pQf75xE=,OOTD｜休闲通勤穿搭,妍儿穿搭酱🍒,https://sns-avatar-qc.xhscdn.com/avatar/5e401cc9bcad070001e1bd4a.jpg?imageView2/2/w/80/format/jpg,798,342,16,43,穿搭,https://www.xiaohongshu.com/explore/68a6f57a000000001c034c0a?xsec_token=AB-6JpaUxcCHfSFUE7sFRcspE1bKyeJOMvui07pQf75xE=
6a1a6dbe0000000035028ac8,AB-6JpaUxcCHfSFUE7sFRcsve87lijwG9ceUp6Ha8o9EU=,一周穿搭合集,ai mei的鱼,https://sns-avatar-qc.xhscdn.com/avatar/1040g2jo31tl22vv9mo005nfh18ig8hrdse6m8f8?imageView2/2/w/80/format/jpg,993,249,25,18,穿搭,https://www.xiaohongshu.com/explore/68a6f57a000000001c034c0a?xsec_token=AB-6JpaUxcCHfSFUE7sFRcsve87lijwG9ceUp6Ha8o9EU=
6a0b5f6f00000000070274b9,ABVFpivL5ncTiFD3zFSTPC3R4vOFQCN0Qf8_xC0D7rP6I=,🤍All white·淡人舒适区,井井玩,https://sns-avatar-qc.xhscdn.com/avatar/61b30e774fd8210778aa8c70.jpg?imageView2/2/w/80/format/jpg,2938,942,54,162,穿搭,https://www.xiaohongshu.com/explore/68a6f57a000000001c034c0a?xsec_token=ABVFpivL5ncTiFD3zFSTPC3R4vOFQCN0Qf8_xC0D7rP6I=
6a112c740000000036030958,ABrXUjG2tWF5CK71pLXxaPC6Px8Cld6i_bhxSnTarknJM=,夏天的一周穿搭小合集～,沙滩上的热带鱼,https://sns-avatar-qc.xhscdn.com/avatar/62a6f39710dae6eb42c8e530.jpg?imageView2/2/w/80/format/jpg,1860,621,41,108,穿搭,https://www.xiaohongshu.com/explore/68a6f57a000000001c034c0a?xsec_token=ABrXUjG2tWF5CK71pLXxaPC6Px8Cld6i_bhxSnTarknJM=
69e0c639000000001b023900,ABg8TBacOCq0xsUaOMDtob0fRaNChiBg0wIQ88Uw4m6rA=,学穿搭最快的方式就是——“抄袭”,巴啦啦小汤汤,https://sns-avatar-qc.xhscdn.com/avatar/1040g2jo310tc8ul5mm0g5pf6tnn19vebs0a4c8o?imageView2/2/w/80/format/jpg,108622,36664,400,1709,穿搭,https://www.xiaohongshu.com/explore/68a6f57a000000001c034c0a?xsec_token=ABg8TBacOCq0xsUaOMDtob0fRaNChiBg0wIQ88Uw4m6rA=
6a2a875a0000000007010a38,ABK9LrzzXpC21hnAQavG8EE_ZyXlS_3uC3rsYCVd-7NJo=,智性沉静感通勤,一桶江山,https://sns-avatar-qc.xhscdn.com/avatar/66891a54899e8022258c5b53.jpg?imageView2/2/w/80/format/jpg,676,299,31,50,穿搭,https://www.xiaohongshu.com/explore/68a6f57a000000001c034c0a?xsec_token=ABK9LrzzXpC21hnAQavG8EE_ZyXlS_3uC3rsYCVd-7NJo=
6a179ae8000000000803fa25,ABdzvHzGu34bWPtuvSw0mFnfYzMP7fuxzDkiQu9DnDAsw=,松弛感chill时刻☕,井井玩,https://sns-avatar-qc.xhscdn.com/avatar/61b30e774fd8210778aa8c70.jpg?imageView2/2/w/80/format/jpg,1711,667,43,119,穿搭,https://www.xiaohongshu.com/explore/68a6f57a000000001c034c0a?xsec_token=ABdzvHzGu34bWPtuvSw0mFnfYzMP7fuxzDkiQu9DnDAsw=
6a241ac4000000002100be4d,ABHq5l2vuFHksKTuZ29IguChj-dEJ6i9EMTSO1Yy5FyI4=,一周穿搭合集🤍,小瓶bottle,https://sns-avatar-qc.xhscdn.com/avatar/62cd2d890cd277d9be3d23ec.jpg?imageView2/2/w/80/format/jpg,2874,495,29,109,穿搭,https://www.xiaohongshu.com/explore/68a6f57a000000001c034c0a?xsec_token=ABHq5l2vuFHksKTuZ29IguChj-dEJ6i9EMTSO1Yy5FyI4=
6a11a6510000000036032da9,ABrXUjG2tWF5CK71pLXxaPCyi8K8JP_8djlm70YzHX12w=,夏季和姐妹穿辣妹风好喜欢啊啊啊🖤,oocookiesu,https://sns-avatar-qc.xhscdn.com/avatar/5ffab63e8bd084860db25455.jpg?imageView2/2/w/80/format/jpg,5091,1104,81,411,穿搭,https://www.xiaohongshu.com/explore/68a6f57a000000001c034c0a?xsec_token=ABrXUjG2tWF5CK71pLXxaPCyi8K8JP_8djlm70YzHX12w=
6a5a1c10000000000f031b10,ABt_ribSGvPgOmFMVE85lfRVN7PCHiHJKun7XxfOxacX8=,/,Uu,https://sns-avatar-qc.xhscdn.com/avatar/1040g2jo31ns8f2crkq0g5n5o4gc5k36lusi8jl0?imageView2/2/w/80/format/jpg,1099,266,16,44,穿搭,https://www.xiaohongshu.com/explore/68a6f57a000000001c034c0a?xsec_token=ABt_ribSGvPgOmFMVE85lfRVN7PCHiHJKun7XxfOxacX8=
69be7186000000002301580f,ABWf5OM7DFJ_BABhgNgJz_yUYyHOKX2p_dTggzlP-XKLI=,春夏男生穿搭分享！不认真打扮却很显贵气,cuibuju,https://sns-avatar-qc.xhscdn.com/avatar/1040g2jo3159086ta1e0g5nk7t2fg8geeuf1n3r0?imageView2/2/w/80/format/jpg,1389,443,38,1022,穿搭,https://www.xiaohongshu.com/explore/68a6f57a000000001c034c0a?xsec_token=ABWf5OM7DFJ_BABhgNgJz_yUYyHOKX2p_dTggzlP-XKLI=
6a4b76450000000022019b5e,ABxrvC-kxowxsGCZWMLMpxK_d22pTM60IS1_pkY5J6FOo=,职场通勤穿搭手册*一周系列,一点儿小儿,https://sns-avatar-qc.xhscdn.com/avatar/619ba64200000000210231a3.jpg?imageView2/2/w/80/format/jpg,2140,950,36,78,穿搭,https://www.xiaohongshu.com/explore/68a6f57a000000001c034c0a?xsec_token=ABxrvC-kxowxsGCZWMLMpxK_d22pTM60IS1_pkY5J6FOo=
6a4f7f23000000002103d855,ABKwI9xjY_W1WqV8vEzalhcKFnqYw9Wxqf0Qx_stbEAHE=,松弛氛围感款｜普通人夏日不费力时髦穿搭,云薇Clowest,https://sns-avatar-qc.xhscdn.com/avatar/1040g2jo312isn1980e5g5o8ht95g8i8pv4ba3mo?imageView2/2/w/80/format/jpg,131,53,2,12,穿搭,https://www.xiaohongshu.com/explore/68a6f57a000000001c034c0a?xsec_token=ABKwI9xjY_W1WqV8vEzalhcKFnqYw9Wxqf0Qx_stbEAHE=
6a32527f000000000f030b47,ABxTds8Lx8Jb8S3DQ07lgtTo4zPeTqlwezLKHeWMELLl8=,OOTD💙,叫我77好啦,https://sns-avatar-qc.xhscdn.com/avatar/1040g2jo31vo6bu0k1m605qedru4srqi3uk47jb8?imageView2/2/w/80/format/jpg,390,127,6,18,穿搭,https://www.xiaohongshu.com/explore/68a6f57a000000001c034c0a?xsec_token=ABxTds8Lx8Jb8S3DQ07lgtTo4zPeTqlwezLKHeWMELLl8=
68ca8415000000001202ee92,AB2SdjZBj4iJwvqclXjeDM1VyAZmcOphlLV1ldUFGSCDU=,32岁的松弛法式OOTD,千语,https://sns-avatar-qc.xhscdn.com/avatar/1040g2jo31qlu9uml0m005n111s31elq4k952v0g?imageView2/2/w/80/format/jpg,1905,506,87,329,穿搭,https://www.xiaohongshu.com/explore/68a6f57a000000001c034c0a?xsec_token=AB2SdjZBj4iJwvqclXjeDM1VyAZmcOphlLV1ldUFGSCDU=
6a27822a000000002003a0f3,ABk-qVA4i9oKVJvw36K9ZoYtYtA6Ml71XHC_pvkQ3Ej4g=,真正的成熟，是允许自己柔软,무채（Mu-Chae）,https://sns-avatar-qc.xhscdn.com/avatar/1040g2jo3209bm9mp6e005nsull409dtdl18cvco?imageView2/2/w/80/format/jpg,2030,742,37,135,穿搭,https://www.xiaohongshu.com/explore/68a6f57a000000001c034c0a?xsec_token=ABk-qVA4i9oKVJvw36K9ZoYtYtA6Ml71XHC_pvkQ3Ej4g=
69e377a7000000001b001ac6,ABeIxyQY9JMSxIUR7SfQhvrovpYkb_6NidBkqViPmwtfs=,8️⃣套甜酷辣妹穿搭！已经开始期待夏天啦,就叫小徐吧,https://sns-avatar-qc.xhscdn.com/avatar/1040g2jo31cgmblb7h65g5oh61aqoc8lrvrdfpbo?imageView2/2/w/80/format/jpg,1034,471,99,371,穿搭,https://www.xiaohongshu.com/explore/68a6f57a000000001c034c0a?xsec_token=ABeIxyQY9JMSxIUR7SfQhvrovpYkb_6NidBkqViPmwtfs=
6999ac520000000028008619,ABwH1sgsWWj1PQYufBFoda5g8TA-HHnVA8iUN-C7QzziE=,30+姐姐悟了！衣服越简单越高级，松弛感直,伊人集,https://sns-avatar-qc.xhscdn.com/avatar/1040g2jo31spb7a0hm2605q1h55u39cs953ddl6o?imageView2/2/w/80/format/jpg,1017,453,32,44,穿搭,https://www.xiaohongshu.com/explore/68a6f57a000000001c034c0a?xsec_token=ABwH1sgsWWj1PQYufBFoda5g8TA-HHnVA8iUN-C7QzziE=
6a4f49420000000017008511,ABKwI9xjY_W1WqV8vEzalhcCaCnyyFrzBvUT2TdBDANm8=,体制内通勤look💼简约大方就很得体耐看！✨,婉婉酱,https://sns-avatar-qc.xhscdn.com/avatar/636684cf2064cb36e88a4c81.jpg?imageView2/2/w/80/format/jpg,3123,3218,82,109,穿搭,https://www.xiaohongshu.com/explore/68a6f57a000000001c034c0a?xsec_token=ABKwI9xjY_W1WqV8vEzalhcCaCnyyFrzBvUT2TdBDANm8=
6a533cfa0000000008002b23,ABo3v8vglQ5ty0dZYxIWvPTy6MJgdVhgMpRog48XBSIgU=,存一些秋天穿搭！🪵🛖,春日花花,https://sns-avatar-qc.xhscdn.com/avatar/646de0f3106e9b8387a0506f.jpg?imageView2/2/w/80/format/jpg,584,387,10,16,穿搭,https://www.xiaohongshu.com/explore/68a6f57a000000001c034c0a?xsec_token=ABo3v8vglQ5ty0dZYxIWvPTy6MJgdVhgMpRog48XBSIgU=
6a03072c0000000006037b4e,ABHhzRNzR8nmtHlNz4KnHfgmisz_YkeTbrak2CBnrp1eY=,男友力夏季气质穿搭｜25-40岁男生照着穿就,妞了个妞,https://sns-avatar-qc.xhscdn.com/avatar/1040g2jo3202knbqr3q5g5ptuplfjjm7c2libg30?imageView2/2/w/80/format/jpg,130,145,0,33,穿搭,https://www.xiaohongshu.com/explore/68a6f57a000000001c034c0a?xsec_token=ABHhzRNzR8nmtHlNz4KnHfgmisz_YkeTbrak2CBnrp1eY=
69eb7055000000003700d6f4,AB3xmkKJ126-yfh3vQqqUVCkHQQB74t6eIJAs2CMzvTwU=,谁懂啊！阳光下的温柔感穿搭✨,小颖颖家,https://sns-avatar-qc.xhscdn.com/avatar/1040g2jo312u7v6lk5m5g5pdltq7jkn72i4e9218?imageView2/2/w/80/format/jpg,128,73,15,27,穿搭,https://www.xiaohongshu.com/explore/68a6f57a000000001c034c0a?xsec_token=AB3xmkKJ126-yfh3vQqqUVCkHQQB74t6eIJAs2CMzvTwU=
69ff3c16000000003700c147,ABvWPcyZKxN5YkjYTCueX3lVpBblgjnezhAuY2f_xTVAY=,好喜欢这种韩系温柔穿搭啊啊啊,Oorange,https://sns-avatar-qc.xhscdn.com/avatar/1040g2jo30ofqp60o280g5nklb0j08o72i6eii2o?imageView2/2/w/80/format/jpg,1409,481,88,304,穿搭,https://www.xiaohongshu.com/explore/68a6f57a000000001c034c0a?xsec_token=ABvWPcyZKxN5YkjYTCueX3lVpBblgjnezhAuY2f_xTVAY=
6a199d270000000036032604,AB62lh0QmAeGiMW1tHl_bW-fgqxQa8jW5x_hi9zJ1YnuM=,淡人通勤感穿搭,iamxixi,https://sns-avatar-qc.xhscdn.com/avatar/1040g2jo31nc9ivcfl8105pu0114jjkom3tulsag?imageView2/2/w/80/format/jpg,3534,1052,35,255,穿搭,https://www.xiaohongshu.com/explore/68a6f57a000000001c034c0a?xsec_token=AB62lh0QmAeGiMW1tHl_bW-fgqxQa8jW5x_hi9zJ1YnuM=
69c90daa000000001a0355ee,ABybWDp6xoCSh0ZM6Bc0s9Ep8_1x9o2wZMW4l502CD448=,男生休闲帅气穿搭✨少年感,打工人通勤穿搭,https://sns-avatar-qc.xhscdn.com/avatar/1040g2jo31tqdb5is78605p4j0hu7osv63hh6d3o?imageView2/2/w/80/format/jpg,70,40,0,60,穿搭,https://www.xiaohongshu.com/explore/68a6f57a000000001c034c0a?xsec_token=ABybWDp6xoCSh0ZM6Bc0s9Ep8_1x9o2wZMW4l502CD448=
6a37fd380000000015026754,ABzkFDtVmihGjua_cLBgs1VTpXWa0F5vF06r10texypLc=,好喜欢这种风格！！,iamxixi,https://sns-avatar-qc.xhscdn.com/avatar/1040g2jo31nc9ivcfl8105pu0114jjkom3tulsag?imageView2/2/w/80/format/jpg,866,266,12,60,穿搭,https://www.xiaohongshu.com/explore/68a6f57a000000001c034c0a?xsec_token=ABzkFDtVmihGjua_cLBgs1VTpXWa0F5vF06r10texypLc=
6a2bfcff000000000702456b,ABngcQtSr4KYxREb1C6N24s_j6pWvO-V7O20qpQsqRh1c=,这一身好嫩好嫩！,一粒丸,https://sns-avatar-qc.xhscdn.com/avatar/60917c526254a51e34805e83.jpg?imageView2/2/w/80/format/jpg,2898,462,36,103,穿搭,https://www.xiaohongshu.com/explore/68a6f57a000000001c034c0a?xsec_token=ABngcQtSr4KYxREb1C6N24s_j6pWvO-V7O20qpQsqRh1c=
6a2fc28e000000001700b259,ABCRfV8ETmOOfXjNl4OrQfuLLt70SBE-ZKSjUDJcdw-8k=,上海街头、初夏松弛感穿搭,张子卿,https://sns-avatar-qc.xhscdn.com/avatar/1040g2jo3160rjgsohc105n4pmrd4ijchbvpigl0?imageView2/2/w/80/format/jpg,2537,490,89,137,穿搭,https://www.xiaohongshu.com/explore/68a6f57a000000001c034c0a?xsec_token=ABCRfV8ETmOOfXjNl4OrQfuLLt70SBE-ZKSjUDJcdw-8k=
6a1fcfc50000000022028056,ABj3VHdZAnksmQVAasT8Yvt93UH5LkMmqqIgw2x4CIEWs=,今天的ootd，出去玩啦！,Hannah默,https://sns-avatar-qc.xhscdn.com/avatar/1040g2jo31r9jd7r4mu5g5q88trgcitdi1runsng?imageView2/2/w/80/format/jpg,62,16,2,8,穿搭,https://www.xiaohongshu.com/explore/68a6f57a000000001c034c0a?xsec_token=ABj3VHdZAnksmQVAasT8Yvt93UH5LkMmqqIgw2x4CIEWs=
6a1d49ad0000000036030017,ABCdmnJ4SUptKxjxNR_wdyc-sFIUMPowq8XvqsLeh8S14=,清冷拽姐穿搭,搭搭日记,https://sns-avatar-qc.xhscdn.com/avatar/1040g2jo31m9lcr2vli005pthmphjjgfopshhht8?imageView2/2/w/80/format/jpg,309,169,8,43,穿搭,https://www.xiaohongshu.com/explore/68a6f57a000000001c034c0a?xsec_token=ABCdmnJ4SUptKxjxNR_wdyc-sFIUMPowq8XvqsLeh8S14=
69ef5fdd0000000036031656,ABn7TdgexYi_jlImARCf9Zng9hWzYRV1cTT35lhxH3hqQ=,就爱穿这种舒服的松弛感穿搭～,Dink,https://sns-avatar-qc.xhscdn.com/avatar/1040g2jo31of9f8345m005one3kqnop7t79oba70?imageView2/2/w/80/format/jpg,1129,412,42,89,穿搭,https://www.xiaohongshu.com/explore/68a6f57a000000001c034c0a?xsec_token=ABn7TdgexYi_jlImARCf9Zng9hWzYRV1cTT35lhxH3hqQ=
6a1936af0000000035022dde,AB62lh0QmAeGiMW1tHl_bW-djc3EyWguUIISNJPhWav_I=,ootd｜夏天穿搭合集｜好喜欢这种简约的穿搭,Pullpo,https://sns-avatar-qc.xhscdn.com/avatar/1040g2jo31u3ageelhs0g5pgv5sphosnds9uta80?imageView2/2/w/80/format/jpg,166,71,6,80,穿搭,https://www.xiaohongshu.com/explore/68a6f57a000000001c034c0a?xsec_token=AB62lh0QmAeGiMW1tHl_bW-djc3EyWguUIISNJPhWav_I=
6a0fecf100000000360301de,ABSmVlUyLVxVFVKknKA4VzhO_i3w3Fysch4tQiiFKcnt0=,不就是夏天的一周吗！,蚁晓煌,https://sns-avatar-qc.xhscdn.com/avatar/1040g2jo31j4h49631a0044utfmumnm1i1c06488?imageView2/2/w/80/format/jpg,505,167,22,43,穿搭,https://www.xiaohongshu.com/explore/68a6f57a000000001c034c0a?xsec_token=ABSmVlUyLVxVFVKknKA4VzhO_i3w3Fysch4tQiiFKcnt0=
69f09b33000000003502020e,ABsxpes8Tq86QvKqjx6mR3PyXVJwUbOFwUdcaoghptspY=,一周穿搭不重样～,是西西呀,https://sns-avatar-qc.xhscdn.com/avatar/1040g2jo31vgl05jcjm0g5qe7qcjsj1nai4vc20g?imageView2/2/w/80/format/jpg,491,205,53,24,穿搭,https://www.xiaohongshu.com/explore/68a6f57a000000001c034c0a?xsec_token=ABsxpes8Tq86QvKqjx6mR3PyXVJwUbOFwUdcaoghptspY=
6a1e265e0000000006030b8b,ABEUnMb0K94rO415NeW0VI8DjElKvYH7RIVM2Z3pWU-FE=,20套夏日低能量穿搭合集分享🎱,贰伍壹拾,https://sns-avatar-qc.xhscdn.com/avatar/6266ba2ad4299be64dacb59b.jpg?imageView2/2/w/80/format/jpg,546,304,25,111,穿搭,https://www.xiaohongshu.com/explore/68a6f57a000000001c034c0a?xsec_token=ABEUnMb0K94rO415NeW0VI8DjElKvYH7RIVM2Z3pWU-FE=
6a22f3ea0000000021009058,ABQR--UYIGb5ica6qvGSWCdDriJW0od6_OtdwPGt-an68=,30+的欧美克制系穿搭合集 告别网红风,MIA通勤基础款衣橱,https://sns-avatar-qc.xhscdn.com/avatar/1040g2jo320pd7ggnm8005nqod2igbhutkdh880o?imageView2/2/w/80/format/jpg,796,688,11,61,穿搭,https://www.xiaohongshu.com/explore/68a6f57a000000001c034c0a?xsec_token=ABQR--UYIGb5ica6qvGSWCdDriJW0od6_OtdwPGt-an68=
69dd071f000000002302792c,AB6YFAaGG9uO827bqFSRl1smJwWmMXKl9TT1pUff_WUfE=,春夏高智感穿搭公式✨,浅小浅,https://sns-avatar-qc.xhscdn.com/avatar/1040g2jo31ui061j5is5g5peu5ab3chav0dub3f0?imageView2/2/w/80/format/jpg,336,152,9,129,穿搭,https://www.xiaohongshu.com/explore/68a6f57a000000001c034c0a?xsec_token=AB6YFAaGG9uO827bqFSRl1smJwWmMXKl9TT1pUff_WUfE=
699d2808000000000903a39d,ABxYiiyiNaig27uodwudKtBm7V7QcDMMRwX58TpFbJmbA=,极限八选一,爆付付,https://sns-avatar-qc.xhscdn.com/avatar/1040g2jo31rl0s4cs24005qb0h7852uh9re11060?imageView2/2/w/80/format/jpg,227,74,21,23,穿搭,https://www.xiaohongshu.com/explore/68a6f57a000000001c034c0a?xsec_token=ABxYiiyiNaig27uodwudKtBm7V7QcDMMRwX58TpFbJmbA=
69fc74a5000000003701d91b,ABBsvyD1Okso0IR6uTzVuB3tumeCbFyNfA-qwRcDXMF5k=,7套*简单即正义穿搭合集,薄荷叶子,https://sns-avatar-qc.xhscdn.com/avatar/1040g2jo31olp855906005nh19qa0882rkkr188o?imageView2/2/w/80/format/jpg,3361,944,43,129,穿搭,https://www.xiaohongshu.com/explore/68a6f57a000000001c034c0a?xsec_token=ABBsvyD1Okso0IR6uTzVuB3tumeCbFyNfA-qwRcDXMF5k=
68cacd7c0000000013013c80,AB2SdjZBj4iJwvqclXjeDM1Xlygria5VbQqSFUVBUw4Ns=,审美积累100个INS博主|韩系实穿（18/100）,蛋饺bb,https://sns-avatar-qc.xhscdn.com/avatar/1040g2jo31tbeco8e62005pg83sahhil7atnh4s0?imageView2/2/w/80/format/jpg,6799,2891,56,875,穿搭,https://www.xiaohongshu.com/explore/68a6f57a000000001c034c0a?xsec_token=AB2SdjZBj4iJwvqclXjeDM1Xlygria5VbQqSFUVBUw4Ns=
69f0362b000000003501feeb,ABsxpes8Tq86QvKqjx6mR3PyafRZ1TD_JVJRoKU79sQrg=,158小个子的高智感老钱风我悟了！,三十小拉,https://sns-avatar-qc.xhscdn.com/avatar/1040g2jo30vbu28kg5a005npsnce080a2hielu28?imageView2/2/w/80/format/jpg,414,258,19,44,穿搭,https://www.xiaohongshu.com/explore/68a6f57a000000001c034c0a?xsec_token=ABsxpes8Tq86QvKqjx6mR3PyafRZ1TD_JVJRoKU79sQrg=
694fd04d000000001f00da53,ABAK57Tl2lIOHtyS-uaM_U54jVT5fOyfYh-x5eDXEhazc=,一周穿搭合集🤍,小瓶bottle,https://sns-avatar-qc.xhscdn.com/avatar/62cd2d890cd277d9be3d23ec.jpg?imageView2/2/w/80/format/jpg,6162,1237,90,192,穿搭,https://www.xiaohongshu.com/explore/68a6f57a000000001c034c0a?xsec_token=ABAK57Tl2lIOHtyS-uaM_U54jVT5fOyfYh-x5eDXEhazc=
69dcaf680000000022025a02,ABsatkj1T_DOCUTJE4saJViTqxDG_EqAkPVTXRk3oVeW4=,夏天喜欢的8️⃣套合集,大维尼,https://sns-avatar-qc.xhscdn.com/avatar/1040g2jo31mev52j4l80048bt1g7ur53f7mks438?imageView2/2/w/80/format/jpg,1462,664,28,47,穿搭,https://www.xiaohongshu.com/explore/68a6f57a000000001c034c0a?xsec_token=ABsatkj1T_DOCUTJE4saJViTqxDG_EqAkPVTXRk3oVeW4=
6a090530000000003603389c,ABK3V76G_iNmfeWoTRr7gfkhRDxZpJGLLXdecin4t1gtc=,今天是白月光穿搭,YOYO,https://sns-avatar-qc.xhscdn.com/avatar/1040g2jo320nuh9vqm2005q439hj799piv9ct1hg?imageView2/2/w/80/format/jpg,3578,1025,61,266,穿搭,https://www.xiaohongshu.com/explore/68a6f57a000000001c034c0a?xsec_token=ABK3V76G_iNmfeWoTRr7gfkhRDxZpJGLLXdecin4t1gtc=
6a51c1660000000007012431,ABtq3vah3qEw5V7mmDQvxfC6MSq9vpIGtU8_rK3EJ1M28=,用15张图诠释上海街头随性又高级的时尚氛围,摄影电焊机,https://sns-avatar-qc.xhscdn.com/avatar/1040g2jo30mvp3v1j5c004351d122o3iu85nc3cg?imageView2/2/w/80/format/jpg,2367,485,203,237,穿搭,https://www.xiaohongshu.com/explore/68a6f57a000000001c034c0a?xsec_token=ABtq3vah3qEw5V7mmDQvxfC6MSq9vpIGtU8_rK3EJ1M28=
69e740da0000000023024c08,ABJxzYZM8wxibuZ9sj_5bdjCvFmAi7UnjtuqbmKlCM6wA=,💍高智淡人风夏日衣橱🧥日常通勤•穿搭灵感,焦糖小莎包,https://sns-avatar-qc.xhscdn.com/avatar/1040g2jo30vfbg6h460005o96cigg81peieamlfg?imageView2/2/w/80/format/jpg,3329,2007,188,300,穿搭,https://www.xiaohongshu.com/explore/68a6f57a000000001c034c0a?xsec_token=ABJxzYZM8wxibuZ9sj_5bdjCvFmAi7UnjtuqbmKlCM6wA=
69f8097a000000001e00e985,ABrjl7OGYjAGhL1qj9M6xVjt0uOeFvTjPIE7TE57Xn9yQ=,“韩系轻氧感穿搭”🫧氛围感拉满｜Luamoss,T.F.W,https://sns-avatar-qc.xhscdn.com/avatar/642c3502dd18c6c67afc0c8f.jpg?imageView2/2/w/80/format/jpg,1347,778,5,67,穿搭,https://www.xiaohongshu.com/explore/68a6f57a000000001c034c0a?xsec_token=ABrjl7OGYjAGhL1qj9M6xVjt0uOeFvTjPIE7TE57Xn9yQ=
69eb6808000000001a02c513,AB3xmkKJ126-yfh3vQqqUVCgj4Sv3BCN-WKvRrorO5NDk=,💐夏天就要穿得五颜六色,Go4mi,https://sns-avatar-qc.xhscdn.com/avatar/6220459b5a37a06552bec8f6.jpg?imageView2/2/w/80/format/jpg,2949,1132,66,278,穿搭,https://www.xiaohongshu.com/explore/68a6f57a000000001c034c0a?xsec_token=AB3xmkKJ126-yfh3vQqqUVCgj4Sv3BCN-WKvRrorO5NDk=
6a2cff92000000000702255f,ABTEdHWg9miXo8pUg4ORwxM_OzvHfced7wVXkOj7WjN1k=,40套夏季通勤穿搭合集｜不费力的高级感,丫头,https://sns-avatar-qc.xhscdn.com/avatar/603df7810000000001003e0d.jpg?imageView2/2/w/80/format/jpg,94,54,0,8,穿搭,https://www.xiaohongshu.com/explore/68a6f57a000000001c034c0a?xsec_token=ABTEdHWg9miXo8pUg4ORwxM_OzvHfced7wVXkOj7WjN1k=
6a046896000000000702e218,ABDhwHucPIPOhFmcNMS5k_wdVKhZZT8nHpkGZISOpWsVA=,风动绿意🍃自然而然的夏,Nancy今天早睡了吗,https://sns-avatar-qc.xhscdn.com/avatar/1000g2jo2p32nbvqjm0004a7lci19ldn13c3k70o?imageView2/2/w/80/format/jpg,570,262,42,15,穿搭,https://www.xiaohongshu.com/explore/68a6f57a000000001c034c0a?xsec_token=ABDhwHucPIPOhFmcNMS5k_wdVKhZZT8nHpkGZISOpWsVA=
6a1c30b8000000003601cd8a,ABCUat1hgNz1bFk1mbmjBKBUH1C0ZIrlKHmFcU6Vgw5Hs=,千禧古早味清冷感松弛感穿搭,鹿先生,https://sns-avatar-qc.xhscdn.com/avatar/607ae2d9a8c58bc64565dcfe.jpg?imageView2/2/w/80/format/jpg,4545,1707,11,154,穿搭,https://www.xiaohongshu.com/explore/68a6f57a000000001c034c0a?xsec_token=ABCUat1hgNz1bFk1mbmjBKBUH1C0ZIrlKHmFcU6Vgw5Hs=
6a47daf30000000008002819,ABhOMgTwFUr3sCBRY75US3lTVj_d2sV5xYu4auMkM31pE=,四十岁的小姨 也太会打扮了,小青的衣橱记.,https://sns-avatar-qc.xhscdn.com/avatar/1040g2jo31k22krdb30005q36lb6ms42erbu97ho?imageView2/2/w/80/format/jpg,165,98,12,9,穿搭,https://www.xiaohongshu.com/explore/68a6f57a000000001c034c0a?xsec_token=ABhOMgTwFUr3sCBRY75US3lTVj_d2sV5xYu4auMkM31pE=
69ef7499000000002202478e,ABn7TdgexYi_jlImARCf9Znua_A78r-HILZf7oukmSVsY=,OOTD｜夏季韩系穿搭,妍儿穿搭酱🍒,https://sns-avatar-qc.xhscdn.com/avatar/5e401cc9bcad070001e1bd4a.jpg?imageView2/2/w/80/format/jpg,1682,815,77,296,穿搭,https://www.xiaohongshu.com/explore/68a6f57a000000001c034c0a?xsec_token=ABn7TdgexYi_jlImARCf9Znua_A78r-HILZf7oukmSVsY=
68e0dd64000000000303579d,AB1TZl7bIH0TQdGzE-T-bHnocpiSwPLJuLrW73WSE7cLM=,赵露思你怎么能牛仔裤都能穿的这么好看,PeaceAndLove,https://sns-avatar-qc.xhscdn.com/avatar/1040g2jo31nfbcmqrl8005of9bin413sbakgkmk0?imageView2/2/w/80/format/jpg,5644,2517,43,434,穿搭,https://www.xiaohongshu.com/explore/68a6f57a000000001c034c0a?xsec_token=AB1TZl7bIH0TQdGzE-T-bHnocpiSwPLJuLrW73WSE7cLM=
6a17b00c0000000007013b46,ABdzvHzGu34bWPtuvSw0mFnejT8L2dtwXjAs_8CncHXhs=,40套夏日穿搭指南～跟着博主学穿搭,荔枝只只,https://sns-avatar-qc.xhscdn.com/avatar/1040g2jo30pu7bi0l6m605om2oq05aigbn27jqa0?imageView2/2/w/80/format/jpg,657,218,112,251,穿搭,https://www.xiaohongshu.com/explore/68a6f57a000000001c034c0a?xsec_token=ABdzvHzGu34bWPtuvSw0mFnejT8L2dtwXjAs_8CncHXhs=
6a3d1e46000000000f00457c,ABlUFLw-UqmoLIaSlJDaOJ8fUJwzISbojFBfhBfzrrc98=,夏日穿搭～好显身材的包臀裙啊！,星星睡不醒,https://sns-avatar-qc.xhscdn.com/avatar/1040g2jo30pc9do0lk2005odn59o41g7hgg6k4eo?imageView2/2/w/80/format/jpg,107,50,1,11,穿搭,https://www.xiaohongshu.com/explore/68a6f57a000000001c034c0a?xsec_token=ABlUFLw-UqmoLIaSlJDaOJ8fUJwzISbojFBfhBfzrrc98=
6a0073a700000000060304e0,ABRNeOtWhbdXD0kW18SasqicbSTVz6gEVicnxUHHBQLVU=,OOTD｜古早味穿搭,妍儿穿搭酱🍒,https://sns-avatar-qc.xhscdn.com/avatar/5e401cc9bcad070001e1bd4a.jpg?imageView2/2/w/80/format/jpg,904,363,9,114,穿搭,https://www.xiaohongshu.com/explore/68a6f57a000000001c034c0a?xsec_token=ABRNeOtWhbdXD0kW18SasqicbSTVz6gEVicnxUHHBQLVU=
68f24c87000000000703a048,ABN8xzi6E88nFnLE9Qde5rFGyvCeu7qirtcKPh_i2BzeA=,每天认识一个品牌Day50｜VOCK,香草拿铁,https://sns-avatar-qc.xhscdn.com/avatar/1040g2jo31ktig8o02g005pctbm08isn9m2amrno?imageView2/2/w/80/format/jpg,2611,1393,5,335,穿搭,https://www.xiaohongshu.com/explore/68a6f57a000000001c034c0a?xsec_token=ABN8xzi6E88nFnLE9Qde5rFGyvCeu7qirtcKPh_i2BzeA=
6a104fcd00000000070282dd,ABKFW0axtVg-ShumtuPGuooWRg0n4wR-g3WyXbNB3eXCk=,今天穿什么,我系漏漏,https://sns-avatar-qc.xhscdn.com/avatar/1040g2jo31b7n444dne0049oumv9pqb52g6g1ulo?imageView2/2/w/80/format/jpg,1008,170,10,29,穿搭,https://www.xiaohongshu.com/explore/68a6f57a000000001c034c0a?xsec_token=ABKFW0axtVg-ShumtuPGuooWRg0n4wR-g3WyXbNB3eXCk=
69aa6afb000000001b01cc00,ABjaALyyHMIZUMnLpUPgQvQtqSbYiSHp7o2PHmBackIqw=,打工人一周穿搭合集~,今天爆爆,https://sns-avatar-qc.xhscdn.com/avatar/1040g2jo31tas4iam68d05p4u7kvap2gg6iu9pq0?imageView2/2/w/80/format/jpg,46,12,2,15,穿搭,https://www.xiaohongshu.com/explore/68a6f57a000000001c034c0a?xsec_token=ABjaALyyHMIZUMnLpUPgQvQtqSbYiSHp7o2PHmBackIqw=
6a2279c90000000037037a92,ABQR--UYIGb5ica6qvGSWCdMG9UA7kYzoSmMPbneplN9E=,夏季穿搭合集12套！！,iamxixi,https://sns-avatar-qc.xhscdn.com/avatar/1040g2jo31nc9ivcfl8105pu0114jjkom3tulsag?imageView2/2/w/80/format/jpg,15016,6426,177,1137,穿搭,https://www.xiaohongshu.com/explore/68a6f57a000000001c034c0a?xsec_token=ABQR--UYIGb5ica6qvGSWCdMG9UA7kYzoSmMPbneplN9E=
6879bd7700000000100129a8,ABeDOaBbnziUWVPFZgnWmJXsm1j2ZD4MJerPX8brxZKYY=,通勤上班梨形小个子女生显高万能公式,小官教你学穿搭,https://sns-avatar-qc.xhscdn.com/avatar/5e436dda1d314d0001e8ba92.jpg?imageView2/2/w/80/format/jpg,3735,2862,67,1551,穿搭,https://www.xiaohongshu.com/explore/68a6f57a000000001c034c0a?xsec_token=ABeDOaBbnziUWVPFZgnWmJXsm1j2ZD4MJerPX8brxZKYY=
6a47849a000000001c026d0f,ABhOMgTwFUr3sCBRY75US3lV7kauMKcCcnO1w3QGdG1bk=,通勤高智感穿搭｜简约版型穿出松弛精英气质,中森小明菜,https://sns-avatar-qc.xhscdn.com/avatar/650c6cf3abda9602114ec780.jpg?imageView2/2/w/80/format/jpg,219,121,5,9,穿搭,https://www.xiaohongshu.com/explore/68a6f57a000000001c034c0a?xsec_token=ABhOMgTwFUr3sCBRY75US3lV7kauMKcCcnO1w3QGdG1bk=
6a242ca7000000000603707e,ABHq5l2vuFHksKTuZ29IguCjWkc25LcJS5jA_u0fO50B0=,30+女生夏季高质感衣橱｜18套欧美基础款穿搭,MIA通勤基础款衣橱,https://sns-avatar-qc.xhscdn.com/avatar/1040g2jo320pd7ggnm8005nqod2igbhutkdh880o?imageView2/2/w/80/format/jpg,709,669,11,46,穿搭,https://www.xiaohongshu.com/explore/68a6f57a000000001c034c0a?xsec_token=ABHq5l2vuFHksKTuZ29IguCjWkc25LcJS5jA_u0fO50B0=
69f32d1d0000000035025b26,ABMkZitvkbK6lhD7udikvAbDIbg3i2gmVC2a_3b4ocGa4=,𝗦𝗽𝗿𝗶𝗻𝗴🌸,朱珠ZhuZhu,https://sns-avatar-qc.xhscdn.com/avatar/5b42ea79d2c8a5786ab78196.jpg?imageView2/2/w/80/format/jpg,31846,1595,970,673,穿搭,https://www.xiaohongshu.com/explore/68a6f57a000000001c034c0a?xsec_token=ABMkZitvkbK6lhD7udikvAbDIbg3i2gmVC2a_3b4ocGa4=
6889f1420000000023024e3e,ABhmLaf24LAPnkZ9-lHaS0dO6iJK-oH5JtzXp5aDVtIEw=,当普通男生开始尝试韩系穿搭！！,cuibuju,https://sns-avatar-qc.xhscdn.com/avatar/1040g2jo3159086ta1e0g5nk7t2fg8geeuf1n3r0?imageView2/2/w/80/format/jpg,158,69,4,52,穿搭,https://www.xiaohongshu.com/explore/68a6f57a000000001c034c0a?xsec_token=ABhmLaf24LAPnkZ9-lHaS0dO6iJK-oH5JtzXp5aDVtIEw=
6a35e876000000001702c6db,ABiiEONr4U1m0VY61LOU4_NqyvGMiFATzpi8BGa9rJrWo=,感受夏天💭🫧,不吃胡萝卜,https://sns-avatar-qc.xhscdn.com/avatar/63c85a4ba917bccf04ec733d.jpg?imageView2/2/w/80/format/jpg,786,221,18,29,穿搭,https://www.xiaohongshu.com/explore/68a6f57a000000001c034c0a?xsec_token=ABiiEONr4U1m0VY61LOU4_NqyvGMiFATzpi8BGa9rJrWo=
6a166d0f0000000007024a7f,ABBgtYtp5vdypXEHpXVb4_QpQHvAwDEZgvTQ2JCXd-pNs=,我的旅行穿搭 在哪儿都要明媚！,penghunana,https://sns-avatar-qc.xhscdn.com/avatar/1040g2jo31pcs74m8is0g4a17rm0onbmm23n0sj8?imageView2/2/w/80/format/jpg,4650,1989,203,270,穿搭,https://www.xiaohongshu.com/explore/68a6f57a000000001c034c0a?xsec_token=ABBgtYtp5vdypXEHpXVb4_QpQHvAwDEZgvTQ2JCXd-pNs=
6a50549d000000000602086b,ABLF0fX3JyGHE2zHq8HaATLduGc1UmDGMyTzBUETgPll8=,赵露思穿搭万能公式,心碎的小蛋挞,https://sns-avatar-qc.xhscdn.com/avatar/1040g2jo31mihql4jli005p8ittk8ssd24bq5phg?imageView2/2/w/80/format/jpg,30,11,0,4,穿搭,https://www.xiaohongshu.com/explore/68a6f57a000000001c034c0a?xsec_token=ABLF0fX3JyGHE2zHq8HaATLduGc1UmDGMyTzBUETgPll8=
6a390eb5000000001603ff0e,ABCFDiwoBbDPLEQ1MbYcjF26F0Qy0_sM3QKCQnvYqmLBA=,电梯检阅｜高智感的复古胶囊衣橱,豌豆罐头,https://sns-avatar-qc.xhscdn.com/avatar/1040g2jo31cgng4fah0004427qjunb35vvoqns88?imageView2/2/w/80/format/jpg,836,344,23,91,穿搭,https://www.xiaohongshu.com/explore/68a6f57a000000001c034c0a?xsec_token=ABCFDiwoBbDPLEQ1MbYcjF26F0Qy0_sM3QKCQnvYqmLBA=
6a22d13b0000000020039917,ABQR--UYIGb5ica6qvGSWCdLmjP_ZCTECzgRYaosmjyvg=,浪漫粉色系🖤🩷是夏天的调调～,小乔178,https://sns-avatar-qc.xhscdn.com/avatar/624877984db09947b6d5379c.jpg?imageView2/2/w/80/format/jpg,422,240,41,32,穿搭,https://www.xiaohongshu.com/explore/68a6f57a000000001c034c0a?xsec_token=ABQR--UYIGb5ica6qvGSWCdLmjP_ZCTECzgRYaosmjyvg=
69f9d8640000000035027a07,ABThv7KwrJWX9cw-m7RSkB7xfKOm3SkMVU3CK80qf81RU=,牛仔短裙夏日辣妹穿搭,恩拉,https://sns-avatar-qc.xhscdn.com/avatar/1040g2jo31a8ev5uvmu0g4akufj8mi2sncvl62kg?imageView2/2/w/80/format/jpg,1966,894,14,118,穿搭,https://www.xiaohongshu.com/explore/68a6f57a000000001c034c0a?xsec_token=ABThv7KwrJWX9cw-m7RSkB7xfKOm3SkMVU3CK80qf81RU=
69ebaf98000000001f004b1a,AB3xmkKJ126-yfh3vQqqUVClnTi9RAfMefSswgVfBCUAc=,谁懂啊！通勤轻奢夏装也太好穿了✨,我是小Y,https://sns-avatar-qc.xhscdn.com/avatar/1040g2jo31v6e59sdia004a5smoi0qm9vc6i3r18?imageView2/2/w/80/format/jpg,617,235,21,89,穿搭,https://www.xiaohongshu.com/explore/68a6f57a000000001c034c0a?xsec_token=AB3xmkKJ126-yfh3vQqqUVClnTi9RAfMefSswgVfBCUAc=
6a215d8b0000000022028c5b,ABzgGNxjlWs2g0N-8ypNHIZ5XxnLQO20vFsj_xD0OIpjg=,属于甜辣女孩👧的夏天,小梁同学✨,https://sns-avatar-qc.xhscdn.com/avatar/1040g2jo320rrsabnle6g5ok6sbg8c6k6s333reo?imageView2/2/w/80/format/jpg,358,119,39,89,穿搭,https://www.xiaohongshu.com/explore/68a6f57a000000001c034c0a?xsec_token=ABzgGNxjlWs2g0N-8ypNHIZ5XxnLQO20vFsj_xD0OIpjg=
68c13ef5000000001d027002,ABfj61s8GN8XL0EWTWbw66p_xep2gH2ENQARboRP7mPbY=,女明星中的时髦尖子生，宋妍霏穿搭很有看头,时尚蜗牛,https://sns-avatar-qc.xhscdn.com/avatar/63f0c367f291fa54a882b761.jpg?imageView2/2/w/80/format/jpg,1547,753,16,71,穿搭,https://www.xiaohongshu.com/explore/68a6f57a000000001c034c0a?xsec_token=ABfj61s8GN8XL0EWTWbw66p_xep2gH2ENQARboRP7mPbY=
6a5b421c000000000903581f,ABEAgP4coJ8pvXgDzq8_zpaMJXKGMOONDf33OrKpewnMc=,模特穿搭·,98.,https://sns-avatar-qc.xhscdn.com/avatar/1040g2jo31vun46l7ia004a4edvenmfolhjbgh80?imageView2/2/w/80/format/jpg,5,2,0,0,穿搭,https://www.xiaohongshu.com/explore/68a6f57a000000001c034c0a?xsec_token=ABEAgP4coJ8pvXgDzq8_zpaMJXKGMOONDf33OrKpewnMc=
69fb5005000000003701f16b,ABgjaG56G15YKDN_5lp5F2JsUciwxD-sFJ9neyhEMdu08=,⚪️审美积累No.47 | 她真的好会穿啊,小田今天学化妆,https://sns-avatar-qc.xhscdn.com/avatar/1040g2jo321brs9h87u005p9lqbth18gjfc97fr8?imageView2/2/w/80/format/jpg,5529,3514,112,545,穿搭,https://www.xiaohongshu.com/explore/68a6f57a000000001c034c0a?xsec_token=ABgjaG56G15YKDN_5lp5F2JsUciwxD-sFJ9neyhEMdu08=
6a1156540000000006033161,ABrXUjG2tWF5CK71pLXxaPCzIwhx8QcSXyO9KXfe4qTWc=,colorfit📝一周辣妹穿搭合集！！！,火火Land,https://sns-avatar-qc.xhscdn.com/avatar/1040g2jo31hmses31jo005p9j76fao02o3st5i6o?imageView2/2/w/80/format/jpg,210,76,15,19,穿搭,https://www.xiaohongshu.com/explore/68a6f57a000000001c034c0a?xsec_token=ABrXUjG2tWF5CK71pLXxaPCzIwhx8QcSXyO9KXfe4qTWc=
6a4a2e770000000008000771,ABtPYiXblrkg46zuTjbCtOvR_C1iLzeMXE56kn431onNI=,POV：你需要搭配靴子的简约设计感穿搭🤍,y6ughd,https://sns-avatar-qc.xhscdn.com/avatar/1040g2jo31vcb2386iq004a61ber35hpp2dkqb2g?imageView2/2/w/80/format/jpg,1500,517,11,65,穿搭,https://www.xiaohongshu.com/explore/68a6f57a000000001c034c0a?xsec_token=ABtPYiXblrkg46zuTjbCtOvR_C1iLzeMXE56kn431onNI=
688249e5000000002400c352,ABkayhuPj0vepmltmEO0F0L_wclEIRobl9ZETaxL2-pmM=,一周的穿搭小合集～,蓝涩,https://sns-avatar-qc.xhscdn.com/avatar/616fc1e16a39bedc09c0f89e.jpg?imageView2/2/w/80/format/jpg,3199,865,70,135,穿搭,https://www.xiaohongshu.com/explore/68a6f57a000000001c034c0a?xsec_token=ABkayhuPj0vepmltmEO0F0L_wclEIRobl9ZETaxL2-pmM=
66c69d61000000001d039ab5,ABx8g2ExXUMJA9LxAfZRGiMCkkpL6vz9YfhMm3Lf_wpEo=,极简穿搭合集🧃,Missyaa,https://sns-avatar-qc.xhscdn.com/avatar/1040g2jo31coajircgk004a1cvlah89o95hiuuq8?imageView2/2/w/80/format/jpg,9643,1715,231,878,穿搭,https://www.xiaohongshu.com/explore/68a6f57a000000001c034c0a?xsec_token=ABx8g2ExXUMJA9LxAfZRGiMCkkpL6vz9YfhMm3Lf_wpEo=
69f9ec6b000000001a036836,ABThv7KwrJWX9cw-m7RSkB7yGSKE6TNjuX955ZkO8al_I=,轻熟风穿搭合集,蕾Ray,https://sns-avatar-qc.xhscdn.com/avatar/1040g2jo31qvbej38no6g5q6hevqolsbuqg0sjo8?imageView2/2/w/80/format/jpg,118,39,6,27,穿搭,https://www.xiaohongshu.com/explore/68a6f57a000000001c034c0a?xsec_token=ABThv7KwrJWX9cw-m7RSkB7yGSKE6TNjuX955ZkO8al_I=
6a5a3986000000000a0380ce,ABt_ribSGvPgOmFMVE85lfRQ6hVJ8HrIB7JmuvFFO_B4k=,左滑看我穿搭,虽然很芭乐,https://sns-avatar-qc.xhscdn.com/avatar/1040g2jo3229fun0l7k6g5q04pj53jgr239kf8b0?imageView2/2/w/80/format/jpg,47,7,1,0,穿搭,https://www.xiaohongshu.com/explore/68a6f57a000000001c034c0a?xsec_token=ABt_ribSGvPgOmFMVE85lfRQ6hVJ8HrIB7JmuvFFO_B4k=
6a4ddd9c000000001502618b,ABgh1mbI-VWRMlTQ8sIpYzDr3yQ5_1TZBLjBjXPQY6hu0=,ootd｜碎花裙穿搭,小嘉嘉,https://sns-avatar-qc.xhscdn.com/avatar/1040g2jo321oih1ia7a004bulifis5aa7g32511o?imageView2/2/w/80/format/jpg,5605,1191,132,420,穿搭,https://www.xiaohongshu.com/explore/68a6f57a000000001c034c0a?xsec_token=ABgh1mbI-VWRMlTQ8sIpYzDr3yQ5_1TZBLjBjXPQY6hu0=
6a335c53000000000d00bc00,ABgRFviqFOPfFVZPA0zXoMGIdifBrPergWGBDCHwN8jLY=,32套|🍮基础穿搭日常～好喜欢夏天,桃叽瑶瑶,https://sns-avatar-qc.xhscdn.com/avatar/1040g2jo31vqrht64i06g5qfe3itjej01bqecbr8?imageView2/2/w/80/format/jpg,525,214,11,65,穿搭,https://www.xiaohongshu.com/explore/68a6f57a000000001c034c0a?xsec_token=ABgRFviqFOPfFVZPA0zXoMGIdifBrPergWGBDCHwN8jLY=
6a5b13f1000000000f01731c,ABEAgP4coJ8pvXgDzq8_zpaAn5ZA5f5qXvRw_Eid0g9Ao=,认真记录菠萝的每一套｜穿搭日记02,小菠萝成长日记,https://sns-avatar-qc.xhscdn.com/avatar/1040g2jo322ng5kion20g5omd5vn3hkp1b0beq70?imageView2/2/w/80/format/jpg,5,1,0,0,穿搭,https://www.xiaohongshu.com/explore/68a6f57a000000001c034c0a?xsec_token=ABEAgP4coJ8pvXgDzq8_zpaAn5ZA5f5qXvRw_Eid0g9Ao=
6a314fe50000000006020db8,ABTMymwRURqrOLxDws-cd_09OkXGVv6cRgjEvlZ1HAjng=,国企通勤 被自己美到了！法式花花裙好温柔～,linn,https://sns-avatar-qc.xhscdn.com/avatar/1040g2jo31ka7nbnoiu0g5nkburcg8nqgl83mb6o?imageView2/2/w/80/format/jpg,231,92,16,8,穿搭,https://www.xiaohongshu.com/explore/68a6f57a000000001c034c0a?xsec_token=ABTMymwRURqrOLxDws-cd_09OkXGVv6cRgjEvlZ1HAjng=
6a54b862000000000702374f,ABPR2xrI6XFYqwMGOpEhVTfcdkR_dAou00a6N_mOA8two=,99套合集｜最舒服的穿搭配色-深色系,潮流米古,https://sns-avatar-qc.xhscdn.com/avatar/695dfe940c875af3ba5ce8c8.jpg?imageView2/2/w/80/format/jpg,118,124,2,6,穿搭,https://www.xiaohongshu.com/explore/68a6f57a000000001c034c0a?xsec_token=ABPR2xrI6XFYqwMGOpEhVTfcdkR_dAou00a6N_mOA8two=
69c67644000000001a02c007,AB8c-kOO1cPXyCJggQQ6eA41WuIBzJ9xqbzk-T10X4Dn8=,地铁站的氛围感📷,我是小鱼,https://sns-avatar-qc.xhscdn.com/avatar/seller_697d4ffc609df50001ca0844?imageView2/2/w/80/format/jpg,666,209,38,31,穿搭,https://www.xiaohongshu.com/explore/68a6f57a000000001c034c0a?xsec_token=AB8c-kOO1cPXyCJggQQ6eA41WuIBzJ9xqbzk-T10X4Dn8=
6a145a790000000035029c33,ABksx3EeNDhfjF8xo9IFSwrGVjfXkvLrZjHqULC4op_Bc=,一周穿搭合集✖️6️⃣,olaililke,https://sns-avatar-qc.xhscdn.com/avatar/1040g2jo31qmeo24r0m0g5pojtfdnc3fvc3mle90?imageView2/2/w/80/format/jpg,334,103,6,20,穿搭,https://www.xiaohongshu.com/explore/68a6f57a000000001c034c0a?xsec_token=ABksx3EeNDhfjF8xo9IFSwrGVjfXkvLrZjHqULC4op_Bc=
6a33d3900000000011005e0d,ABgRFviqFOPfFVZPA0zXoMGMuPXjVjAhlHX3y0g7CbhYY=,春日通勤穿搭✨不费力时髦,九儿的穿搭,https://sns-avatar-qc.xhscdn.com/avatar/1040g2jo321eh2o7fn2005pjivdjgu14kh0ukn4g?imageView2/2/w/80/format/jpg,288,146,3,118,穿搭,https://www.xiaohongshu.com/explore/68a6f57a000000001c034c0a?xsec_token=ABgRFviqFOPfFVZPA0zXoMGMuPXjVjAhlHX3y0g7CbhYY=
69fd408d000000003502c37f,ABaqbqG8RBpToh2gLxdwuu2hPb9OyG2BeClHb1trKUXuo=,米白色醋酸裙的高级感穿搭公式,草莓搭搭,https://sns-avatar-qc.xhscdn.com/avatar/1040g2jo31eeij4nu0e005n326ro4l4njo8hgcu0?imageView2/2/w/80/format/jpg,1836,912,8,487,穿搭,https://www.xiaohongshu.com/explore/68a6f57a000000001c034c0a?xsec_token=ABaqbqG8RBpToh2gLxdwuu2hPb9OyG2BeClHb1trKUXuo=
69ef6179000000003502755d,ABn7TdgexYi_jlImARCf9Znt0sTwvkh2xfwKnlvpNi8SQ=,香港博主Jenny Tsang的基础款穿搭2025春夏,N+1,https://sns-avatar-qc.xhscdn.com/avatar/1040g2jo31vfgq95qis004a729ku4ietcjo9oso0?imageView2/2/w/80/format/jpg,819,712,11,72,穿搭,https://www.xiaohongshu.com/explore/68a6f57a000000001c034c0a?xsec_token=ABn7TdgexYi_jlImARCf9Znt0sTwvkh2xfwKnlvpNi8SQ=
6a1eaff0000000003700e769,ABEUnMb0K94rO415NeW0VI8BFdGpEc345sFA5U3w1FIGE=,夏天穿搭性感不低俗？抄这几套❗,i酸辣烫（变美版）,https://sns-avatar-qc.xhscdn.com/avatar/1040g2jo31u701rt3io5g4b4lgl88q9ll0rg1uu0?imageView2/2/w/80/format/jpg,525,481,2,81,穿搭,https://www.xiaohongshu.com/explore/68a6f57a000000001c034c0a?xsec_token=ABEUnMb0K94rO415NeW0VI8BFdGpEc345sFA5U3w1FIGE=
6a03345e0000000035025fab,ABHhzRNzR8nmtHlNz4KnHfglJvM5WFOlksiV9hlIwl7cw=,8套韩系基础款穿搭｜打工人通勤穿搭🩶,南方小土豆,https://sns-avatar-qc.xhscdn.com/avatar/1040g2jo31rbpcdgv6u004a48ju905d91o4qdr60?imageView2/2/w/80/format/jpg,52,41,5,6,穿搭,https://www.xiaohongshu.com/explore/68a6f57a000000001c034c0a?xsec_token=ABHhzRNzR8nmtHlNz4KnHfglJvM5WFOlksiV9hlIwl7cw=
6a4506600000000007029d22,AB36IyAedIoclyXkvLQrOd1K0iQ5KetrNgisYeo9-4q3M=,松弛感穿搭｜打工人懒人OOTD,是麻酱呀！是个穿搭怪,https://sns-avatar-qc.xhscdn.com/avatar/1040g2jo320j5506a6800493ckdjfacgi8d0ihd0?imageView2/2/w/80/format/jpg,36,19,1,3,穿搭,https://www.xiaohongshu.com/explore/68a6f57a000000001c034c0a?xsec_token=AB36IyAedIoclyXkvLQrOd1K0iQ5KetrNgisYeo9-4q3M=
69f1d93e0000000037035a55,ABI_1KySTbJ-o1xBwZTeUewU_mzqiH0ghaYKo8swbr2nE=,madenothing 201原牛我愿称之为神裤！,正在舒入,https://sns-avatar-qc.xhscdn.com/avatar/1040g2jo321936vjfnu005nff58cg8da9q88iv0o?imageView2/2/w/80/format/jpg,28,4,6,2,穿搭,https://www.xiaohongshu.com/explore/68a6f57a000000001c034c0a?xsec_token=ABI_1KySTbJ-o1xBwZTeUewU_mzqiH0ghaYKo8swbr2nE=
69d0d334000000001a035264,AB4xtKtiHRHFGAQ5zyJDEQWL583_o-wr7NMm1W4BdKhs0=,男生穿搭的尽头是黑T+牛仔裤👖,Liny01,https://sns-avatar-qc.xhscdn.com/avatar/1040g2jo31u71om74ig005n7rrdc5nj1t3j1m9ko?imageView2/2/w/80/format/jpg,809,271,58,302,穿搭,https://www.xiaohongshu.com/explore/68a6f57a000000001c034c0a?xsec_token=AB4xtKtiHRHFGAQ5zyJDEQWL583_o-wr7NMm1W4BdKhs0=
68d66040000000000e00c9e8,ABMiMLZJc7WwVwfRwVOMQoYpNVWAtC7MzpXS0eBkbezKE=,又美又时尚完全爱住📸我的2025穿搭灵感,付付要暴富,https://sns-avatar-qc.xhscdn.com/avatar/1040g2jo31mt20hgrl8005q3sumf792399vth8pg?imageView2/2/w/80/format/jpg,120,56,2,4,穿搭,https://www.xiaohongshu.com/explore/68a6f57a000000001c034c0a?xsec_token=ABMiMLZJc7WwVwfRwVOMQoYpNVWAtC7MzpXS0eBkbezKE=
69e238a8000000002200cc26,ABz7Kr8WTIIkLst297mzTLZggw9IToJ1Vf4higV0wobMQ=,白蕾丝上衣×牛仔裤，甜辣氛围感,恩拉,https://sns-avatar-qc.xhscdn.com/avatar/1040g2jo31a8ev5uvmu0g4akufj8mi2sncvl62kg?imageView2/2/w/80/format/jpg,991,446,2,76,穿搭,https://www.xiaohongshu.com/explore/68a6f57a000000001c034c0a?xsec_token=ABz7Kr8WTIIkLst297mzTLZggw9IToJ1Vf4higV0wobMQ=
6a40c6e80000000016027e09,ABZHvGOCF1Qb1O0LuTMh262e0qJH1BFeFdbDazv9FjO4E=,当肌肉女穿上裙子,白皮辣妹阿土,https://sns-avatar-qc.xhscdn.com/avatar/614dd0335e271895e03803c9.jpg?imageView2/2/w/80/format/jpg,10957,973,234,690,穿搭,https://www.xiaohongshu.com/explore/68a6f57a000000001c034c0a?xsec_token=ABZHvGOCF1Qb1O0LuTMh262e0qJH1BFeFdbDazv9FjO4E=
6a1582e7000000003502c9d2,ABWqcg0s8aCPtNjmIGArI3N5pEDcEOXNUxqHxmPgtjD74=,30+男生通勤｜一周穿搭合集,新成,https://sns-avatar-qc.xhscdn.com/avatar/1040g2jo30v98eokplc0g5p6ab6o2pa9ur41ua6o?imageView2/2/w/80/format/jpg,1043,506,95,693,穿搭,https://www.xiaohongshu.com/explore/68a6f57a000000001c034c0a?xsec_token=ABWqcg0s8aCPtNjmIGArI3N5pEDcEOXNUxqHxmPgtjD74=
69c27423000000002200e104,ABxC6r9nPq0EU7P3fOQQIHfSGuRV5XIbw41oqeZjs2NIo=,谁懂！简单穿搭的高级感,胖胖桔🍊和休休李,https://sns-avatar-qc.xhscdn.com/avatar/1040g2jo31tcat7426e005p9j4j4ajeg4u8rrnn8?imageView2/2/w/80/format/jpg,72,56,6,4,穿搭,https://www.xiaohongshu.com/explore/68a6f57a000000001c034c0a?xsec_token=ABxC6r9nPq0EU7P3fOQQIHfSGuRV5XIbw41oqeZjs2NIo=
69f83e6f000000003703406e,ABrjl7OGYjAGhL1qj9M6xVjl4HVY6ZFdAi8inwlryUrYg=,真正的贵气不需要穿金戴银,梦梦服饰,https://sns-avatar-qc.xhscdn.com/avatar/1040g2jo31ri6pdo1g0505povb1dnc9rh3f93mqo?imageView2/2/w/80/format/jpg,1226,1465,11,138,穿搭,https://www.xiaohongshu.com/explore/68a6f57a000000001c034c0a?xsec_token=ABrjl7OGYjAGhL1qj9M6xVjl4HVY6ZFdAi8inwlryUrYg=
6a1bad03000000003601bc92,ABSltn_9ssAysVFr2_pog0ZRA7sflOWTAG4lNtDMgAvbg=,简单干净才是夏日标配🌿,莉莉吖,https://sns-avatar-qc.xhscdn.com/avatar/1040g2jo31v4lnp892a0g5n5ca1343kkju357k48?imageView2/2/w/80/format/jpg,103,50,9,37,穿搭,https://www.xiaohongshu.com/explore/68a6f57a000000001c034c0a?xsec_token=ABSltn_9ssAysVFr2_pog0ZRA7sflOWTAG4lNtDMgAvbg=
69fb3b5a00000000350327de,ABgjaG56G15YKDN_5lp5F2Jmuf-DizEfaubjkOoWIGpUU=,跟着女明星学穿搭❗️,夏沫不姓夏,https://sns-avatar-qc.xhscdn.com/avatar/1040g2jo30rt5l0b6ii005p81foc14oh9t3gdeuo?imageView2/2/w/80/format/jpg,935,367,12,33,穿搭,https://www.xiaohongshu.com/explore/68a6f57a000000001c034c0a?xsec_token=ABgjaG56G15YKDN_5lp5F2Jmuf-DizEfaubjkOoWIGpUU=
6a26d8bf000000002100b98c,ABKotL-IqqfFNusWd8eWKZTqbY9Av2naiRHYZKMGpqklo=,一件白T｜36套普通人直接照抄,零零的穿搭分享,https://sns-avatar-qc.xhscdn.com/avatar/1040g2jo320fmkh6r62005q75om4dogkho2hkprg?imageView2/2/w/80/format/jpg,215,195,6,32,穿搭,https://www.xiaohongshu.com/explore/68a6f57a000000001c034c0a?xsec_token=ABKotL-IqqfFNusWd8eWKZTqbY9Av2naiRHYZKMGpqklo=
68a71d60000000001d02325b,ABHBlGp64T2ivwMg8FMvQn5XjZjYcTz5MEoka2CjBkDPA=,谁的12套法式复古少女穿搭！？,Hope✨,https://sns-avatar-qc.xhscdn.com/avatar/1040g2jo31l9c9681l8005pqvhjim3i68jpktlng?imageView2/2/w/80/format/jpg,1487,869,13,253,穿搭,https://www.xiaohongshu.com/explore/68a6f57a000000001c034c0a?xsec_token=ABHBlGp64T2ivwMg8FMvQn5XjZjYcTz5MEoka2CjBkDPA=
672213ed000000001a01d7a0,ABnpQKfoF0QeSDTClxsMrOCPOEZtWv5itXcpUkWFykB18=,最近最需要带出门的就是,曾沛慈,https://sns-avatar-qc.xhscdn.com/avatar/1040g2jo31vcku6mm20005n9lk2klgm9id5736dg?imageView2/2/w/80/format/jpg,1068,50,99,20,穿搭,https://www.xiaohongshu.com/explore/68a6f57a000000001c034c0a?xsec_token=ABnpQKfoF0QeSDTClxsMrOCPOEZtWv5itXcpUkWFykB18=
68693598000000001d00ff4d,ABpLtxKb53VWLtpgvzSvJKIcTSSNoKV_IE8fWNuNLtkXQ=,一周的漂亮衣服合集！,小笙儿,https://sns-avatar-qc.xhscdn.com/avatar/6697c7726b066266c4451db8.jpg?imageView2/2/w/80/format/jpg,10122,4069,154,516,穿搭,https://www.xiaohongshu.com/explore/68a6f57a000000001c034c0a?xsec_token=ABpLtxKb53VWLtpgvzSvJKIcTSSNoKV_IE8fWNuNLtkXQ=
670cc4c5000000001b02f863,ABjGoHGV2kqk_28NQtjMNmMc3dXSX_h6tXmmf9dE0m96M=,🎞️合集！！  你喜欢第几套！！,李饱饱,https://sns-avatar-qc.xhscdn.com/avatar/6125f1dc268ac6a31b78da4d.jpg?imageView2/2/w/80/format/jpg,1607,435,61,112,穿搭,https://www.xiaohongshu.com/explore/68a6f57a000000001c034c0a?xsec_token=ABjGoHGV2kqk_28NQtjMNmMc3dXSX_h6tXmmf9dE0m96M=
69f9e97b0000000036033cdf,ABThv7KwrJWX9cw-m7RSkB7_ARKlRffrUGqk4RhKDOxjg=,176//102斤的腿  简简单单就很气质,谷子美,https://sns-avatar-qc.xhscdn.com/avatar/6410bbf92a05a5c7c47fa042.jpg?imageView2/2/w/80/format/jpg,1385,314,36,79,穿搭,https://www.xiaohongshu.com/explore/68a6f57a000000001c034c0a?xsec_token=ABThv7KwrJWX9cw-m7RSkB7_ARKlRffrUGqk4RhKDOxjg=
68908539000000002203a309,ABtIbcbuvN5tIHwGNSw5YCIu5HMtXoGLxeCyMVgnUYniI=,4⃣️0⃣️套 | 斩女辣妹穿搭分享合集🔗,晚柠,https://sns-avatar-qc.xhscdn.com/avatar/1040g2jo31g5vb30b1u6g5pp342j2199ul1a3pu0?imageView2/2/w/80/format/jpg,4176,1925,14,527,穿搭,https://www.xiaohongshu.com/explore/68a6f57a000000001c034c0a?xsec_token=ABtIbcbuvN5tIHwGNSw5YCIu5HMtXoGLxeCyMVgnUYniI=
6a1bcf670000000008025b73,ABSltn_9ssAysVFr2_pog0ZTkcCQ-Z_w4RiHUVCVOXVL4=,一周穿搭合集（浅色系🍧,星野兔TuT,https://sns-avatar-qc.xhscdn.com/avatar/1040g2jo31tntqv5hn20g49ql1rma3v58mqguqvo?imageView2/2/w/80/format/jpg,82,21,9,7,穿搭,https://www.xiaohongshu.com/explore/68a6f57a000000001c034c0a?xsec_token=ABSltn_9ssAysVFr2_pog0ZTkcCQ-Z_w4RiHUVCVOXVL4=
6a44bfba00000000080013d9,AB7YyCH4EjzQUYvinIPW-S20PggEHM1KopcHsDyHODOQQ=,柳柳同款穿搭 小个子也🉑,沙漠的鲸鱼,https://sns-avatar-qc.xhscdn.com/avatar/6093fa277cc35d2c7fc99acf.jpg?imageView2/2/w/80/format/jpg,394,71,340,193,穿搭,https://www.xiaohongshu.com/explore/68a6f57a000000001c034c0a?xsec_token=AB7YyCH4EjzQUYvinIPW-S20PggEHM1KopcHsDyHODOQQ=
69f07e4c000000003501ce70,ABsxpes8Tq86QvKqjx6mR3P_vjiAddSY9D6slMYNXySJA=,₊˚ 딩동 🎒,chim,https://sns-avatar-qc.xhscdn.com/avatar/1040g2jo316ib0ftn0k0g49p64njafbkrvfusl50?imageView2/2/w/80/format/jpg,1758,574,14,143,穿搭,https://www.xiaohongshu.com/explore/68a6f57a000000001c034c0a?xsec_token=ABsxpes8Tq86QvKqjx6mR3P_vjiAddSY9D6slMYNXySJA=
69af91b30000000022030c79,ABQfp5CEZPhNLJcYsXwjk9egoi8eq7Pk5tkGPZ9PtFz68=,男装店铺合集｜轻熟不油腻｜通勤约会不踩雷,木子维,https://sns-avatar-qc.xhscdn.com/avatar/61dbf34f4ea6806b698f64e4.jpg?imageView2/2/w/80/format/jpg,579,415,5,142,穿搭,https://www.xiaohongshu.com/explore/68a6f57a000000001c034c0a?xsec_token=ABQfp5CEZPhNLJcYsXwjk9egoi8eq7Pk5tkGPZ9PtFz68=
6a15a805000000000803cd6f,ABWqcg0s8aCPtNjmIGArI3N4EVwVB3T8DKqZgVdtVYb2c=,软糯杏色温柔穿搭🤍素雅简约自带高级氛围,栖晚小个子ootd,https://sns-avatar-qc.xhscdn.com/avatar/1040g2jo31v3vni0rii6g5oof8d64hq8dn6unav0?imageView2/2/w/80/format/jpg,68,31,5,6,穿搭,https://www.xiaohongshu.com/explore/68a6f57a000000001c034c0a?xsec_token=ABWqcg0s8aCPtNjmIGArI3N4EVwVB3T8DKqZgVdtVYb2c=
697c5696000000001a01e46a,ABASKgmwMk-kSnwBJw4mljw89fkL4P7WFGv3SzedXH8Fw=,16种女生穿搭风格合集｜一周不重样✨,糯糯家女装,https://sns-avatar-qc.xhscdn.com/avatar/seller_69764b6a289e5a00018d6339?imageView2/2/w/80/format/jpg,1046,501,7,326,穿搭,https://www.xiaohongshu.com/explore/68a6f57a000000001c034c0a?xsec_token=ABASKgmwMk-kSnwBJw4mljw89fkL4P7WFGv3SzedXH8Fw=
69f40a3e0000000036001d5b,ABw9SPQmR1loaygzyFZe0ZOX4L0oAsGWTETErvIFIYF7Y=,最会穿的博主｜夏日穿搭天花板,溯光追光,https://sns-avatar-qc.xhscdn.com/avatar/6710d3c710714ac0368709f6.jpg?imageView2/2/w/80/format/jpg,497,305,1,21,穿搭,https://www.xiaohongshu.com/explore/68a6f57a000000001c034c0a?xsec_token=ABw9SPQmR1loaygzyFZe0ZOX4L0oAsGWTETErvIFIYF7Y=
69ccdd250000000022025a7c,AB90J4xlF1MpH16gabBQfInXp6UJnvMs7VysQzk5gMJdo=,6⃣️套｜春夏简单高级男生穿搭合集～,崔成浩,https://sns-avatar-qc.xhscdn.com/avatar/1040g2jo31ubdo7l32gd05phh5ss0u0sr57tea8o?imageView2/2/w/80/format/jpg,611,351,63,168,穿搭,https://www.xiaohongshu.com/explore/68a6f57a000000001c034c0a?xsec_token=AB90J4xlF1MpH16gabBQfInXp6UJnvMs7VysQzk5gMJdo=
69b7d7d1000000001d018576,AB3r0RwlPxygFmBrryuZ_20BwsfPF0RSmfMNTrWvwzpk8=,夏日日系穿搭合集 通勤日常百搭显瘦不重样,小官教你学穿搭,https://sns-avatar-qc.xhscdn.com/avatar/5e436dda1d314d0001e8ba92.jpg?imageView2/2/w/80/format/jpg,193,85,3,49,穿搭,https://www.xiaohongshu.com/explore/68a6f57a000000001c034c0a?xsec_token=AB3r0RwlPxygFmBrryuZ_20BwsfPF0RSmfMNTrWvwzpk8=
68259a590000000012002084,ABjHcoaAgUdWIAyUIaLURAntW4UACR8oi-kwVNg3XSWVM=,当妈后买衣服 要方便也要漂亮～,落小兔,https://sns-avatar-qc.xhscdn.com/avatar/1040g2jo30ouncqfuju004buerg03749nrd9m0po?imageView2/2/w/80/format/jpg,535,200,56,26,穿搭,https://www.xiaohongshu.com/explore/68a6f57a000000001c034c0a?xsec_token=ABjHcoaAgUdWIAyUIaLURAntW4UACR8oi-kwVNg3XSWVM=
697cba4a000000001a023c94,ABASKgmwMk-kSnwBJw4mljw9XHGzO027VDY8DMQ0jL8_g=,1⃣8⃣套||开始期待夏天的穿搭啦～🌷🫧,一个林妹妹,https://sns-avatar-qc.xhscdn.com/avatar/1040g2jo31faj7gh76o005oucv5u9t358s0k2et8?imageView2/2/w/80/format/jpg,2828,1199,21,179,穿搭,https://www.xiaohongshu.com/explore/68a6f57a000000001c034c0a?xsec_token=ABASKgmwMk-kSnwBJw4mljw9XHGzO027VDY8DMQ0jL8_g=
69671bbb000000000c0364dc,ABe8ullH-co916LpitLHeD2eIZ0RPIpv5MqBBP9zSQGlc=,1️⃣8️⃣套🍃夏季穿搭合集 千金感拉满,禾禾,https://sns-avatar-qc.xhscdn.com/avatar/1040g2jo31r5gvnfqn40g5q8hqahtu401qph6kqo?imageView2/2/w/80/format/jpg,1187,532,18,166,穿搭,https://www.xiaohongshu.com/explore/68a6f57a000000001c034c0a?xsec_token=ABe8ullH-co916LpitLHeD2eIZ0RPIpv5MqBBP9zSQGlc=
69a3d974000000001d026de6,ABFCD_vdfXUemkBRu51dQPNFPTZU0SUsVZ1dDgOqaVpQg=,2026早春穿搭，拒绝不了的时尚感搭配！,许你耀眼🌹,https://sns-avatar-qc.xhscdn.com/avatar/5e900b31d6e3b000019ba4c9.jpg?imageView2/2/w/80/format/jpg,200,100,8,24,穿搭,https://www.xiaohongshu.com/explore/68a6f57a000000001c034c0a?xsec_token=ABFCD_vdfXUemkBRu51dQPNFPTZU0SUsVZ1dDgOqaVpQg=
69ee192b000000003701e064,ABPnaV7SZYHodbkLb8s6tnOYRBEUpo_wdxCyviCzNYSHI=,郑秀妍｜夏天简约老钱风穿搭分享来啦！,爱豆日常私服,https://sns-avatar-qc.xhscdn.com/avatar/61907b48e2df70de3e2a8acd.jpg?imageView2/2/w/80/format/jpg,1740,847,4,114,穿搭,https://www.xiaohongshu.com/explore/68a6f57a000000001c034c0a?xsec_token=ABPnaV7SZYHodbkLb8s6tnOYRBEUpo_wdxCyviCzNYSHI=
6a0c0fb9000000000702ffd5,ABxts88CWRB8ifSKLUr5epruUDy7LjkqAJMyzKhJ5CAiA=,小个子一周穿搭不重样，直接照抄！,衣服搭配研究所,https://sns-avatar-qc.xhscdn.com/avatar/1040g2jo320ac2geo68005q5ff28mbmfsg491n1g?imageView2/2/w/80/format/jpg,343,320,11,36,穿搭,https://www.xiaohongshu.com/explore/68a6f57a000000001c034c0a?xsec_token=ABxts88CWRB8ifSKLUr5epruUDy7LjkqAJMyzKhJ5CAiA=
6a4e2ad800000000210083d0,ABoe9urFr52VXIINk8ahKSRp3HbClPosQX_bM7pW9jTgY=,Ai穿搭来了！,DD-拾光葵,https://sns-avatar-qc.xhscdn.com/avatar/6073156bdca13130aac756d4.jpg?imageView2/2/w/80/format/jpg,187,121,3,9,穿搭,https://www.xiaohongshu.com/explore/68a6f57a000000001c034c0a?xsec_token=ABoe9urFr52VXIINk8ahKSRp3HbClPosQX_bM7pW9jTgY=
6a4115b8000000001101945c,AB39xoXZs_kLq6zvAT6efHXwQAiYR9JS2WkOfP7pgUB34=,zara你给我穿成肯豆了,一条腊肠,https://sns-avatar-qc.xhscdn.com/avatar/1040g2jo3214b13v76s005on96ue7jqrrtre3vrg?imageView2/2/w/80/format/jpg,766,155,26,99,穿搭,https://www.xiaohongshu.com/explore/68a6f57a000000001c034c0a?xsec_token=AB39xoXZs_kLq6zvAT6efHXwQAiYR9JS2WkOfP7pgUB34=
6a0173dd00000000070227f7,ABy36na50b3LfhavzrqKemxX_jLYrtx_VhF1Pg-Q3Fbas=,30+上班穿什么？一周穿搭直接抄作业,米多爱吃米,https://sns-avatar-qc.xhscdn.com/avatar/1040g2jo31q7d7vee7g605o11rkp08p0jdcf6fu8?imageView2/2/w/80/format/jpg,45,39,3,11,穿搭,https://www.xiaohongshu.com/explore/68a6f57a000000001c034c0a?xsec_token=ABy36na50b3LfhavzrqKemxX_jLYrtx_VhF1Pg-Q3Fbas=
6a4cf11e000000000803e3d7,ABIbGE4451ctX4rwHiGOryh6DOkJ-humdI8uumNJ98P-U=,《半熟恋人5》第六期嘉宾穿搭……,Pretty私服穿搭,https://sns-avatar-qc.xhscdn.com/avatar/668547dfb60d8bbbc85323d8.jpg?imageView2/2/w/80/format/jpg,540,186,200,76,穿搭,https://www.xiaohongshu.com/explore/68a6f57a000000001c034c0a?xsec_token=ABIbGE4451ctX4rwHiGOryh6DOkJ-humdI8uumNJ98P-U=
69ea0a920000000012012807,ABrXwExhQasYdX7gx0Dlw5cSSj2Z5SJBiU-LkIiGkV118=,8️⃣套短裙穿搭！已经开始期待夏天啦,就叫小徐吧,https://sns-avatar-qc.xhscdn.com/avatar/1040g2jo31cgmblb7h65g5oh61aqoc8lrvrdfpbo?imageView2/2/w/80/format/jpg,21,6,0,14,穿搭,https://www.xiaohongshu.com/explore/68a6f57a000000001c034c0a?xsec_token=ABrXwExhQasYdX7gx0Dlw5cSSj2Z5SJBiU-LkIiGkV118=
6a164d99000000000803f983,ABBgtYtp5vdypXEHpXVb4_QmO8bOZpaFKXAfxouFQsJIQ=,高级白色质感穿搭,赴一场米约💐,https://sns-avatar-qc.xhscdn.com/avatar/1040g2jo320fnqffrls005qdd9a6cj5mfm64l988?imageView2/2/w/80/format/jpg,3,2,0,2,穿搭,https://www.xiaohongshu.com/explore/68a6f57a000000001c034c0a?xsec_token=ABBgtYtp5vdypXEHpXVb4_QmO8bOZpaFKXAfxouFQsJIQ=
6a193ee1000000003700e4a8,AB62lh0QmAeGiMW1tHl_bW-f9w7FibCCGZNv62q-mX3wE=,夏日降温穿搭～ai手绘风温柔千金ootd,十一上班穿什么,https://sns-avatar-qc.xhscdn.com/avatar/1040g2jo31vptv4umjq0g5qfq1t8gg803s77t4qo?imageView2/2/w/80/format/jpg,1499,853,10,50,穿搭,https://www.xiaohongshu.com/explore/68a6f57a000000001c034c0a?xsec_token=AB62lh0QmAeGiMW1tHl_bW-f9w7FibCCGZNv62q-mX3wE=
6a0fbd900000000006033e52,ABSmVlUyLVxVFVKknKA4VzhERUOzqmBLHDcK05sV1zvY8=,30-40岁夏季有效穿搭：6个实用穿搭公式,陈小琪轻奢女装,https://sns-avatar-qc.xhscdn.com/avatar/5fdd781e4add4200012f5df1.jpg?imageView2/2/w/80/format/jpg,125,98,12,12,穿搭,https://www.xiaohongshu.com/explore/68a6f57a000000001c034c0a?xsec_token=ABSmVlUyLVxVFVKknKA4VzhERUOzqmBLHDcK05sV1zvY8=
68d8ef05000000000b0131c8,ABuOVgrRFFEYh_-vS1tz5szsHgPtUGAvBKROGlMzpkznM=,国庆回家穿哪套！！,星野兔TuT,https://sns-avatar-qc.xhscdn.com/avatar/1040g2jo31tntqv5hn20g49ql1rma3v58mqguqvo?imageView2/2/w/80/format/jpg,1984,496,117,179,穿搭,https://www.xiaohongshu.com/explore/68a6f57a000000001c034c0a?xsec_token=ABuOVgrRFFEYh_-vS1tz5szsHgPtUGAvBKROGlMzpkznM=
687f08d80000000012017608,ABoJGwPTpjzwxvckkL4qs2pRgCoarkPSwi7eV8zbXVdy0=,初秋穿搭思路分享～,太阳西瓜汁,https://sns-avatar-qc.xhscdn.com/avatar/1040g2jo31lmn6gubku0g4bj6ffmdfsc4cmn2ov8?imageView2/2/w/80/format/jpg,87,80,0,13,穿搭,https://www.xiaohongshu.com/explore/68a6f57a000000001c034c0a?xsec_token=ABoJGwPTpjzwxvckkL4qs2pRgCoarkPSwi7eV8zbXVdy0=
6a153f31000000000702b5d1,ABWqcg0s8aCPtNjmIGArI3Nw1Tfdx8S3AwMC6Q5On80zA=,OOTD｜近期穿搭合集,heee_cx,https://sns-avatar-qc.xhscdn.com/avatar/1040g2jo31j47rgdt1c005pdsv463boo7ed4k7t0?imageView2/2/w/80/format/jpg,58,15,0,8,穿搭,https://www.xiaohongshu.com/explore/68a6f57a000000001c034c0a?xsec_token=ABWqcg0s8aCPtNjmIGArI3Nw1Tfdx8S3AwMC6Q5On80zA=
68d2854c000000001301286a,AB1XZ4EFVL8LOWynXNiLC9Q2LeAhgeOMow3-4mZ-NRZUQ=,少女衣橱大放送17.0,Shenghannnn,https://sns-avatar-qc.xhscdn.com/avatar/61e9a683f5274d765323076a.jpg?imageView2/2/w/80/format/jpg,7165,1946,102,174,穿搭,https://www.xiaohongshu.com/explore/68a6f57a000000001c034c0a?xsec_token=AB1XZ4EFVL8LOWynXNiLC9Q2LeAhgeOMow3-4mZ-NRZUQ=
6a55871b000000000f01ffe0,ABNrIU9Kj1LWAoLsud7dCtLEQdEj-BqklMVyDWJu8LG3w=,安静的美：蓝白旗袍穿搭,See U,https://sns-avatar-qc.xhscdn.com/avatar/1040g2jo322bletc970005qd6frs8cp9060sg5h0?imageView2/2/w/80/format/jpg,1991,755,7,51,穿搭,https://www.xiaohongshu.com/explore/68a6f57a000000001c034c0a?xsec_token=ABNrIU9Kj1LWAoLsud7dCtLEQdEj-BqklMVyDWJu8LG3w=
6a3cde2e000000000e038400,ABMMMbyyrH5jQKlQFUak-i0igha623_AKF9h3_IOKumaw=,③②套｜🍊多巴胺夏天穿搭分享🦋,黄了个桃,https://sns-avatar-qc.xhscdn.com/avatar/1040g2jo31vpjk0u6ie5g5qf8pjvpnf5b4o5ngj0?imageView2/2/w/80/format/jpg,371,154,0,23,穿搭,https://www.xiaohongshu.com/explore/68a6f57a000000001c034c0a?xsec_token=ABMMMbyyrH5jQKlQFUak-i0igha623_AKF9h3_IOKumaw=
69e70b9c00000000230159c2,ABJxzYZM8wxibuZ9sj_5bdjMFys8W6lc5fludNfk7WZU4=,夏日极简穿搭｜高挑显瘦天花板,序言XUYAN,https://sns-avatar-qc.xhscdn.com/avatar/1040g2jo31v9oogam2ae05pobpls7c0k7s4jusc8?imageView2/2/w/80/format/jpg,48,9,2,4,穿搭,https://www.xiaohongshu.com/explore/68a6f57a000000001c034c0a?xsec_token=ABJxzYZM8wxibuZ9sj_5bdjMFys8W6lc5fludNfk7WZU4=
69f4350d0000000022024f16,ABw9SPQmR1loaygzyFZe0ZOYRyLfE4egQ5zqL37IQX0do=,告别班味 时髦通勤 💼,XUEYAQING-,https://sns-avatar-qc.xhscdn.com/avatar/1040g2jo31oth1bkt1o004a6p7vkjte8aekpar6o?imageView2/2/w/80/format/jpg,79,40,5,11,穿搭,https://www.xiaohongshu.com/explore/68a6f57a000000001c034c0a?xsec_token=ABw9SPQmR1loaygzyFZe0ZOYRyLfE4egQ5zqL37IQX0do=
6a053c660000000007025989,AB6fydUSmhOSG4lFryYVz53X6VXcPzCRGKI_emvZ87ouY=,谁懂啊！白T恤+牛仔裤的夏天太好穿了✨,知予穿搭集,https://sns-avatar-qc.xhscdn.com/avatar/1040g2jo31va0382q2g6g5nhilnl08m7iuhp5rb0?imageView2/2/w/80/format/jpg,90,21,1,9,穿搭,https://www.xiaohongshu.com/explore/68a6f57a000000001c034c0a?xsec_token=AB6fydUSmhOSG4lFryYVz53X6VXcPzCRGKI_emvZ87ouY=
69de8e4d000000001a02b3dd,ABnCZ7LI9mrAuEGcHARKkGVk_xGYxFq0-gb6s_Xm9_vL8=,今年夏天这么穿✅,DD_：,https://sns-avatar-qc.xhscdn.com/avatar/1040g2jo31kr6798oio005prnh4e63l37beu1hoo?imageView2/2/w/80/format/jpg,221,74,3,60,穿搭,https://www.xiaohongshu.com/explore/68a6f57a000000001c034c0a?xsec_token=ABnCZ7LI9mrAuEGcHARKkGVk_xGYxFq0-gb6s_Xm9_vL8=
6a251e18000000003502a472,ABWlruYc1Pi-3fyiVb4fLffPbiFEAqqwLcHwEjwOExluc=,8套夏日辣妹穿搭｜把街头美式焊在身上！,牛犄角,https://sns-avatar-qc.xhscdn.com/avatar/634045987dc4bc2d26767c31.jpg?imageView2/2/w/80/format/jpg,131,59,1,57,穿搭,https://www.xiaohongshu.com/explore/68a6f57a000000001c034c0a?xsec_token=ABWlruYc1Pi-3fyiVb4fLffPbiFEAqqwLcHwEjwOExluc=
6a20336c0000000022014322,ABma6w5g1GReGUtqqk5Aj-m9J1fJPJTibsTPmydry4GtA=,今天穿什么｜1️⃣2️⃣套耐看干净的运动风,叼个奶嘴走四方,https://sns-avatar-qc.xhscdn.com/avatar/1040g2jo321h7dr507e0g5p3skd843pio25jp9no?imageView2/2/w/80/format/jpg,86,57,2,41,穿搭,https://www.xiaohongshu.com/explore/68a6f57a000000001c034c0a?xsec_token=ABma6w5g1GReGUtqqk5Aj-m9J1fJPJTibsTPmydry4GtA=
6a5218160000000008027d87,AB_7EMKLCtQN--x6uKf4lW8lxkZ6lSyAaB1F3eyF5H6E8=,160中女高智感穿搭｜不装嫩也很有气质,160轻熟通勤衣橱,https://sns-avatar-qc.xhscdn.com/avatar/1040g2jo3212lrof77e005qgafm4gg701q9tgrio?imageView2/2/w/80/format/jpg,15,8,0,3,穿搭,https://www.xiaohongshu.com/explore/68a6f57a000000001c034c0a?xsec_token=AB_7EMKLCtQN--x6uKf4lW8lxkZ6lSyAaB1F3eyF5H6E8=
6a5ae49c000000000503aa6f,ABt_ribSGvPgOmFMVE85lfRbMxlUPujji5-DTBHz-BICk=,一周穿搭 搭配,潮人穿搭馆,https://sns-avatar-qc.xhscdn.com/avatar/1040g2jo32254shh17aa05p9d71oqjec5nc3jv6g?imageView2/2/w/80/format/jpg,4,0,0,0,穿搭,https://www.xiaohongshu.com/explore/68a6f57a000000001c034c0a?xsec_token=ABt_ribSGvPgOmFMVE85lfRbMxlUPujji5-DTBHz-BICk=
6a16d1da000000003601ddc0,ABBgtYtp5vdypXEHpXVb4_QmWPq7OiiirGuBDPKT-03j8=,夏日弛感穿搭～,芳芳努力呀,https://sns-avatar-qc.xhscdn.com/avatar/1040g2jo31uo9sf1vjqrg5pfs1eliprnprs712ug?imageView2/2/w/80/format/jpg,3,2,0,2,穿搭,https://www.xiaohongshu.com/explore/68a6f57a000000001c034c0a?xsec_token=ABBgtYtp5vdypXEHpXVb4_QmWPq7OiiirGuBDPKT-03j8=
69f45f06000000003502fabd,ABw9SPQmR1loaygzyFZe0ZOawQNgSbNmOtQwsA3QMiAps=,去掉一身“班味”，用极简风拿捏高智感✨,Pullpo,https://sns-avatar-qc.xhscdn.com/avatar/1040g2jo31u3ageelhs0g5pgv5sphosnds9uta80?imageView2/2/w/80/format/jpg,177,83,1,16,穿搭,https://www.xiaohongshu.com/explore/68a6f57a000000001c034c0a?xsec_token=ABw9SPQmR1loaygzyFZe0ZOawQNgSbNmOtQwsA3QMiAps=
69f1f6ba000000003703485b,ABI_1KySTbJ-o1xBwZTeUewY1bn2itkSrrKtPXQBszGkg=,然后你接下来出去玩就穿这些吗！,蚁晓煌,https://sns-avatar-qc.xhscdn.com/avatar/1040g2jo31j4h49631a0044utfmumnm1i1c06488?imageView2/2/w/80/format/jpg,1407,482,85,73,穿搭,https://www.xiaohongshu.com/explore/68a6f57a000000001c034c0a?xsec_token=ABI_1KySTbJ-o1xBwZTeUewY1bn2itkSrrKtPXQBszGkg=
6a58d818000000000401d168,ABEFK-yckFkVOMZ13VzLbOIkiLDgj8RvIBmMbyDO0Sq1M=,当我学模特穿搭…,屿行,https://sns-avatar-qc.xhscdn.com/avatar/1040g2jo322fdf6bsnu005n92ohjkea58sr6v458?imageView2/2/w/80/format/jpg,24,8,6,0,穿搭,https://www.xiaohongshu.com/explore/68a6f57a000000001c034c0a?xsec_token=ABEFK-yckFkVOMZ13VzLbOIkiLDgj8RvIBmMbyDO0Sq1M=
6a5b4159000000000f029c0d,ABEAgP4coJ8pvXgDzq8_zpaIwfOe_ZTBTCtPAj4uCatwo=,暑假出游穿搭,椿见女装,https://sns-avatar-qc.xhscdn.com/avatar/1040g2jo32259imv472005p4cjfeap0mg1tbgfio?imageView2/2/w/80/format/jpg,6,1,0,0,穿搭,https://www.xiaohongshu.com/explore/68a6f57a000000001c034c0a?xsec_token=ABEAgP4coJ8pvXgDzq8_zpaIwfOe_ZTBTCtPAj4uCatwo=
6a5b12fb000000001002b653,ABEAgP4coJ8pvXgDzq8_zpaPSGZ3HN0D8WpkwysIT0Ojg=,175体重140不过百穿搭,涵涵的朋友圈（日常分享）,https://sns-avatar-qc.xhscdn.com/avatar/1040g2jo322nq08m47o005q18ba13i5upj5q1438?imageView2/2/w/80/format/jpg,0,0,0,0,穿搭,https://www.xiaohongshu.com/explore/68a6f57a000000001c034c0a?xsec_token=ABEAgP4coJ8pvXgDzq8_zpaPSGZ3HN0D8WpkwysIT0Ojg=
6a3fdf7f0000000008001047,ABa1D12IXoFAjXeJ6-SnCv3bFKAr0SfYyApF-h-LKhfME=,4️⃣0️⃣套‖夏日古早感穿搭,时裳记,https://sns-avatar-qc.xhscdn.com/avatar/1040g2jo3201al8cj2a005p1jrgcqa2naebsrn6o?imageView2/2/w/80/format/jpg,3014,1258,9,187,穿搭,https://www.xiaohongshu.com/explore/68a6f57a000000001c034c0a?xsec_token=ABa1D12IXoFAjXeJ6-SnCv3bFKAr0SfYyApF-h-LKhfME=
6985e141000000001a02d2e3,ABHGPZeFLUIrmqtZcWmVFEdPAwQr_7OFEkpcVb4M-KKbo=,10套香港ootd～,牙牙,https://sns-avatar-qc.xhscdn.com/avatar/1040g2jo31pr23f0g4m004a7e7cr87ggnihf4qm0?imageView2/2/w/80/format/jpg,53081,15682,387,2047,穿搭,https://www.xiaohongshu.com/explore/68a6f57a000000001c034c0a?xsec_token=ABHGPZeFLUIrmqtZcWmVFEdPAwQr_7OFEkpcVb4M-KKbo=
69999a6c000000001503066f,ABwH1sgsWWj1PQYufBFoda5n6AqtFDnKH6eqL6LHjtI08=,春季老钱风穿搭，大地色+奶油白温柔又显白,辛夷,https://sns-avatar-qc.xhscdn.com/avatar/1040g2jo31pf42cmvigdg5q1maq37nnvml0ld4ig?imageView2/2/w/80/format/jpg,1535,1009,7,277,穿搭,https://www.xiaohongshu.com/explore/68a6f57a000000001c034c0a?xsec_token=ABwH1sgsWWj1PQYufBFoda5n6AqtFDnKH6eqL6LHjtI08=
6a54af70000000000603338e,ABPR2xrI6XFYqwMGOpEhVTfU-YXZxIh4BZvdtx8lAAd8s=,这个旅游出片穿搭，我将逐帧学习！,曾小见🍥,https://sns-avatar-qc.xhscdn.com/avatar/1040g2jo31tcjgaoi5k705oihftbocqo950dpc8g?imageView2/2/w/80/format/jpg,483,267,1,18,穿搭,https://www.xiaohongshu.com/explore/68a6f57a000000001c034c0a?xsec_token=ABPR2xrI6XFYqwMGOpEhVTfU-YXZxIh4BZvdtx8lAAd8s=
6a5b44b4000000001b01ceb8,ABEAgP4coJ8pvXgDzq8_zpaKCd5ZsZvkQhO14xLQ6tAh4=,150斤苹果型穿搭分享🎉,张鱼小丸子🍡,https://sns-avatar-qc.xhscdn.com/avatar/639de525fb2cefd53c07189b.jpg?imageView2/2/w/80/format/jpg,12,3,0,0,穿搭,https://www.xiaohongshu.com/explore/68a6f57a000000001c034c0a?xsec_token=ABEAgP4coJ8pvXgDzq8_zpaKCd5ZsZvkQhO14xLQ6tAh4=
6a269bc500000000160261b1,ABKotL-IqqfFNusWd8eWKZTqnukr9ve1Tq73A5nyGft9o=,被这些穿搭硬控了！,辛夷,https://sns-avatar-qc.xhscdn.com/avatar/1040g2jo31pf42cmvigdg5q1maq37nnvml0ld4ig?imageView2/2/w/80/format/jpg,98,32,1,18,穿搭,https://www.xiaohongshu.com/explore/68a6f57a000000001c034c0a?xsec_token=ABKotL-IqqfFNusWd8eWKZTqnukr9ve1Tq73A5nyGft9o=
6a503fcb000000000f033aa9,ABLF0fX3JyGHE2zHq8HaATLUP-EDYf4E72SvV2JaWlJT8=,男生夏季穿搭，清爽不单调的搭配技巧,制著服饰,https://sns-avatar-qc.xhscdn.com/avatar/1040g2jo322e23cee6u6g5qgfs77gg9014rn6r20?imageView2/2/w/80/format/jpg,6,2,0,3,穿搭,https://www.xiaohongshu.com/explore/68a6f57a000000001c034c0a?xsec_token=ABLF0fX3JyGHE2zHq8HaATLUP-EDYf4E72SvV2JaWlJT8=
6a1901310000000008027949,AB62lh0QmAeGiMW1tHl_bW-Wz1W3tm9YDVVs2DOHZzz00=,1⃣️6⃣️套通勤穿搭,柚柚叶,https://sns-avatar-qc.xhscdn.com/avatar/1040g2jo31v3h5g0l2g6g5opqikf65imaeeo1nb8?imageView2/2/w/80/format/jpg,223,122,1,13,穿搭,https://www.xiaohongshu.com/explore/68a6f57a000000001c034c0a?xsec_token=AB62lh0QmAeGiMW1tHl_bW-Wz1W3tm9YDVVs2DOHZzz00=
6a5b0eb1000000001b01d28b,ABEAgP4coJ8pvXgDzq8_zpaLx6P7SZGJvF5RBBCUJdReE=,🇰🇷欧尼穿什么｜近期穿搭,十一口口,https://sns-avatar-qc.xhscdn.com/avatar/1040g2jo321p1fskq7u005q45sdo3fhbsunjfr5g?imageView2/2/w/80/format/jpg,1,0,0,0,穿搭,https://www.xiaohongshu.com/explore/68a6f57a000000001c034c0a?xsec_token=ABEAgP4coJ8pvXgDzq8_zpaLx6P7SZGJvF5RBBCUJdReE=
6997d856000000001b01e496,ABpxwOZdZDMiqfniRha356gez1AwCrqVyEYLClSbAlOqM=,40套|💭夏日连衣裙穿搭,乖乖,https://sns-avatar-qc.xhscdn.com/avatar/65518f7820f4400a47bf7da8.jpg?imageView2/2/w/80/format/jpg,1326,506,4,111,穿搭,https://www.xiaohongshu.com/explore/68a6f57a000000001c034c0a?xsec_token=ABpxwOZdZDMiqfniRha356gez1AwCrqVyEYLClSbAlOqM=
6a26722a000000000803c5d5,ABKotL-IqqfFNusWd8eWKZTrIPom4CmLYRFHtEXQx6jb8=,2️⃣4️⃣套🫧夏季一月穿搭合集,是苏苏呀,https://sns-avatar-qc.xhscdn.com/avatar/1040g2jo31icm5j950c005p9be37al1936fbkks0?imageView2/2/w/80/format/jpg,130,47,0,23,穿搭,https://www.xiaohongshu.com/explore/68a6f57a000000001c034c0a?xsec_token=ABKotL-IqqfFNusWd8eWKZTrIPom4CmLYRFHtEXQx6jb8=
69d4acf90000000020039fc2,ABxz_Ugb3fD1_ZCCcL3lVxm3MS9gdUrM02kzsADi-Jx8U=,宋祖儿夏日穿搭公式｜每一套都适合日常照搬,小朱的穿搭笔记,https://sns-avatar-qc.xhscdn.com/avatar/638c4a1ee1162837a945c06c.jpg?imageView2/2/w/80/format/jpg,279,142,1,7,穿搭,https://www.xiaohongshu.com/explore/68a6f57a000000001c034c0a?xsec_token=ABxz_Ugb3fD1_ZCCcL3lVxm3MS9gdUrM02kzsADi-Jx8U=
6a5b422e000000000f029f99,ABEAgP4coJ8pvXgDzq8_zpaBR4P649s-0cMpkjfSc3ztY=,身高158、体重105斤小个子穿搭,小人物也有梦想,https://sns-avatar-qc.xhscdn.com/avatar/1040g2jo31sufje1jl6005ntv2fvgbiumdsgelk8?imageView2/2/w/80/format/jpg,1,0,0,0,穿搭,https://www.xiaohongshu.com/explore/68a6f57a000000001c034c0a?xsec_token=ABEAgP4coJ8pvXgDzq8_zpaBR4P649s-0cMpkjfSc3ztY=
6a536c630000000016025479,ABo3v8vglQ5ty0dZYxIWvPT5H_TnXZwiHfB9QluVreK7w=,18套大西北旅行穿搭～,leebq清清,https://sns-avatar-qc.xhscdn.com/avatar/1040g2jo30vv950jd66005olgnnkmd64giff3a80?imageView2/2/w/80/format/jpg,5341,1901,154,734,穿搭,https://www.xiaohongshu.com/explore/68a6f57a000000001c034c0a?xsec_token=ABo3v8vglQ5ty0dZYxIWvPT5H_TnXZwiHfB9QluVreK7w=
6a18604500000000350332f1,ABt8qWqSZhj3ST5yff_wWQEQ5WFewBheIbk6KzOueRKJU=,夏季穿搭｜一周穿搭合集｜冲💐,玖儿的穿搭日记,https://sns-avatar-qc.xhscdn.com/avatar/1040g2jo320nfg15i5c0g43cgl3gapkcoc4g83e8?imageView2/2/w/80/format/jpg,119,43,4,7,穿搭,https://www.xiaohongshu.com/explore/68a6f57a000000001c034c0a?xsec_token=ABt8qWqSZhj3ST5yff_wWQEQ5WFewBheIbk6KzOueRKJU=
6a5b421100000000060139cd,ABEAgP4coJ8pvXgDzq8_zpaE_N540DiKP9tlwj-bPlJR0=,🍃160小个子淡人穿搭,C123,https://sns-avatar-qc.xhscdn.com/avatar/1040g2jo322m9nuggna005ptb4vc3i7s5ms2alj0?imageView2/2/w/80/format/jpg,1,1,0,0,穿搭,https://www.xiaohongshu.com/explore/68a6f57a000000001c034c0a?xsec_token=ABEAgP4coJ8pvXgDzq8_zpaE_N540DiKP9tlwj-bPlJR0=
6a31f972000000001101a80f,ABTMymwRURqrOLxDws-cd_0_ieP_xv-5ebb40dzgXt6Ow=,上海街拍/夏日出行，街头穿搭,简寻～F街拍,https://sns-avatar-qc.xhscdn.com/avatar/1040g2jo31odtpkn950005n1c1es1sqffi6k0j4o?imageView2/2/w/80/format/jpg,3145,616,178,127,穿搭,https://www.xiaohongshu.com/explore/68a6f57a000000001c034c0a?xsec_token=ABTMymwRURqrOLxDws-cd_0_ieP_xv-5ebb40dzgXt6Ow=
6a4d00c6000000001503c93a,ABgh1mbI-VWRMlTQ8sIpYzDurEP4B3_odciXsDJptm5bQ=,做一个会穿搭的女生，简简单单过夏天,辛夷,https://sns-avatar-qc.xhscdn.com/avatar/1040g2jo31pf42cmvigdg5q1maq37nnvml0ld4ig?imageView2/2/w/80/format/jpg,72,34,1,4,穿搭,https://www.xiaohongshu.com/explore/68a6f57a000000001c034c0a?xsec_token=ABgh1mbI-VWRMlTQ8sIpYzDurEP4B3_odciXsDJptm5bQ=
6a5b40cf0000000009035375,ABEAgP4coJ8pvXgDzq8_zpaOYBawFjEvIecC3_kaMIURY=,报告！今天是酷酷的辣妹穿搭～,乐谷谷,https://sns-avatar-qc.xhscdn.com/avatar/60bdd8fb341f1be93644ba66.jpg?imageView2/2/w/80/format/jpg,1,1,0,2,穿搭,https://www.xiaohongshu.com/explore/68a6f57a000000001c034c0a?xsec_token=ABEAgP4coJ8pvXgDzq8_zpaOYBawFjEvIecC3_kaMIURY=
6a5b457b000000000f0058f4,ABEAgP4coJ8pvXgDzq8_zpaElZHHGu3jN1NROdVsx6mGA=,干干净净的一周穿搭,C C奈禾,https://sns-avatar-qc.xhscdn.com/avatar/1040g2jo321kvseed74005n4u55vk9c0do1vbgp8?imageView2/2/w/80/format/jpg,1,0,0,0,穿搭,https://www.xiaohongshu.com/explore/68a6f57a000000001c034c0a?xsec_token=ABEAgP4coJ8pvXgDzq8_zpaElZHHGu3jN1NROdVsx6mGA=
6a5a4509000000001f01ded6,ABt_ribSGvPgOmFMVE85lfRdEJH1b7kEIvsisvOqnOiZU=,炫舞男生穿搭,野良菜菜,https://sns-avatar-qc.xhscdn.com/avatar/1040g2jo31crbg2hkgs0049knuj61vp2h2lt62pg?imageView2/2/w/80/format/jpg,0,0,0,0,穿搭,https://www.xiaohongshu.com/explore/68a6f57a000000001c034c0a?xsec_token=ABt_ribSGvPgOmFMVE85lfRdEJH1b7kEIvsisvOqnOiZU=
6a5b4185000000000f0332d9,ABEAgP4coJ8pvXgDzq8_zpaPzylViad456mFHInhFIJp8=,不刻意装嫩，大方就很好 #四十岁女人穿搭,樱夫人家服饰店,https://sns-avatar-qc.xhscdn.com/avatar/603776e68fa6c100017e2e71.jpg?imageView2/2/w/80/format/jpg,0,0,0,0,穿搭,https://www.xiaohongshu.com/explore/68a6f57a000000001c034c0a?xsec_token=ABEAgP4coJ8pvXgDzq8_zpaPzylViad456mFHInhFIJp8=
6a5a1c00000000000101ed00,ABt_ribSGvPgOmFMVE85lfRZG4b3Yt_OKnS9SeoXJLV6o=,夏季无袖穿搭｜碎花背心～🤍,Blueblueuu,https://sns-avatar-qc.xhscdn.com/avatar/1040g2jo322kthc087o005og223c8c1sf77ktte0?imageView2/2/w/80/format/jpg,5,1,0,0,穿搭,https://www.xiaohongshu.com/explore/68a6f57a000000001c034c0a?xsec_token=ABt_ribSGvPgOmFMVE85lfRZG4b3Yt_OKnS9SeoXJLV6o=
6a5b41b0000000000f004937,ABEAgP4coJ8pvXgDzq8_zpaJ3i9AcR_ji_9570YXg14xs=,不刻意装嫩，大方就很好 #四十岁女人穿搭,樱夫人家服饰店,https://sns-avatar-qc.xhscdn.com/avatar/603776e68fa6c100017e2e71.jpg?imageView2/2/w/80/format/jpg,0,1,0,0,穿搭,https://www.xiaohongshu.com/explore/68a6f57a000000001c034c0a?xsec_token=ABEAgP4coJ8pvXgDzq8_zpaJ3i9AcR_ji_9570YXg14xs=
6a5b4207000000001101ddf2,ABEAgP4coJ8pvXgDzq8_zpaDziqybgche2_rpO8ceDpe8=,帅气男宝宝夏日穿搭～,Ani妮宝,https://sns-avatar-qc.xhscdn.com/avatar/1040g2jo320namlboli004a6f9q1f21odghkptt8?imageView2/2/w/80/format/jpg,1,0,0,0,穿搭,https://www.xiaohongshu.com/explore/68a6f57a000000001c034c0a?xsec_token=ABEAgP4coJ8pvXgDzq8_zpaDziqybgche2_rpO8ceDpe8=
6a5b42130000000011006b36,ABEAgP4coJ8pvXgDzq8_zpaMjNAOWueRbc2rIrQgwKl4U=,不刻意装嫩，大方就很好 #四十岁女人穿搭,樱夫人家服饰店,https://sns-avatar-qc.xhscdn.com/avatar/603776e68fa6c100017e2e71.jpg?imageView2/2/w/80/format/jpg,0,0,0,0,穿搭,https://www.xiaohongshu.com/explore/68a6f57a000000001c034c0a?xsec_token=ABEAgP4coJ8pvXgDzq8_zpaMjNAOWueRbc2rIrQgwKl4U=
69521da0000000001f00460b,ABEvKJ53Q3cNE_UCu9yoOJONbUREIrg0x0_8LHZDESh_o=,回顾一下夏天的漂亮衣服！,小笙儿,https://sns-avatar-qc.xhscdn.com/avatar/6697c7726b066266c4451db8.jpg?imageView2/2/w/80/format/jpg,20304,10782,335,1451,穿搭,https://www.xiaohongshu.com/explore/68a6f57a000000001c034c0a?xsec_token=ABEvKJ53Q3cNE_UCu9yoOJONbUREIrg0x0_8LHZDESh_o=
6a3a9bd5000000001702c057,ABFp9qW6v_2M6KNAEz5q-_03pZODOWFSC1pvH96eSjRnY=,夏日cleanfit｜时髦打工人的高智通勤穿搭*18,小居,https://sns-avatar-qc.xhscdn.com/avatar/1040g2jo313abn8o204005pa5ognhgnfdkfjh95g?imageView2/2/w/80/format/jpg,2066,1006,22,195,穿搭,https://www.xiaohongshu.com/explore/68a6f57a000000001c034c0a?xsec_token=ABFp9qW6v_2M6KNAEz5q-_03pZODOWFSC1pvH96eSjRnY=
6a056d05000000000702d483,AB6fydUSmhOSG4lFryYVz53WqvDRdK60G59JxvPCwHUvc=,时髦都市里的呼吸感穿搭,penghunana,https://sns-avatar-qc.xhscdn.com/avatar/1040g2jo31pcs74m8is0g4a17rm0onbmm23n0sj8?imageView2/2/w/80/format/jpg,7317,1540,304,141,穿搭,https://www.xiaohongshu.com/explore/68a6f57a000000001c034c0a?xsec_token=AB6fydUSmhOSG4lFryYVz53WqvDRdK60G59JxvPCwHUvc=
69f40cbe000000003501ed3d,ABw9SPQmR1loaygzyFZe0ZOan3V3JibxRN8G5fI2tniLU=,事实证明，会穿搭比长得好看重要！,梨形小栗子,https://sns-avatar-qc.xhscdn.com/avatar/1040g2jo31ne2ipp74s3g5pp1gba2149na7k701g?imageView2/2/w/80/format/jpg,2785,1961,99,175,穿搭,https://www.xiaohongshu.com/explore/68a6f57a000000001c034c0a?xsec_token=ABw9SPQmR1loaygzyFZe0ZOan3V3JibxRN8G5fI2tniLU=
6a45e874000000000803d031,AB36IyAedIoclyXkvLQrOd1HiLflo62APINs2fgxfMCU0=,🫧18套轻盈感穿搭灵感,井井玩,https://sns-avatar-qc.xhscdn.com/avatar/61b30e774fd8210778aa8c70.jpg?imageView2/2/w/80/format/jpg,6686,3271,162,437,穿搭,https://www.xiaohongshu.com/explore/68a6f57a000000001c034c0a?xsec_token=AB36IyAedIoclyXkvLQrOd1HiLflo62APINs2fgxfMCU0=
6a14279b0000000035023293,ABksx3EeNDhfjF8xo9IFSwrO6mM3gzEeaQKlojAXF1ksE=,夏天穿成这样也太舒服了吧,wan.two3,https://sns-avatar-qc.xhscdn.com/avatar/6344518481b78b2e079b6531.jpg?imageView2/2/w/80/format/jpg,1865,564,79,101,穿搭,https://www.xiaohongshu.com/explore/68a6f57a000000001c034c0a?xsec_token=ABksx3EeNDhfjF8xo9IFSwrO6mM3gzEeaQKlojAXF1ksE=
688740320000000017034884,ABrBbKk-5lkDA_H4QywD7LbmM_oBETFKcFsX_J4ghitaE=,4️⃣0️⃣套|淡人穿搭思路分享~,蛋卷大王,https://sns-avatar-qc.xhscdn.com/avatar/1040g2jo31g5v71dphq405opg3fa5augkl7380q8?imageView2/2/w/80/format/jpg,3664,2089,10,697,穿搭,https://www.xiaohongshu.com/explore/68a6f57a000000001c034c0a?xsec_token=ABrBbKk-5lkDA_H4QywD7LbmM_oBETFKcFsX_J4ghitaE=
6a0c6e0d000000003701c370,ABxts88CWRB8ifSKLUr5eprpLurvOJYKictuG_l8IUJyQ=,就爱这种温柔又俏皮的穿搭～,苏格酱Style,https://sns-avatar-qc.xhscdn.com/avatar/5bc23d8ce5cde10001392aa2.jpg?imageView2/2/w/80/format/jpg,641,272,157,96,穿搭,https://www.xiaohongshu.com/explore/68a6f57a000000001c034c0a?xsec_token=ABxts88CWRB8ifSKLUr5eprpLurvOJYKictuG_l8IUJyQ=
69cca678000000001d01be50,AB90J4xlF1MpH16gabBQfInfnNc3cc9SeVIkd-hvgduPA=,夏天7️⃣套look！,Fuuuu,https://sns-avatar-qc.xhscdn.com/avatar/1040g2jo30ujhkutl5i004bki58kv5u91s579ug0?imageView2/2/w/80/format/jpg,6606,3000,353,510,穿搭,https://www.xiaohongshu.com/explore/68a6f57a000000001c034c0a?xsec_token=AB90J4xlF1MpH16gabBQfInfnNc3cc9SeVIkd-hvgduPA=
69e6226a0000000021011e56,ABc-VPmAnCB4USk9pk-ISzZtXMll4QTHyEC9mW8IJHzRI=,五一出游穿什么 每一套都好美！,chenxihe-,https://sns-avatar-qc.xhscdn.com/avatar/1040g2jo30q33igmnnc0g5onu78vkg4jln34bqrg?imageView2/2/w/80/format/jpg,2071,688,141,214,穿搭,https://www.xiaohongshu.com/explore/68a6f57a000000001c034c0a?xsec_token=ABc-VPmAnCB4USk9pk-ISzZtXMll4QTHyEC9mW8IJHzRI=
69d5a9e9000000002301d896,ABvN6qDxa4hDiMDfh9-yqiriHZvFI1juxmC33lBujMml4=,男朋友会穿真的太省事儿了,向南,https://sns-avatar-qc.xhscdn.com/avatar/1040g2jo319504ukm5a705p1m8di525j6lak4go0?imageView2/2/w/80/format/jpg,1136,598,13,643,穿搭,https://www.xiaohongshu.com/explore/68a6f57a000000001c034c0a?xsec_token=ABvN6qDxa4hDiMDfh9-yqiriHZvFI1juxmC33lBujMml4=
69a431b10000000015032ca9,AB4Kl1qLae5BqAajMYlFpGctR1TWnzS_Zu7zitNUpFpIo=,18套漂亮衣服🌱期待春天,大大大珊,https://sns-avatar-qc.xhscdn.com/avatar/6526b1c90226271fc0078ff7.jpg?imageView2/2/w/80/format/jpg,4339,2977,160,371,穿搭,https://www.xiaohongshu.com/explore/68a6f57a000000001c034c0a?xsec_token=AB4Kl1qLae5BqAajMYlFpGctR1TWnzS_Zu7zitNUpFpIo=
6a3d0abb000000000f03207c,ABlUFLw-UqmoLIaSlJDaOJ8Y8CG6PZtASrKcYg7xlTZ78=,夏日时髦感！｜毫不费力的拿捏🤏,小游爱游,https://sns-avatar-qc.xhscdn.com/avatar/1040g2jo3208svqu75g005qf8ckt0g800qpb2tpo?imageView2/2/w/80/format/jpg,406,159,60,31,穿搭,https://www.xiaohongshu.com/explore/68a6f57a000000001c034c0a?xsec_token=ABlUFLw-UqmoLIaSlJDaOJ8Y8CG6PZtASrKcYg7xlTZ78=
6a3a3e35000000000803cb0f,ABFp9qW6v_2M6KNAEz5q-_0zQTL2uhCBnmdRyhXmOy9lo=,属于我的夏日No rules 穿搭💥,瑾瑾Jennie,https://sns-avatar-qc.xhscdn.com/avatar/1040g2jo31bo6f808100049fql3d7a1l19athia0?imageView2/2/w/80/format/jpg,6123,1226,111,361,穿搭,https://www.xiaohongshu.com/explore/68a6f57a000000001c034c0a?xsec_token=ABFp9qW6v_2M6KNAEz5q-_0zQTL2uhCBnmdRyhXmOy9lo=
69ea28880000000019032403,ABrXwExhQasYdX7gx0Dlw5cWXH0GmFlmuuZYNjGL_QYzI=,快来种草穿搭好物吧～,不想p,https://sns-avatar-qc.xhscdn.com/avatar/63c68c12d890f354a7c2020a.jpg?imageView2/2/w/80/format/jpg,19292,3320,573,2469,穿搭,https://www.xiaohongshu.com/explore/68a6f57a000000001c034c0a?xsec_token=ABrXwExhQasYdX7gx0Dlw5cWXH0GmFlmuuZYNjGL_QYzI=
6a2accbe0000000015025851,ABK9LrzzXpC21hnAQavG8EE6hdmLaD725gXgiJev0CKao=,夏日cleanfit｜淡人的极简智性穿搭灵感*5,小居,https://sns-avatar-qc.xhscdn.com/avatar/1040g2jo313abn8o204005pa5ognhgnfdkfjh95g?imageView2/2/w/80/format/jpg,964,377,28,99,穿搭,https://www.xiaohongshu.com/explore/68a6f57a000000001c034c0a?xsec_token=ABK9LrzzXpC21hnAQavG8EE6hdmLaD725gXgiJev0CKao=
6a435530000000001003d310,AB17NFm1jEtNoI1fW2P7PWjTAWSVm3T_wr2BxW1O-Pjt4=,前后左右哪面最美？,王牌叨叨叨,https://sns-avatar-qc.xhscdn.com/avatar/1040g2jo31u7f081nhu5g5q4omgba63e7fkjptro?imageView2/2/w/80/format/jpg,2085,462,271,106,穿搭,https://www.xiaohongshu.com/explore/68a6f57a000000001c034c0a?xsec_token=AB17NFm1jEtNoI1fW2P7PWjTAWSVm3T_wr2BxW1O-Pjt4=
680af792000000001201f1ec,ABSZBV_BmJFTLyKa3HaaKK5tQMjD3_KUiTBewTJ_YsmLI=,我叫夯大力，我宣布我今天是辣妹,小团团,https://sns-avatar-qc.xhscdn.com/avatar/1040g2jo31c6kk2gk0k005plpcv3ncd3piprnhdg?imageView2/2/w/80/format/jpg,4318,1617,112,441,穿搭,https://www.xiaohongshu.com/explore/68a6f57a000000001c034c0a?xsec_token=ABSZBV_BmJFTLyKa3HaaKK5tQMjD3_KUiTBewTJ_YsmLI=
6a43c63c000000000f01509d,AB17NFm1jEtNoI1fW2P7PWjdfYCOkLbWAYTqZOjn8En1Y=,🍀158小个子韩系氛围感穿搭合集～,初见朵朵～,https://sns-avatar-qc.xhscdn.com/avatar/1040g2jo320s39dkh74605q5igbdmc173gm2m2k8?imageView2/2/w/80/format/jpg,1560,808,98,117,穿搭,https://www.xiaohongshu.com/explore/68a6f57a000000001c034c0a?xsec_token=AB17NFm1jEtNoI1fW2P7PWjdfYCOkLbWAYTqZOjn8En1Y=
6a364d65000000001503f365,AB1jGpQJk2M6ngHo47GCictJYgTWcSmAH1bcqSg7RUT8s=,沉浸式看球穿搭｜球衣 + 牛仔短裤永远不出错,小羊苏西｜法式基础穿搭,https://sns-avatar-qc.xhscdn.com/avatar/1040g2jo320khftut68005nc3dsl0ba97qfjr9e0?imageView2/2/w/80/format/jpg,5994,1936,120,408,穿搭,https://www.xiaohongshu.com/explore/68a6f57a000000001c034c0a?xsec_token=AB1jGpQJk2M6ngHo47GCictJYgTWcSmAH1bcqSg7RUT8s=
6a3a72ad000000002103dd3a,ABFp9qW6v_2M6KNAEz5q-_02zMICTnFQK4JXVK02xD3vo=,我真的超会穿！首尔气质留学生🔗（Day70/100）,猫堡王,https://sns-avatar-qc.xhscdn.com/avatar/1040g2jo30v0q8ji45g6g5nfbralg950h0js7ho8?imageView2/2/w/80/format/jpg,2344,755,25,87,穿搭,https://www.xiaohongshu.com/explore/68a6f57a000000001c034c0a?xsec_token=ABFp9qW6v_2M6KNAEz5q-_02zMICTnFQK4JXVK02xD3vo=
6a200943000000003502104c,ABma6w5g1GReGUtqqk5Aj-m_pe-2UgB7x63FMZOQ59iCQ=,12色系主题｜今日是✨杏色治愈穿搭合集,三木小个子ootd,https://sns-avatar-qc.xhscdn.com/avatar/1040g2jo31v3tb5jj1m5g5ogog4tgkm45uajms08?imageView2/2/w/80/format/jpg,1481,745,185,125,穿搭,https://www.xiaohongshu.com/explore/68a6f57a000000001c034c0a?xsec_token=ABma6w5g1GReGUtqqk5Aj-m_pe-2UgB7x63FMZOQ59iCQ=
6a39476100000000210175f3,ABCFDiwoBbDPLEQ1MbYcjF246V5QuUi6qFbds_cC6h_RY=,155｜小个子女生跟我穿！！！,路路私服,https://sns-avatar-qc.xhscdn.com/avatar/6490a36e316df27c55346f60.jpg?imageView2/2/w/80/format/jpg,525,172,23,130,穿搭,https://www.xiaohongshu.com/explore/68a6f57a000000001c034c0a?xsec_token=ABCFDiwoBbDPLEQ1MbYcjF246V5QuUi6qFbds_cC6h_RY=
680f56d10000000009014cc1,ABLUpI5FHK4veAka44LSLBBDr3DAdgjV_NvAEYpY_tzmE=,世界上有个很可爱的人正在看这句话,小团团,https://sns-avatar-qc.xhscdn.com/avatar/1040g2jo31c6kk2gk0k005plpcv3ncd3piprnhdg?imageView2/2/w/80/format/jpg,1717,573,37,123,穿搭,https://www.xiaohongshu.com/explore/68a6f57a000000001c034c0a?xsec_token=ABLUpI5FHK4veAka44LSLBBDr3DAdgjV_NvAEYpY_tzmE=
69c51c3a000000001d019131,ABS0o_QAN9ZbXTjZsIfnLooXaefNNay57dtrdeqZBRGFM=,实用型美学inspo✨高智防晒外套穿搭,草鱼爱吃鱼zzz,https://sns-avatar-qc.xhscdn.com/avatar/63fd99cbfca3d98c0e1c0825.jpg?imageView2/2/w/80/format/jpg,38111,14810,258,860,穿搭,https://www.xiaohongshu.com/explore/68a6f57a000000001c034c0a?xsec_token=ABS0o_QAN9ZbXTjZsIfnLooXaefNNay57dtrdeqZBRGFM=
69cdf061000000001d0192e4,ABC4A-Vm3JNdCKqp-QrYhIzcyvDlfmDrtH5RbpxOB8uO8=,在HK🇭🇰的一周穿搭～,小泰酱ovo,https://sns-avatar-qc.xhscdn.com/avatar/5e6015edb8b7b00001766cb4.jpg?imageView2/2/w/80/format/jpg,1878,617,48,180,穿搭,https://www.xiaohongshu.com/explore/68a6f57a000000001c034c0a?xsec_token=ABC4A-Vm3JNdCKqp-QrYhIzcyvDlfmDrtH5RbpxOB8uO8=
6a0dafb7000000003601f04b,ABpfkqthqV9qzB0xOewsqSc7Mw4xrPmNTlG98F1JW54dw=,高智感气质姐姐✨这套好有金秘书的感觉！！,周周不长肉肉,https://sns-avatar-qc.xhscdn.com/avatar/1040g2jo31s8qd0nblm0049pd8f49876lpmtud6o?imageView2/2/w/80/format/jpg,249,129,9,82,穿搭,https://www.xiaohongshu.com/explore/68a6f57a000000001c034c0a?xsec_token=ABpfkqthqV9qzB0xOewsqSc7Mw4xrPmNTlG98F1JW54dw=
6a479fd0000000000702cd17,ABhOMgTwFUr3sCBRY75US3lexzqZVFp2MIXUKQqnQEWYI=,喜欢豹纹🩶🤍,羊村霸道懒总,https://sns-avatar-qc.xhscdn.com/avatar/1040g2jo3212o6eqpnu005q4nq9ma63dkok4cbeo?imageView2/2/w/80/format/jpg,2553,442,30,96,穿搭,https://www.xiaohongshu.com/explore/68a6f57a000000001c034c0a?xsec_token=ABhOMgTwFUr3sCBRY75US3lexzqZVFp2MIXUKQqnQEWYI=
6a2ea9d50000000021021938,ABcL26rrWBFd_ipLEzPQSUyKrY5-uPTHD5gdXE1e-Xxgk=,简简单单🖤夏日街头走一走,小乔178,https://sns-avatar-qc.xhscdn.com/avatar/624877984db09947b6d5379c.jpg?imageView2/2/w/80/format/jpg,252,101,34,20,穿搭,https://www.xiaohongshu.com/explore/68a6f57a000000001c034c0a?xsec_token=ABcL26rrWBFd_ipLEzPQSUyKrY5-uPTHD5gdXE1e-Xxgk=
68294a9d000000000f03183b,ABJuZoo7psZ63JULm1C5U4KvJoEpe2vMLLOU5bJe2qqdc=,心简单，世界就简单，幸福才会生长,小团团,https://sns-avatar-qc.xhscdn.com/avatar/1040g2jo31c6kk2gk0k005plpcv3ncd3piprnhdg?imageView2/2/w/80/format/jpg,3337,1137,61,217,穿搭,https://www.xiaohongshu.com/explore/68a6f57a000000001c034c0a?xsec_token=ABJuZoo7psZ63JULm1C5U4KvJoEpe2vMLLOU5bJe2qqdc=
6a2e4e83000000002202333c,ABcL26rrWBFd_ipLEzPQSUyBIEUqW2e_UoaXtNMT9Erhc=,160 90｜夏季韩系气质穿搭🖤🤍,XiXi在这儿,https://sns-avatar-qc.xhscdn.com/avatar/1040g2jo31r5qc158n0005qb2de852lo8uos6l4g?imageView2/2/w/80/format/jpg,1036,351,68,134,穿搭,https://www.xiaohongshu.com/explore/68a6f57a000000001c034c0a?xsec_token=ABcL26rrWBFd_ipLEzPQSUyBIEUqW2e_UoaXtNMT9Erhc=
6a55bb55000000001603c4af,ABNrIU9Kj1LWAoLsud7dCtLMn4cUwToCJpQPbTHVO8xCs=,征集｜刘亦菲这两套穿搭有👭喜欢吗,一九club,https://sns-avatar-qc.xhscdn.com/avatar/1040g2jo3145g90h4ic005ogstd3gjqf5t4cpai0?imageView2/2/w/80/format/jpg,2996,782,219,68,穿搭,https://www.xiaohongshu.com/explore/68a6f57a000000001c034c0a?xsec_token=ABNrIU9Kj1LWAoLsud7dCtLMn4cUwToCJpQPbTHVO8xCs=
69f88bc0000000003502e385,ABrjl7OGYjAGhL1qj9M6xVjs5E-CVTbLrf8a8NlUxN8NQ=,夏装衣裤的穿搭万能公式,冰奶茶,https://sns-avatar-qc.xhscdn.com/avatar/1040g2jo31cgmbga5h2005okkr578cmpl0chfm48?imageView2/2/w/80/format/jpg,1253,342,12,45,穿搭,https://www.xiaohongshu.com/explore/68a6f57a000000001c034c0a?xsec_token=ABrjl7OGYjAGhL1qj9M6xVjs5E-CVTbLrf8a8NlUxN8NQ=
6a3748840000000006034621,ABzkFDtVmihGjua_cLBgs1VY3o-651QIG5rWOyj5vMz6Y=,松弛感防晒穿搭,井井玩,https://sns-avatar-qc.xhscdn.com/avatar/61b30e774fd8210778aa8c70.jpg?imageView2/2/w/80/format/jpg,3097,1276,48,125,穿搭,https://www.xiaohongshu.com/explore/68a6f57a000000001c034c0a?xsec_token=ABzkFDtVmihGjua_cLBgs1VY3o-651QIG5rWOyj5vMz6Y=
6a1708ca000000003503075d,ABdzvHzGu34bWPtuvSw0mFnbdJETp57RooTJCRJp9ycLM=,18套｜普通女生夏天简单又高级显贵穿搭,可可欧美穿搭分享,https://sns-avatar-qc.xhscdn.com/avatar/1040g2jo320kjm7rqlk005q2cv5cnha9n15r67mo?imageView2/2/w/80/format/jpg,320,317,13,50,穿搭,https://www.xiaohongshu.com/explore/68a6f57a000000001c034c0a?xsec_token=ABdzvHzGu34bWPtuvSw0mFnbdJETp57RooTJCRJp9ycLM=
69c6644c000000002202889e,AB8c-kOO1cPXyCJggQQ6eA49646G_ijNhV0IH3ch0RMns=,OOTD｜摆脱路人感穿搭,妍儿穿搭酱🍒,https://sns-avatar-qc.xhscdn.com/avatar/5e401cc9bcad070001e1bd4a.jpg?imageView2/2/w/80/format/jpg,2786,1096,37,471,穿搭,https://www.xiaohongshu.com/explore/68a6f57a000000001c034c0a?xsec_token=AB8c-kOO1cPXyCJggQQ6eA49646G_ijNhV0IH3ch0RMns=
69dbd31a0000000023015f8a,AB1Y1m2qKHgnd-rot8zRXlNEATHYN7ioAsgPjcpxF27UE=,日常松弛感穿搭合集,井井玩,https://sns-avatar-qc.xhscdn.com/avatar/61b30e774fd8210778aa8c70.jpg?imageView2/2/w/80/format/jpg,2209,1042,33,159,穿搭,https://www.xiaohongshu.com/explore/68a6f57a000000001c034c0a?xsec_token=AB1Y1m2qKHgnd-rot8zRXlNEATHYN7ioAsgPjcpxF27UE=
69fc691d000000001a037354,ABBsvyD1Okso0IR6uTzVuB3ghcsEPRJLiG7H3TibdQeBw=,上班这样穿，温柔和气场可以同时有,米米小贝,https://sns-avatar-qc.xhscdn.com/avatar/1040g2jo31v8u8rtiia005pjvmu9guel204sunp8?imageView2/2/w/80/format/jpg,546,261,57,86,穿搭,https://www.xiaohongshu.com/explore/68a6f57a000000001c034c0a?xsec_token=ABBsvyD1Okso0IR6uTzVuB3ghcsEPRJLiG7H3TibdQeBw=
69fdde93000000001f003cfe,ABaqbqG8RBpToh2gLxdwuu2gX27l5Ni3buvDRXiOk-bWA=,我的2️⃣4️⃣套夏天穿搭合集～,橘子味星云🍊,https://sns-avatar-qc.xhscdn.com/avatar/1040g2jo31hnti1epjq005q1cbdkjicd5j68vq4g?imageView2/2/w/80/format/jpg,609,320,28,33,穿搭,https://www.xiaohongshu.com/explore/68a6f57a000000001c034c0a?xsec_token=ABaqbqG8RBpToh2gLxdwuu2gX27l5Ni3buvDRXiOk-bWA=
6a0d70680000000038022c21,ABpfkqthqV9qzB0xOewsqSc_HSfkAyCWPbD175IoMjiks=,离谱！现在荣耀机器人的穿搭比人类还会整活？,嘉菲猫（养成版）,https://sns-avatar-qc.xhscdn.com/avatar/1040g2jo31rv3oq012g005oet6krocope9jdgka0?imageView2/2/w/80/format/jpg,2586,998,437,950,穿搭,https://www.xiaohongshu.com/explore/68a6f57a000000001c034c0a?xsec_token=ABpfkqthqV9qzB0xOewsqSc_HSfkAyCWPbD175IoMjiks=
69b0ef8b000000002603cec0,ABwbVrTPh6o3DBdrwMLUJzSpjHy33w-tpDzFahIy6LJY0=,175男生穿搭｜开始期待春夏的干净男友风穿搭,马克斯星球,https://sns-avatar-qc.xhscdn.com/avatar/1040g2jo31g1t6gsb0e005ph5q3e1ortfn6q6t5o?imageView2/2/w/80/format/jpg,1438,724,28,943,穿搭,https://www.xiaohongshu.com/explore/68a6f57a000000001c034c0a?xsec_token=ABwbVrTPh6o3DBdrwMLUJzSpjHy33w-tpDzFahIy6LJY0=
6a2b55c4000000001702bf1c,ABngcQtSr4KYxREb1C6N24s7CO-cRrb9Fobw8cKOeFJ2g=,张元英🪐｜极简穿搭名品身材look,小羊卷卷,https://sns-avatar-qc.xhscdn.com/avatar/1040g2jo31m3807u868005njb76609du3agbuda0?imageView2/2/w/80/format/jpg,1629,396,17,152,穿搭,https://www.xiaohongshu.com/explore/68a6f57a000000001c034c0a?xsec_token=ABngcQtSr4KYxREb1C6N24s7CO-cRrb9Fobw8cKOeFJ2g=
6a12dfa600000000350208e9,AB_NXtuz0OP0CQM5o7IRMxiOI-kWlBaQVyjiV5cVn2TUs=,12色系主题｜今日是💚绿色清新穿搭合集,三木小个子ootd,https://sns-avatar-qc.xhscdn.com/avatar/1040g2jo31v3tb5jj1m5g5ogog4tgkm45uajms08?imageView2/2/w/80/format/jpg,6639,3870,219,770,穿搭,https://www.xiaohongshu.com/explore/68a6f57a000000001c034c0a?xsec_token=AB_NXtuz0OP0CQM5o7IRMxiOI-kWlBaQVyjiV5cVn2TUs=
6a10116f000000000702031a,ABKFW0axtVg-ShumtuPGuoodqleyu5yMPPsZi3USxvYYA=,🌳,Dinonoz,https://sns-avatar-qc.xhscdn.com/avatar/1040g2jo31dtqnnjogk005ptg7iqj94mllk90ftg?imageView2/2/w/80/format/jpg,6301,1244,74,409,穿搭,https://www.xiaohongshu.com/explore/68a6f57a000000001c034c0a?xsec_token=ABKFW0axtVg-ShumtuPGuoodqleyu5yMPPsZi3USxvYYA=
69beb347000000001a0301ca,ABWf5OM7DFJ_BABhgNgJz_yeeiJx_y2MhlsoTGmL-ppy8=,春夏cleanfit｜高智氛围姐感的穿搭灵感*5,小居,https://sns-avatar-qc.xhscdn.com/avatar/1040g2jo313abn8o204005pa5ognhgnfdkfjh95g?imageView2/2/w/80/format/jpg,5407,2393,62,532,穿搭,https://www.xiaohongshu.com/explore/68a6f57a000000001c034c0a?xsec_token=ABWf5OM7DFJ_BABhgNgJz_yeeiJx_y2MhlsoTGmL-ppy8=
68bad0f8000000001c004ca7,ABv8QSuhx43tQsbvC1Dd_7YPy4FTA4ai90fIyzGp1SnZk=,168/95 一镜到底不剪辑之早秋穿搭🍂,叫我YIYI,https://sns-avatar-qc.xhscdn.com/avatar/1040g2jo31a0p75h3n2705ovaeqspgm05f965030?imageView2/2/w/80/format/jpg,7813,2542,71,282,穿搭,https://www.xiaohongshu.com/explore/68a6f57a000000001c034c0a?xsec_token=ABv8QSuhx43tQsbvC1Dd_7YPy4FTA4ai90fIyzGp1SnZk=
69a5263b000000002202ef07,ABtSEDP2v-mtT_Q_4IrNlWA5YVmQAG2wyM0Gtg2Q0o9fY=,淡人穿搭～,沙丁魚的腦子,https://sns-avatar-qc.xhscdn.com/avatar/1040g2jo31rbnqtl10m0049o221lc86gesfemtn0?imageView2/2/w/80/format/jpg,441,113,4,48,穿搭,https://www.xiaohongshu.com/explore/68a6f57a000000001c034c0a?xsec_token=ABtSEDP2v-mtT_Q_4IrNlWA5YVmQAG2wyM0Gtg2Q0o9fY=
6a3410d1000000001702be4d,ABMaerJSwyESf1fuRGKcSke8zCXwzTAp_ef-OLWVBLklE=,一周穿搭合集来啦！！！,吴文,https://sns-avatar-qc.xhscdn.com/avatar/1040g2jo3216v9b89na005p3o329756938gd6gb8?imageView2/2/w/80/format/jpg,105,35,8,38,穿搭,https://www.xiaohongshu.com/explore/68a6f57a000000001c034c0a?xsec_token=ABMaerJSwyESf1fuRGKcSke8zCXwzTAp_ef-OLWVBLklE=
6a1651060000000037037eec,ABBgtYtp5vdypXEHpXVb4_QjVtUFdgkmCMxE4Lc_Hr5T8=,夏日叠穿公式！秒变甜辣女孩,薯与你的小食验室,https://sns-avatar-qc.xhscdn.com/avatar/6406aeee69c3d79b17b2ac37.jpg?imageView2/2/w/80/format/jpg,515,134,11,27,穿搭,https://www.xiaohongshu.com/explore/68a6f57a000000001c034c0a?xsec_token=ABBgtYtp5vdypXEHpXVb4_QjVtUFdgkmCMxE4Lc_Hr5T8=
69f2de2c0000000036018b28,ABoz9pl4q4tYLxJPFID2Rh9XSwcR_jl-GLKe11G1YMlJw=,🍂拒绝用力过猛！男生穿搭的尽头是松弛感,ee,https://sns-avatar-qc.xhscdn.com/avatar/1040g2jo31uqe4slv2a004brdgrflbsc8fm0gpc0?imageView2/2/w/80/format/jpg,290,136,6,98,穿搭,https://www.xiaohongshu.com/explore/68a6f57a000000001c034c0a?xsec_token=ABoz9pl4q4tYLxJPFID2Rh9XSwcR_jl-GLKe11G1YMlJw=
69a267f40000000022021598,ABkCyrXTwbUxkYtgNPuZJkGn4Ad70LX_C7gSXfeTK34XE=,购物小天才🛒,池三也,https://sns-avatar-qc.xhscdn.com/avatar/62a9e1ef007b00f05fc39a98.jpg?imageView2/2/w/80/format/jpg,2437,938,27,197,穿搭,https://www.xiaohongshu.com/explore/68a6f57a000000001c034c0a?xsec_token=ABkCyrXTwbUxkYtgNPuZJkGn4Ad70LX_C7gSXfeTK34XE=
6a20eb3f0000000020039925,ABma6w5g1GReGUtqqk5Aj-mwCwUVEfsJ7UX5jMhBKzcNc=,48套｜基础穿出老钱感，普通人直接抄,云边小绵绵,https://sns-avatar-qc.xhscdn.com/avatar/1040g2jo320su6kej7e0049anpc9uci8633sidf0?imageView2/2/w/80/format/jpg,801,780,7,148,穿搭,https://www.xiaohongshu.com/explore/68a6f57a000000001c034c0a?xsec_token=ABma6w5g1GReGUtqqk5Aj-mwCwUVEfsJ7UX5jMhBKzcNc=
6a24d6a7000000001702866d,ABHq5l2vuFHksKTuZ29IguCkijWqHqj2xa3-fZ5puZPCE=,17套夏季穿搭,健胃小鼠片,https://sns-avatar-qc.xhscdn.com/avatar/1040g2jo31rbiv1aj7u0g5pcapg3ogvn8mnraoq8?imageView2/2/w/80/format/jpg,4207,1598,139,286,穿搭,https://www.xiaohongshu.com/explore/68a6f57a000000001c034c0a?xsec_token=ABHq5l2vuFHksKTuZ29IguCkijWqHqj2xa3-fZ5puZPCE=
6a17bdc600000000360326b8,ABdzvHzGu34bWPtuvSw0mFnb8i4DEWG2mjrNasd_NvIJc=,不费力的松弛感｜欧美女通勤穿搭灵感🫧,音符不高～梨形这样穿,https://sns-avatar-qc.xhscdn.com/avatar/1040g2jo3217jlehana6g5nlpv5ug81jmonnctao?imageView2/2/w/80/format/jpg,95,97,10,28,穿搭,https://www.xiaohongshu.com/explore/68a6f57a000000001c034c0a?xsec_token=ABdzvHzGu34bWPtuvSw0mFnb8i4DEWG2mjrNasd_NvIJc=
6a3678b60000000015026149,AB1jGpQJk2M6ngHo47GCictDrHXJMeZaWMIo3Qc0roCTI=,夏日cleanfit｜一周高智感的时髦通勤穿搭*5,小居,https://sns-avatar-qc.xhscdn.com/avatar/1040g2jo313abn8o204005pa5ognhgnfdkfjh95g?imageView2/2/w/80/format/jpg,1116,473,26,54,穿搭,https://www.xiaohongshu.com/explore/68a6f57a000000001c034c0a?xsec_token=AB1jGpQJk2M6ngHo47GCictDrHXJMeZaWMIo3Qc0roCTI=
6a470e30000000000602182e,ABhOMgTwFUr3sCBRY75US3leVxkUdi4F9HyXSX0A-kB1o=,淡颜适配｜清冷高智氛围感,天亮了,https://sns-avatar-qc.xhscdn.com/avatar/1040g2jo314rmol3bhe004a4srivvvf4o6ui3bm0?imageView2/2/w/80/format/jpg,421,173,3,40,穿搭,https://www.xiaohongshu.com/explore/68a6f57a000000001c034c0a?xsec_token=ABhOMgTwFUr3sCBRY75US3leVxkUdi4F9HyXSX0A-kB1o=
694bbc5b000000001b031d5a,AB3oJwvoRideHE3h-WZjVVvkbAQeguKWcmSSX5Jujy_S0=,40套🦋 | 浅浅期待一下夏天穿搭思路～👗,万一呢我是美女.🥂,https://sns-avatar-qc.xhscdn.com/avatar/1040g2jo31vdpj5o02i005q6incrod1gqfnfqu2o?imageView2/2/w/80/format/jpg,5622,2717,31,370,穿搭,https://www.xiaohongshu.com/explore/68a6f57a000000001c034c0a?xsec_token=AB3oJwvoRideHE3h-WZjVVvkbAQeguKWcmSSX5Jujy_S0=
6a269fa7000000002201b972,ABKotL-IqqfFNusWd8eWKZTtG-hu4OwunVVqPsPzFlvcQ=,还得是旗袍,雪露啦lulu,https://sns-avatar-qc.xhscdn.com/avatar/1040g2jo31bkvo2hr10505o6vvlhgbqmlpl1j1j8?imageView2/2/w/80/format/jpg,15433,3214,168,1215,穿搭,https://www.xiaohongshu.com/explore/68a6f57a000000001c034c0a?xsec_token=ABKotL-IqqfFNusWd8eWKZTtG-hu4OwunVVqPsPzFlvcQ=
69d223dd00000000210062de,ABrc1Jw2BbDFRbBZ94QVMBjWov0OhtgYxWbNi08G7xrZw=,早春穿搭合集18图🌸,小珠珠,https://sns-avatar-qc.xhscdn.com/avatar/1040g2jo31mql8jecl80g4blcr3123pgvde6irq8?imageView2/2/w/80/format/jpg,3107,1561,264,196,穿搭,https://www.xiaohongshu.com/explore/68a6f57a000000001c034c0a?xsec_token=ABrc1Jw2BbDFRbBZ94QVMBjWov0OhtgYxWbNi08G7xrZw=
6a45f6bf000000000803f824,AB36IyAedIoclyXkvLQrOd1F5Lj6mEajZIlKNyoMEbN8o=,40+：慢热夏日｜18套大大大合集,曾曾在此,https://sns-avatar-qc.xhscdn.com/avatar/1040g2jo30vl40a50m60046prd1risj18ntkn06g?imageView2/2/w/80/format/jpg,1417,732,334,62,穿搭,https://www.xiaohongshu.com/explore/68a6f57a000000001c034c0a?xsec_token=AB36IyAedIoclyXkvLQrOd1F5Lj6mEajZIlKNyoMEbN8o=
6a45c27c000000001c02747e,AB36IyAedIoclyXkvLQrOd1LyTcKL1OpWFO2XqG4vgRfI=,职场通勤｜白色牛仔半裙8套穿搭方案,咕咚椰椰欧美穿搭分享,https://sns-avatar-qc.xhscdn.com/avatar/1040g2jo320thocreno005q027d93jtkjel4dsi0?imageView2/2/w/80/format/jpg,1858,1316,10,121,穿搭,https://www.xiaohongshu.com/explore/68a6f57a000000001c034c0a?xsec_token=AB36IyAedIoclyXkvLQrOd1LyTcKL1OpWFO2XqG4vgRfI=
69fdb6bf000000003502bec1,ABaqbqG8RBpToh2gLxdwuu2k06dvNVHQWAfHyp9hejlh4=,比起漂亮我更喜欢生命力！,撸铁的折耳根,https://sns-avatar-qc.xhscdn.com/avatar/1040g2jo31tu934hk18005nc45am095t40lptas8?imageView2/2/w/80/format/jpg,1280,277,84,112,穿搭,https://www.xiaohongshu.com/explore/68a6f57a000000001c034c0a?xsec_token=ABaqbqG8RBpToh2gLxdwuu2k06dvNVHQWAfHyp9hejlh4=
6a16445a0000000038036a8d,ABBgtYtp5vdypXEHpXVb4_QsRNfhhm4Aa-jWKgZMM13hg=,终于整理出我的酷酷夏季穿搭合集啦！,是狮狮不是喵,https://sns-avatar-qc.xhscdn.com/avatar/1040g2jo31vai7nbmiq5g5njvetug8s6obq0cngg?imageView2/2/w/80/format/jpg,260,77,9,62,穿搭,https://www.xiaohongshu.com/explore/68a6f57a000000001c034c0a?xsec_token=ABBgtYtp5vdypXEHpXVb4_QsRNfhhm4Aa-jWKgZMM13hg=
6a41485c000000001101dc9f,AB39xoXZs_kLq6zvAT6efHX1FG0N4d4nl4OarkLnad6rE=,我的一周7天通勤穿搭|我也太会穿了～,酱一口苹果,https://sns-avatar-qc.xhscdn.com/avatar/1040g2jo31n4t9ebel00g5o5shtrg829ml2jih78?imageView2/2/w/80/format/jpg,2308,1377,12,136,穿搭,https://www.xiaohongshu.com/explore/68a6f57a000000001c034c0a?xsec_token=AB39xoXZs_kLq6zvAT6efHX1FG0N4d4nl4OarkLnad6rE=
6a0081a70000000036003f94,ABRNeOtWhbdXD0kW18Sasqie4LEqZ8bEPK3M9Qh_kfID4=,꙳ ⋆ 🐈‍⬛˚outfit checkº·˚ 🐾,不吃了谢谢我不饿,https://sns-avatar-qc.xhscdn.com/avatar/605787ea6126a60505dd3f94.jpg?imageView2/2/w/80/format/jpg,910,312,44,59,穿搭,https://www.xiaohongshu.com/explore/68a6f57a000000001c034c0a?xsec_token=ABRNeOtWhbdXD0kW18Sasqie4LEqZ8bEPK3M9Qh_kfID4=
6a11ee170000000007029e88,ABrXUjG2tWF5CK71pLXxaPC9d7tbMfI42xH6W4H-h7Wxw=,周末出行不知道咋搭配？进来看看就知道了！,N one,https://sns-avatar-qc.xhscdn.com/avatar/1040g2jo31c8840lugs5040npir59bskcacb29go?imageView2/2/w/80/format/jpg,196,95,2,55,穿搭,https://www.xiaohongshu.com/explore/68a6f57a000000001c034c0a?xsec_token=ABrXUjG2tWF5CK71pLXxaPC9d7tbMfI42xH6W4H-h7Wxw=
6a0a8c2a0000000035022049,ABsKIDPzMHAA3BdvoJc2tZNONaDqw-czhfN0m38BcirYs=,上海街拍/小姐姐夏日街头穿搭,简寻～F街拍,https://sns-avatar-qc.xhscdn.com/avatar/1040g2jo31odtpkn950005n1c1es1sqffi6k0j4o?imageView2/2/w/80/format/jpg,531,151,3,17,穿搭,https://www.xiaohongshu.com/explore/68a6f57a000000001c034c0a?xsec_token=ABsKIDPzMHAA3BdvoJc2tZNONaDqw-czhfN0m38BcirYs=
6996d815000000001b01466c,ABNKuX97AbedKAb7wcH-uNTV9egntl1U5AHx1tgN42zb4=,40套🫧|夏天穿搭合集来咯~,娇气包,https://sns-avatar-qc.xhscdn.com/avatar/1040g2jo3110klm8imo6g5pg94q02pptptctve5o?imageView2/2/w/80/format/jpg,1277,558,7,220,穿搭,https://www.xiaohongshu.com/explore/68a6f57a000000001c034c0a?xsec_token=ABNKuX97AbedKAb7wcH-uNTV9egntl1U5AHx1tgN42zb4=
6a27b6cb0000000007028326,ABk-qVA4i9oKVJvw36K9ZoYi0dgtJFkDCNAj9WZtHYtWg=,最近的ootd,heee_cx,https://sns-avatar-qc.xhscdn.com/avatar/1040g2jo31j47rgdt1c005pdsv463boo7ed4k7t0?imageView2/2/w/80/format/jpg,374,133,9,68,穿搭,https://www.xiaohongshu.com/explore/68a6f57a000000001c034c0a?xsec_token=ABk-qVA4i9oKVJvw36K9ZoYi0dgtJFkDCNAj9WZtHYtWg=
69d39bbb000000001f005e57,ABxC7pfsR84QhKaE4k6jIfhVkx5Nq3AbCF1XkKz_mZyBY=,177/135｜春夏长期实穿主义穿搭 一周不重样,荔子不聊天,https://sns-avatar-qc.xhscdn.com/avatar/610d5095344d93912564adeb.jpg?imageView2/2/w/80/format/jpg,773,243,29,176,穿搭,https://www.xiaohongshu.com/explore/68a6f57a000000001c034c0a?xsec_token=ABxC7pfsR84QhKaE4k6jIfhVkx5Nq3AbCF1XkKz_mZyBY=
6a3235ab000000001003da62,ABxTds8Lx8Jb8S3DQ07lgtTonzRG6-m4XuSrt5aOzuBTY=,这样搭意外的好看,请您不要偷偷看我,https://sns-avatar-qc.xhscdn.com/avatar/62de3c02fad9d71e3c601836.jpg?imageView2/2/w/80/format/jpg,2263,791,80,205,穿搭,https://www.xiaohongshu.com/explore/68a6f57a000000001c034c0a?xsec_token=ABxTds8Lx8Jb8S3DQ07lgtTonzRG6-m4XuSrt5aOzuBTY=
6a080dac000000003503a505,AByLdq0MQ2tRoyXnl6YmZmRVdNt82NIghPBYdxZJ0_36Q=,基础穿搭🎞️日常～好喜欢夏天,Pullpo,https://sns-avatar-qc.xhscdn.com/avatar/1040g2jo31u3ageelhs0g5pgv5sphosnds9uta80?imageView2/2/w/80/format/jpg,568,169,90,84,穿搭,https://www.xiaohongshu.com/explore/68a6f57a000000001c034c0a?xsec_token=AByLdq0MQ2tRoyXnl6YmZmRVdNt82NIghPBYdxZJ0_36Q=
69ebb14e000000002202591b,AB3xmkKJ126-yfh3vQqqUVCkurvpKJNImxcVukUtxLcJE=,波点裙也太懂多巴胺通勤了吧💘,我是小Y,https://sns-avatar-qc.xhscdn.com/avatar/1040g2jo31v6e59sdia004a5smoi0qm9vc6i3r18?imageView2/2/w/80/format/jpg,436,154,71,322,穿搭,https://www.xiaohongshu.com/explore/68a6f57a000000001c034c0a?xsec_token=AB3xmkKJ126-yfh3vQqqUVCkurvpKJNImxcVukUtxLcJE=
69d21799000000001a0342c5,ABrc1Jw2BbDFRbBZ94QVMBjQc0Xung8JxdObhFY9tyE4A=,夏日这9套搭配，每一套都长在我审美上！,小美淘衣舍,https://sns-avatar-qc.xhscdn.com/avatar/1040g2jo31jtb3iab3q6g5pjenp62ua5hcngrk48?imageView2/2/w/80/format/jpg,375,178,11,106,穿搭,https://www.xiaohongshu.com/explore/68a6f57a000000001c034c0a?xsec_token=ABrc1Jw2BbDFRbBZ94QVMBjQc0Xung8JxdObhFY9tyE4A=
697c32bc00000000220305f8,ABASKgmwMk-kSnwBJw4mljw4pQeaeMHkzcNZ4gD9tPYHI=,1️⃣8️⃣套！！ 想念夏天的漂亮衣服啦！！！,软软学姐✨,https://sns-avatar-qc.xhscdn.com/avatar/1040g2jo31armv7rq7g6g5pioceuiucki873rcsg?imageView2/2/w/80/format/jpg,3882,1477,56,1711,穿搭,https://www.xiaohongshu.com/explore/68a6f57a000000001c034c0a?xsec_token=ABASKgmwMk-kSnwBJw4mljw4pQeaeMHkzcNZ4gD9tPYHI=
6a3011e1000000001c024d11,ABNRPZGMfyU7Xtw8Bjy8AK2t5ZE5n98MFpM48FMxeCldg=,176//102 最近的穿搭合集～,谷子美,https://sns-avatar-qc.xhscdn.com/avatar/6410bbf92a05a5c7c47fa042.jpg?imageView2/2/w/80/format/jpg,429,128,11,33,穿搭,https://www.xiaohongshu.com/explore/68a6f57a000000001c034c0a?xsec_token=ABNRPZGMfyU7Xtw8Bjy8AK2t5ZE5n98MFpM48FMxeCldg=
6a5629330000000017008457,ABfRnKeGATNJ0mrIkCBPnbrDgD2367lrzPtxoo4TVho7k=,1️⃣2️⃣套！淡人的极简黑白系cleanfit穿搭,小居,https://sns-avatar-qc.xhscdn.com/avatar/1040g2jo313abn8o204005pa5ognhgnfdkfjh95g?imageView2/2/w/80/format/jpg,305,120,8,19,穿搭,https://www.xiaohongshu.com/explore/68a6f57a000000001c034c0a?xsec_token=ABfRnKeGATNJ0mrIkCBPnbrDgD2367lrzPtxoo4TVho7k=
67daaa75000000000302801a,ABW0yHdxd0M9ztSv8cz77NJ6QmvKareMLQk8xPOUdlEoQ=,模特vs普通人｜最近的衣服运还不错,安熊来了（努力测评版！,https://sns-avatar-qc.xhscdn.com/avatar/1040g2jo315aamjfo1a005nljvb408co0mgseu8g?imageView2/2/w/80/format/jpg,13167,4775,450,1027,穿搭,https://www.xiaohongshu.com/explore/68a6f57a000000001c034c0a?xsec_token=ABW0yHdxd0M9ztSv8cz77NJ6QmvKareMLQk8xPOUdlEoQ=
6a12dccb000000003700f791,AB_NXtuz0OP0CQM5o7IRMxiHVrAJ2lx3Ts9CC1xQXjtRE=,杨幂才是辣妹🥵的正确穿搭示范‼️,Get明星私服穿搭,https://sns-avatar-qc.xhscdn.com/avatar/6203d102fd7c1374b9309b3d.jpg?imageView2/2/w/80/format/jpg,1439,361,14,18,穿搭,https://www.xiaohongshu.com/explore/68a6f57a000000001c034c0a?xsec_token=AB_NXtuz0OP0CQM5o7IRMxiHVrAJ2lx3Ts9CC1xQXjtRE=
6a2fb508000000001503f428,ABCRfV8ETmOOfXjNl4OrQfuBUPY3zwr0ZDhQ6NXa0ns2Q=,巴黎街头的随性，原来这么简单！,咕咚椰椰欧美穿搭分享,https://sns-avatar-qc.xhscdn.com/avatar/1040g2jo320thocreno005q027d93jtkjel4dsi0?imageView2/2/w/80/format/jpg,158,102,0,15,穿搭,https://www.xiaohongshu.com/explore/68a6f57a000000001c034c0a?xsec_token=ABCRfV8ETmOOfXjNl4OrQfuBUPY3zwr0ZDhQ6NXa0ns2Q=
6a0f16530000000038035d01,ABSmVlUyLVxVFVKknKA4VzhHhDd3ghcLc5OBlnIXa8n4A=,初恋女友穿搭天花板！章若楠你真的太会穿了,时尚蜗牛,https://sns-avatar-qc.xhscdn.com/avatar/63f0c367f291fa54a882b761.jpg?imageView2/2/w/80/format/jpg,531,299,0,25,穿搭,https://www.xiaohongshu.com/explore/68a6f57a000000001c034c0a?xsec_token=ABSmVlUyLVxVFVKknKA4VzhHhDd3ghcLc5OBlnIXa8n4A=
69e09c500000000021006e5a,ABg8TBacOCq0xsUaOMDtob0codh7mPXmr3BXbSHv2K1yA=,₊˚딩동｜一周穿搭合集♡ ⊹,chim,https://sns-avatar-qc.xhscdn.com/avatar/1040g2jo316ib0ftn0k0g49p64njafbkrvfusl50?imageView2/2/w/80/format/jpg,1692,545,45,67,穿搭,https://www.xiaohongshu.com/explore/68a6f57a000000001c034c0a?xsec_token=ABg8TBacOCq0xsUaOMDtob0codh7mPXmr3BXbSHv2K1yA=
6a1bfef00000000038034149,ABSltn_9ssAysVFr2_pog0Zcpv4a36XTuckLGW4wekywE=,12套｜欧美风夏日松弛感穿搭，裙装裤装都显贵,咕咚椰椰欧美穿搭分享,https://sns-avatar-qc.xhscdn.com/avatar/1040g2jo320thocreno005q027d93jtkjel4dsi0?imageView2/2/w/80/format/jpg,241,206,1,10,穿搭,https://www.xiaohongshu.com/explore/68a6f57a000000001c034c0a?xsec_token=ABSltn_9ssAysVFr2_pog0Zcpv4a36XTuckLGW4wekywE=
6a46ec8c000000001101e7a6,AB14KHMOnU8RgVWYWI5ZrAM59YMOwcWrJqTeuFslhPifg=,40+通勤别乱配色，这6组照着穿,念念穿搭,https://sns-avatar-qc.xhscdn.com/avatar/1040g2jo320s92hlgn40g5q89v48tpdav1rbvlm8?imageView2/2/w/80/format/jpg,114,127,3,21,穿搭,https://www.xiaohongshu.com/explore/68a6f57a000000001c034c0a?xsec_token=AB14KHMOnU8RgVWYWI5ZrAM59YMOwcWrJqTeuFslhPifg=
69a62479000000002800a703,ABedIDjeq9-hZHdlPM3_tQGK5LntWafUuidhvDJwHKuhk=,旧衣👉新穿｜ootd早春穿搭分享,Miho!!!,https://sns-avatar-qc.xhscdn.com/avatar/1040g2jo32074gs765s005p2b18rqa42hk77vhdo?imageView2/2/w/80/format/jpg,3352,2202,179,259,穿搭,https://www.xiaohongshu.com/explore/68a6f57a000000001c034c0a?xsec_token=ABedIDjeq9-hZHdlPM3_tQGK5LntWafUuidhvDJwHKuhk=
687eed03000000001202ca63,ABC3P8LoGJ_HUGZvwL3rSlLTmFnceJ_BAUHY3by6OWw_M=,Ootd一周穿搭合集🎞️,TiNayu,https://sns-avatar-qc.xhscdn.com/avatar/638c0413dd9f86c15df48708.jpg?imageView2/2/w/80/format/jpg,1215,383,34,70,穿搭,https://www.xiaohongshu.com/explore/68a6f57a000000001c034c0a?xsec_token=ABC3P8LoGJ_HUGZvwL3rSlLTmFnceJ_BAUHY3by6OWw_M=
69e896c5000000001a0206b4,ABogGELP8C-FLYMUlhEGX1ir6UyyZjRT8F1PwYdiDCKy0=,时髦通勤cleanfit｜微喇神裤高智感合集*7,小居,https://sns-avatar-qc.xhscdn.com/avatar/1040g2jo313abn8o204005pa5ognhgnfdkfjh95g?imageView2/2/w/80/format/jpg,3587,1405,118,151,穿搭,https://www.xiaohongshu.com/explore/68a6f57a000000001c034c0a?xsec_token=ABogGELP8C-FLYMUlhEGX1ir6UyyZjRT8F1PwYdiDCKy0=
69e1f4900000000022024927,AB-6bY45GCKPnfnzayI0vWjIQQnviHqaRS9lAbuesCLug=,ootd｜一期一会,heee_cx,https://sns-avatar-qc.xhscdn.com/avatar/1040g2jo31j47rgdt1c005pdsv463boo7ed4k7t0?imageView2/2/w/80/format/jpg,731,258,14,56,穿搭,https://www.xiaohongshu.com/explore/68a6f57a000000001c034c0a?xsec_token=AB-6bY45GCKPnfnzayI0vWjIQQnviHqaRS9lAbuesCLug=
69e1c107000000001a02c306,AB-6bY45GCKPnfnzayI0vWjH35G0AuDbar-J7Q_xpQiXE=,2026夏日轻熟风✨温柔到骨子里清新气质穿搭,CCの穿搭日记（持续更新ing...）,https://sns-avatar-qc.xhscdn.com/avatar/1040g2jo31fnqf47a7k0045be44fjs7kso9hc1mg?imageView2/2/w/80/format/jpg,77,61,0,30,穿搭,https://www.xiaohongshu.com/explore/68a6f57a000000001c034c0a?xsec_token=AB-6bY45GCKPnfnzayI0vWjH35G0AuDbar-J7Q_xpQiXE=
6a310bde000000001603eab0,ABTMymwRURqrOLxDws-cd_03e8t53hiR-ysC_8M8bcgzQ=,半熟恋人｜柳柳穿搭合集10套甜妹本命🍧,Amigo's 同款,https://sns-avatar-qc.xhscdn.com/avatar/641811ea830af0b631fdd444.jpg?imageView2/2/w/80/format/jpg,1689,924,81,203,穿搭,https://www.xiaohongshu.com/explore/68a6f57a000000001c034c0a?xsec_token=ABTMymwRURqrOLxDws-cd_03e8t53hiR-ysC_8M8bcgzQ=
6a45e24f00000000080005d3,AB36IyAedIoclyXkvLQrOd1JSAGhdabv-x1Rf1uasgd_c=,职场女高管的穿搭就一个字：稳,Chic溪,https://sns-avatar-qc.xhscdn.com/avatar/1040g2jo31u3h6v622a005p3and844u5c0ht68a0?imageView2/2/w/80/format/jpg,572,540,19,70,穿搭,https://www.xiaohongshu.com/explore/68a6f57a000000001c034c0a?xsec_token=AB36IyAedIoclyXkvLQrOd1JSAGhdabv-x1Rf1uasgd_c=
6a3f48e600000000080302f7,ABa1D12IXoFAjXeJ6-SnCv3Y3fKPO69cIm033r8LXyGek=,16套｜很适合普通女生照搬的卡其色搭配合集✨,萌萌欧美穿搭分享,https://sns-avatar-qc.xhscdn.com/avatar/5f8fefb099eedd0001aea650.jpg?imageView2/2/w/80/format/jpg,70,55,0,16,穿搭,https://www.xiaohongshu.com/explore/68a6f57a000000001c034c0a?xsec_token=ABa1D12IXoFAjXeJ6-SnCv3Y3fKPO69cIm033r8LXyGek=
69d0c75b000000001b0039b7,AB4xtKtiHRHFGAQ5zyJDEQWBQYtOAsX5UktYSIshnCiDg=,好稀饭❤️❤️,花生酥k5k,https://sns-avatar-qc.xhscdn.com/avatar/6458d54ca4beb89eeeaa150c.jpg?imageView2/2/w/80/format/jpg,7053,2349,179,574,穿搭,https://www.xiaohongshu.com/explore/68a6f57a000000001c034c0a?xsec_token=AB4xtKtiHRHFGAQ5zyJDEQWBQYtOAsX5UktYSIshnCiDg=
6a222cf70000000036019879,ABQR--UYIGb5ica6qvGSWCdC846mFyjbilBJiCC1Vte8c=,19套｜普通人女生夏日极简通勤高级感穿搭,音符不高～梨形这样穿,https://sns-avatar-qc.xhscdn.com/avatar/1040g2jo3217jlehana6g5nlpv5ug81jmonnctao?imageView2/2/w/80/format/jpg,68,56,7,13,穿搭,https://www.xiaohongshu.com/explore/68a6f57a000000001c034c0a?xsec_token=ABQR--UYIGb5ica6qvGSWCdC846mFyjbilBJiCC1Vte8c=
69b02748000000002603e403,ABwbVrTPh6o3DBdrwMLUJzSv_5SrbwrDABAo8w5UxqA8A=,一周ootd穿搭不重样,Sisi,https://sns-avatar-qc.xhscdn.com/avatar/1040g2jo31umf0hfb1u0049n7klbuj5ko7fm3gco?imageView2/2/w/80/format/jpg,254,83,21,11,穿搭,https://www.xiaohongshu.com/explore/68a6f57a000000001c034c0a?xsec_token=ABwbVrTPh6o3DBdrwMLUJzSv_5SrbwrDABAo8w5UxqA8A=
6a09bd1a0000000008024f76,ABK3V76G_iNmfeWoTRr7gfks3ybbmPKbhOcQkgUI30B3U=,42岁｜亚麻随性松弛感☁️简简单单就很好看～,小乔178,https://sns-avatar-qc.xhscdn.com/avatar/624877984db09947b6d5379c.jpg?imageView2/2/w/80/format/jpg,250,139,42,25,穿搭,https://www.xiaohongshu.com/explore/68a6f57a000000001c034c0a?xsec_token=ABK3V76G_iNmfeWoTRr7gfks3ybbmPKbhOcQkgUI30B3U=
68062faf000000000903b190,ABrEIsPMA6EAq3lTuAwgiv5yhqGYpFDMhBtIR7B4OcLmo=,她真的好会穿搭啊✨2025的时髦全靠她了！！,娜家HAO穿搭,https://sns-avatar-qc.xhscdn.com/avatar/62c6b27b1dd59b0001fc5003.jpg?imageView2/2/w/80/format/jpg,1472,1007,63,130,穿搭,https://www.xiaohongshu.com/explore/68a6f57a000000001c034c0a?xsec_token=ABrEIsPMA6EAq3lTuAwgiv5yhqGYpFDMhBtIR7B4OcLmo=
69fdb322000000003601c9cd,ABaqbqG8RBpToh2gLxdwuu2tXLnK8p8AoyeYhql0n2hEw=,拒绝廉价感！8家我爱逛的小众店铺分享,是汤圆不是团子,https://sns-avatar-qc.xhscdn.com/avatar/1000g2jo2lrk8ip4iu06g5o26srg095ab36c4kmg?imageView2/2/w/80/format/jpg,2912,2311,19,165,穿搭,https://www.xiaohongshu.com/explore/68a6f57a000000001c034c0a?xsec_token=ABaqbqG8RBpToh2gLxdwuu2tXLnK8p8AoyeYhql0n2hEw=
69ed6d2500000000370365dc,ABoR8Gv1VFqoC4CG0vPziyMZYnoYOw9B-_yHwr6-v0pIk=,哪一套好看,向日葵儿uas,https://sns-avatar-qc.xhscdn.com/avatar/1040g2jo31ukhn1kn2i605pkegbqjul69qsq3uao?imageView2/2/w/80/format/jpg,63,18,8,6,穿搭,https://www.xiaohongshu.com/explore/68a6f57a000000001c034c0a?xsec_token=ABoR8Gv1VFqoC4CG0vPziyMZYnoYOw9B-_yHwr6-v0pIk=
6a000cbb000000000702bbaa,ABRNeOtWhbdXD0kW18SasqiXM8W_FvTCfCHOte0N1G834=,一口气看完1️⃣8️⃣套夏日穿搭合集☀️,软软,https://sns-avatar-qc.xhscdn.com/avatar/1040g2jo319g2po64mg6g5pn05fb3cgca9viga00?imageView2/2/w/80/format/jpg,1274,508,8,96,穿搭,https://www.xiaohongshu.com/explore/68a6f57a000000001c034c0a?xsec_token=ABRNeOtWhbdXD0kW18SasqiXM8W_FvTCfCHOte0N1G834=
6a1514e200000000360192a9,ABWqcg0s8aCPtNjmIGArI3N8wuXMvd66nreanCINY0BaI=,摆脱路人感 气质穿搭合集,小鱼爱穿搭,https://sns-avatar-qc.xhscdn.com/avatar/1040g2jo320e8gk20lm0048si91s8qrn1t7o8mqg?imageView2/2/w/80/format/jpg,155,107,8,14,穿搭,https://www.xiaohongshu.com/explore/68a6f57a000000001c034c0a?xsec_token=ABWqcg0s8aCPtNjmIGArI3N8wuXMvd66nreanCINY0BaI=
6a39496f000000001503fb00,ABCFDiwoBbDPLEQ1MbYcjF2xMcrmrz2IGbu9uUt54wOBY=,这18套穿搭，哪一套美到你了呢？,惊鸿喵女装店,https://sns-avatar-qc.xhscdn.com/avatar/1040g2jo31j2ntifb1e005po6igincdsc6nqjsc8?imageView2/2/w/80/format/jpg,159,64,2,8,穿搭,https://www.xiaohongshu.com/explore/68a6f57a000000001c034c0a?xsec_token=ABCFDiwoBbDPLEQ1MbYcjF2xMcrmrz2IGbu9uUt54wOBY=
69d78872000000001a02d2bf,ABYHrttUrDaWeQOOuNKUDJqRrfMJmIapdx_7B8GGzLtK4=,职场人私藏衣橱｜通勤穿搭天花板,贰拾肆日,https://sns-avatar-qc.xhscdn.com/avatar/1040g2jo31tbgt49alm005plqn11ne9fjmgvdps0?imageView2/2/w/80/format/jpg,1282,682,13,60,穿搭,https://www.xiaohongshu.com/explore/68a6f57a000000001c034c0a?xsec_token=ABYHrttUrDaWeQOOuNKUDJqRrfMJmIapdx_7B8GGzLtK4=
6a1e5623000000003700f043,ABEUnMb0K94rO415NeW0VI8HkSnMIuc5t3icgM2bS3vdA=,法式慵懒穿搭｜48套普通人直接照抄就很美,小羊苏西｜法式基础穿搭,https://sns-avatar-qc.xhscdn.com/avatar/1040g2jo320khftut68005nc3dsl0ba97qfjr9e0?imageView2/2/w/80/format/jpg,672,636,8,109,穿搭,https://www.xiaohongshu.com/explore/68a6f57a000000001c034c0a?xsec_token=ABEUnMb0K94rO415NeW0VI8HkSnMIuc5t3icgM2bS3vdA=
6a2bb8010000000006037cc7,ABngcQtSr4KYxREb1C6N24s5-HSEpbvx9RompWTED0Oiw=,30+ | 轻衫一件，慢度海边时日,方俞Fiona,https://sns-avatar-qc.xhscdn.com/avatar/1040g2jo31r05t1ut00005q74nv7cl6hg8ucoeu8?imageView2/2/w/80/format/jpg,86,43,9,4,穿搭,https://www.xiaohongshu.com/explore/68a6f57a000000001c034c0a?xsec_token=ABngcQtSr4KYxREb1C6N24s5-HSEpbvx9RompWTED0Oiw=
689af966000000001b03ffb1,ABchVCZrXFeKRXEGucT2vMQFQ4ieNK29NyukxDKpELWtU=,一周不重样无性别穿搭,昏昏nomadic,https://sns-avatar-qc.xhscdn.com/avatar/60e47f26c8993c6cd87f6010.jpg?imageView2/2/w/80/format/jpg,8497,2352,254,571,穿搭,https://www.xiaohongshu.com/explore/68a6f57a000000001c034c0a?xsec_token=ABchVCZrXFeKRXEGucT2vMQFQ4ieNK29NyukxDKpELWtU=
6a462841000000001603eddb,AB14KHMOnU8RgVWYWI5ZrAM7z8I-mtC2wb8vvxjP7fRl4=,高级感一周穿搭✖️10,Jarrvis,https://sns-avatar-qc.xhscdn.com/avatar/6276251d3f65210332fe4194.jpg?imageView2/2/w/80/format/jpg,512,177,31,32,穿搭,https://www.xiaohongshu.com/explore/68a6f57a000000001c034c0a?xsec_token=AB14KHMOnU8RgVWYWI5ZrAM7z8I-mtC2wb8vvxjP7fRl4=
6a20ea90000000002100a9bd,ABma6w5g1GReGUtqqk5Aj-mw7qb4AibjInl7CdEV0wVKY=,简简单单穿 自在过一夏,卫_公子,https://sns-avatar-qc.xhscdn.com/avatar/1040g2jo322c2gs147e0049pp90q513jm5ou6lb8?imageView2/2/w/80/format/jpg,215,152,47,3,穿搭,https://www.xiaohongshu.com/explore/68a6f57a000000001c034c0a?xsec_token=ABma6w5g1GReGUtqqk5Aj-mw7qb4AibjInl7CdEV0wVKY=
6a3919b8000000000603646c,ABCFDiwoBbDPLEQ1MbYcjF26hlggHllMDdNWZN-zSxDU0=,2️⃣4️⃣套夏天穿搭｜答应我夏天就要这样穿～🔗,魔法衣橱,https://sns-avatar-qc.xhscdn.com/avatar/1040g2jo31f4glbbmmo004a3jvej58hj6qarcjb0?imageView2/2/w/80/format/jpg,97,37,0,5,穿搭,https://www.xiaohongshu.com/explore/68a6f57a000000001c034c0a?xsec_token=ABCFDiwoBbDPLEQ1MbYcjF26hlggHllMDdNWZN-zSxDU0=
6a1f764000000000360033e3,ABj3VHdZAnksmQVAasT8Yvt_x6Rexfh1KRdMIC0x-xlCQ=,初夏格雷系 简单清爽🫧🩶,甄甜甜,https://sns-avatar-qc.xhscdn.com/avatar/1040g2jo31in1etiggu1049rv3j72khva1il39t0?imageView2/2/w/80/format/jpg,583,249,28,32,穿搭,https://www.xiaohongshu.com/explore/68a6f57a000000001c034c0a?xsec_token=ABj3VHdZAnksmQVAasT8Yvt_x6Rexfh1KRdMIC0x-xlCQ=
69e1a63f000000001a02fff2,AB-6bY45GCKPnfnzayI0vWjNFXjvrSOAgl8RdOzLUIO1U=,优衣库春夏新品一眼心动✨简约高级感拿捏！🫐,鲜虾脆片儿,https://sns-avatar-qc.xhscdn.com/avatar/1040g2jo317pbrlvpka0g5n548dplvba35u3pupg?imageView2/2/w/80/format/jpg,505,241,15,70,穿搭,https://www.xiaohongshu.com/explore/68a6f57a000000001c034c0a?xsec_token=AB-6bY45GCKPnfnzayI0vWjNFXjvrSOAgl8RdOzLUIO1U=
6a5ae0ba00000000090354e5,ABt_ribSGvPgOmFMVE85lfRYEbCSCWjUfBzU_KEO4UPgg=,高级感穿搭｜温柔又气质的亚麻套装！,深圳高版大叔,https://sns-avatar-qc.xhscdn.com/avatar/1040g2jo31gmbo3283o005pgco342pk1b2qqe2s0?imageView2/2/w/80/format/jpg,6,1,0,2,穿搭,https://www.xiaohongshu.com/explore/68a6f57a000000001c034c0a?xsec_token=ABt_ribSGvPgOmFMVE85lfRYEbCSCWjUfBzU_KEO4UPgg=
6a12b8430000000008003076,AB_NXtuz0OP0CQM5o7IRMxiNI4LmoMxL0LG8cl-yEEOO4=,all white！是我喜欢的智性姐感！,lii,https://sns-avatar-qc.xhscdn.com/avatar/1040g2jo31ha2399n3u005p8vd6a8su16f9r6uko?imageView2/2/w/80/format/jpg,2263,571,28,72,穿搭,https://www.xiaohongshu.com/explore/68a6f57a000000001c034c0a?xsec_token=AB_NXtuz0OP0CQM5o7IRMxiNI4LmoMxL0LG8cl-yEEOO4=
69edfa65000000003503bcad,ABoR8Gv1VFqoC4CG0vPziyMQ2TKgQX8ywRgNetGGvAd4U=,入夏购物分享，百搭舒适平价好穿,嘉嘉早睡了没,https://sns-avatar-qc.xhscdn.com/avatar/1040g2jo317eijchbjk6g5p220at51gk46n7dlsg?imageView2/2/w/80/format/jpg,1194,352,19,23,穿搭,https://www.xiaohongshu.com/explore/68a6f57a000000001c034c0a?xsec_token=ABoR8Gv1VFqoC4CG0vPziyMQ2TKgQX8ywRgNetGGvAd4U=
69ad5e67000000001a030d7b,ABkyZfRZqAdWDgivFe842RCir8SnaVXksbAyEM8etqpCA=,存子的clean fit风已经到达next  level,u-r-fashion,https://sns-avatar-qc.xhscdn.com/avatar/1040g2jo3229jtn05ne0049ouaeogsqo19n15gpg?imageView2/2/w/80/format/jpg,1308,498,3,75,穿搭,https://www.xiaohongshu.com/explore/68a6f57a000000001c034c0a?xsec_token=ABkyZfRZqAdWDgivFe842RCir8SnaVXksbAyEM8etqpCA=
6a1065e30000000036032227,ABKFW0axtVg-ShumtuPGuooXJs0IjNar01bzcx30QUauY=,终于蹲到三公！我的快乐又回来了！,Fashionstyle,https://sns-avatar-qc.xhscdn.com/avatar/5e99853a8fbefa0001d6066d.jpg?imageView2/2/w/80/format/jpg,572,215,15,272,穿搭,https://www.xiaohongshu.com/explore/68a6f57a000000001c034c0a?xsec_token=ABKFW0axtVg-ShumtuPGuooXJs0IjNar01bzcx30QUauY=
6a5b4215000000000f01cff6,ABEAgP4coJ8pvXgDzq8_zpaGKonL4O4lAR6FAXVO8zLfI=,70后妈妈 00后女儿 演绎母女穿搭,合肥木子喔母女穿搭,https://sns-avatar-qc.xhscdn.com/avatar/1040g2jo31uen1eoej60g5qc5pgdoaeos979agfg?imageView2/2/w/80/format/jpg,2,0,0,0,穿搭,https://www.xiaohongshu.com/explore/68a6f57a000000001c034c0a?xsec_token=ABEAgP4coJ8pvXgDzq8_zpaGKonL4O4lAR6FAXVO8zLfI=
6a5b1c85000000000f031e97,ABEAgP4coJ8pvXgDzq8_zpaJGDbUn7okZbfcZJsRyZ3xk=,今天是甜辣风穿搭～,咿咿杂货铺,https://sns-avatar-qc.xhscdn.com/avatar/1040g2jo321hr71skmu005om7r3rgvsvtehee72o?imageView2/2/w/80/format/jpg,6,1,0,0,穿搭,https://www.xiaohongshu.com/explore/68a6f57a000000001c034c0a?xsec_token=ABEAgP4coJ8pvXgDzq8_zpaJGDbUn7okZbfcZJsRyZ3xk=
6a0728aa000000003503041d,ABVaA-O8xow8hyyUtoyja2es7TdMHYD63Tsocgv7Z46BA=,奚梦瑶同款老钱风｜不费力的贵气感穿搭模板,KioYu Fashion,https://sns-avatar-qc.xhscdn.com/avatar/1040g2jo31hbbpm3a386g5pa5rmj38gblo8273ng?imageView2/2/w/80/format/jpg,255,148,0,12,穿搭,https://www.xiaohongshu.com/explore/68a6f57a000000001c034c0a?xsec_token=ABVaA-O8xow8hyyUtoyja2es7TdMHYD63Tsocgv7Z46BA=
69d48b08000000001d01a83e,ABxz_Ugb3fD1_ZCCcL3lVxm7U_OK8QkLpPONxZ7PSCqeo=,穿灰色也好好看📷透着松弛与高级感！！,卡拉娜J穿搭,https://sns-avatar-qc.xhscdn.com/avatar/63720f1fcda29600018a7d4a.jpg?imageView2/2/w/80/format/jpg,728,400,13,43,穿搭,https://www.xiaohongshu.com/explore/68a6f57a000000001c034c0a?xsec_token=ABxz_Ugb3fD1_ZCCcL3lVxm7U_OK8QkLpPONxZ7PSCqeo=
6a3fcdad000000001503df1e,ABa1D12IXoFAjXeJ6-SnCv3TF5kMWmUdAVn1OCwA4B7rU=,4️⃣0️⃣套｜夏天日常通勤穿搭合集,Celinee,https://sns-avatar-qc.xhscdn.com/avatar/1040g2jo31keqga89j2005plslhi7cdminkbrrng?imageView2/2/w/80/format/jpg,30,10,1,1,穿搭,https://www.xiaohongshu.com/explore/68a6f57a000000001c034c0a?xsec_token=ABa1D12IXoFAjXeJ6-SnCv3TF5kMWmUdAVn1OCwA4B7rU=
6a5b3045000000001303dda2,ABEAgP4coJ8pvXgDzq8_zpaBS8ibjXykVykDba_JKmyh8=,董洁又一套神级穿搭！简约松弛气质爆棚👏,一本时尚书,https://sns-avatar-qc.xhscdn.com/avatar/1040g2jo3128t3906560g5pblaqqfd0mvn9t1t6g?imageView2/2/w/80/format/jpg,37,5,0,0,穿搭,https://www.xiaohongshu.com/explore/68a6f57a000000001c034c0a?xsec_token=ABEAgP4coJ8pvXgDzq8_zpaBS8ibjXykVykDba_JKmyh8=
6a1d8264000000003502774c,ABCdmnJ4SUptKxjxNR_wdyc2CIEIdnak7QzFQ6sK5Refw=,🌿 棕调氛围感穿搭合集,Seren.,https://sns-avatar-qc.xhscdn.com/avatar/1040g2jo31u62gqnoiu005q8qrdrdo3q398h4728?imageView2/2/w/80/format/jpg,4,4,0,0,穿搭,https://www.xiaohongshu.com/explore/68a6f57a000000001c034c0a?xsec_token=ABCdmnJ4SUptKxjxNR_wdyc2CIEIdnak7QzFQ6sK5Refw=
6a5a43c5000000001303e3c0,ABt_ribSGvPgOmFMVE85lfRbxLmDcXeFLQTRszSlH0Pjk=,初夏穿搭，我先来！💚💚💚,美姿の穿搭笔记,https://sns-avatar-qc.xhscdn.com/avatar/1040g2jo31v2kvknpii6g5pmlaq82u20btc9k6l8?imageView2/2/w/80/format/jpg,1,0,0,0,穿搭,https://www.xiaohongshu.com/explore/68a6f57a000000001c034c0a?xsec_token=ABt_ribSGvPgOmFMVE85lfRbxLmDcXeFLQTRszSlH0Pjk=
69b52a4e000000001e00edda,AB4h4HLazHHVfmJGpHeZZ5GfdSib4qai06Sfvmzg-0Q2Q=,电梯一周穿搭、,V+设计师买手店,https://sns-avatar-qc.xhscdn.com/avatar/1040g2jo31f0nt0fd6i0049kc9e8e0t9vmaqsql8?imageView2/2/w/80/format/jpg,829,377,77,82,穿搭,https://www.xiaohongshu.com/explore/68a6f57a000000001c034c0a?xsec_token=AB4h4HLazHHVfmJGpHeZZ5GfdSib4qai06Sfvmzg-0Q2Q=
6a5afd0e0000000009036fed,ABt_ribSGvPgOmFMVE85lfRVcs6VmRCqoDPF40zjwrq8k=,最近很火的松弛感穿搭！！莱赛尔速干防晒衫,果子U.mi穿搭,https://sns-avatar-qc.xhscdn.com/avatar/1040g2jo322ioq1jv7o0g5qc1h9gnbnl30dluq18?imageView2/2/w/80/format/jpg,1,0,0,0,穿搭,https://www.xiaohongshu.com/explore/68a6f57a000000001c034c0a?xsec_token=ABt_ribSGvPgOmFMVE85lfRVcs6VmRCqoDPF40zjwrq8k=
6a5b41cd000000000101d6cb,ABEAgP4coJ8pvXgDzq8_zpaN-Z2y9Ax8c2Pd5lRmoC2YA=,穿搭分享,BETTER TARGET（成都时代天街店）,https://sns-avatar-qc.xhscdn.com/avatar/72bc3009-ad6d-3f74-acaa-f544cbd0f122?imageView2/2/w/80/format/jpg,0,0,0,0,穿搭,https://www.xiaohongshu.com/explore/68a6f57a000000001c034c0a?xsec_token=ABEAgP4coJ8pvXgDzq8_zpaN-Z2y9Ax8c2Pd5lRmoC2YA=
6a5b4747000000001b01d88f,ABEAgP4coJ8pvXgDzq8_zpaOppi0ayq8O2TDdDmRuVlxc=,100%纯棉背心💯 夏日清爽穿搭秘籍！,柒號服饰Qin,https://sns-avatar-qc.xhscdn.com/avatar/d4c3be4b-8b57-3f06-8bd9-8287873a198d?imageView2/2/w/80/format/jpg,0,0,0,0,穿搭,https://www.xiaohongshu.com/explore/68a6f57a000000001c034c0a?xsec_token=ABEAgP4coJ8pvXgDzq8_zpaOppi0ayq8O2TDdDmRuVlxc=
6a5adfee000000001102dd73,ABt_ribSGvPgOmFMVE85lfRcFmL4GI_t8tndOqalf0e5o=,170 100 | 今天是高智感通勤穿搭,AAU store,https://sns-avatar-qc.xhscdn.com/avatar/1040g2jo31th38k3f5m605q1fvmajjsoj6jk7obo?imageView2/2/w/80/format/jpg,2,1,0,0,穿搭,https://www.xiaohongshu.com/explore/68a6f57a000000001c034c0a?xsec_token=ABt_ribSGvPgOmFMVE85lfRcFmL4GI_t8tndOqalf0e5o=
69c400b80000000023026f52,ABWd6zqSg1re5X6OsRjaFmijDxfVuWLj0-mxsumEXd0Z4=,报告！看我的穿搭合集！,喜欢开心果,https://sns-avatar-qc.xhscdn.com/avatar/1040g2jo31sbu2p5u58005pgtclbgu8ft9ag2sc0?imageView2/2/w/80/format/jpg,27,10,0,1,穿搭,https://www.xiaohongshu.com/explore/68a6f57a000000001c034c0a?xsec_token=ABWd6zqSg1re5X6OsRjaFmijDxfVuWLj0-mxsumEXd0Z4=
6a486456000000001101573e,AB8Y4ftibNX7Si0FeRfrjzhtSJrlTr3rpA--PMS_pDOqk=,4️⃣0️⃣套｜夏日韩系穿搭合集,Serendipity,https://sns-avatar-qc.xhscdn.com/avatar/1040g2jo31onvlomrkq005q864l5dohkd632q020?imageView2/2/w/80/format/jpg,68,31,0,4,穿搭,https://www.xiaohongshu.com/explore/68a6f57a000000001c034c0a?xsec_token=AB8Y4ftibNX7Si0FeRfrjzhtSJrlTr3rpA--PMS_pDOqk=
6a5b41aa0000000022019c3e,ABEAgP4coJ8pvXgDzq8_zpaKmU4orj58DojnAU-XM5obc=,谁懂！那个时髦姐姐的穿搭～,南昌元宿-设计师品牌女装,https://sns-avatar-qc.xhscdn.com/avatar/1040g2jo31328ihe2086g5otdtdv9glijlqf082g?imageView2/2/w/80/format/jpg,0,0,0,0,穿搭,https://www.xiaohongshu.com/explore/68a6f57a000000001c034c0a?xsec_token=ABEAgP4coJ8pvXgDzq8_zpaKmU4orj58DojnAU-XM5obc=
6a5609fa000000000f02b5d8,ABfRnKeGATNJ0mrIkCBPnbrCTPJ4rbHY9Dup41bCKLpHM=,女大点评yolo🆕瘦门回归全身材友好显瘦穿搭,别乱买听我椰🥥,https://sns-avatar-qc.xhscdn.com/avatar/1040g2jo31v7d6griis10487ohripvlskojq9pu0?imageView2/2/w/80/format/jpg,4303,2405,29,87,穿搭,https://www.xiaohongshu.com/explore/68a6f57a000000001c034c0a?xsec_token=ABfRnKeGATNJ0mrIkCBPnbrCTPJ4rbHY9Dup41bCKLpHM=
6a5b41a40000000009035665,ABEAgP4coJ8pvXgDzq8_zpaLebaSIiGXWcOJVwo7xH9HU=,dufang～这穿搭太爱了,UE ： kids,https://sns-avatar-qc.xhscdn.com/avatar/645c5aae5ce02c30f0ff9872.jpg?imageView2/2/w/80/format/jpg,4,2,0,0,穿搭,https://www.xiaohongshu.com/explore/68a6f57a000000001c034c0a?xsec_token=ABEAgP4coJ8pvXgDzq8_zpaLebaSIiGXWcOJVwo7xH9HU=
6a5b3e00000000000f0079c1,ABEAgP4coJ8pvXgDzq8_zpaECTVvHkBWNk5CHXp79x0Io=,个子不高穿搭技巧！这6招视觉显高5cm➕,他型Tucking 男士形象设计穿搭改造,https://sns-avatar-qc.xhscdn.com/avatar/649e5881e1289d0001bf744e.jpg?imageView2/2/w/80/format/jpg,3,2,0,0,穿搭,https://www.xiaohongshu.com/explore/68a6f57a000000001c034c0a?xsec_token=ABEAgP4coJ8pvXgDzq8_zpaECTVvHkBWNk5CHXp79x0Io=
6a5b45150000000011016b85,ABEAgP4coJ8pvXgDzq8_zpaA7KSQzU9JoY8LtdFi-M0Vo=,萌萌日系夏日穿搭参考4套｜GRL,草莓盐_ichigo,https://sns-avatar-qc.xhscdn.com/avatar/1040g2jo321n9vvkc74005phgckhhos4dumeuogg?imageView2/2/w/80/format/jpg,9,1,0,0,穿搭,https://www.xiaohongshu.com/explore/68a6f57a000000001c034c0a?xsec_token=ABEAgP4coJ8pvXgDzq8_zpaA7KSQzU9JoY8LtdFi-M0Vo=
6a47c35300000000110059d6,ABhOMgTwFUr3sCBRY75US3lV8ucLIuFlAIMlZZZWE7-b8=,显白天花板孔雀蓝💙搭配碎钻 精致感满满,草莓不甜.,https://sns-avatar-qc.xhscdn.com/avatar/1040g2jo31sd6rj5ilc005o7btmgg97jt218htp0?imageView2/2/w/80/format/jpg,11799,8257,50,1407,穿搭,https://www.xiaohongshu.com/explore/68a6f57a000000001c034c0a?xsec_token=ABhOMgTwFUr3sCBRY75US3lV8ucLIuFlAIMlZZZWE7-b8=
69c360050000000023020a29,ABnZxM2w7nq4DHti5bYe0nWJQPfXUfc6nDMZFe4fCNbVU=,今日份游泳穿搭🏊‍♀️,H^,https://sns-avatar-qc.xhscdn.com/avatar/1040g2jo31edmvinkh2005oqpbokmbnd2p72uehg?imageView2/2/w/80/format/jpg,9446,3051,168,311,穿搭,https://www.xiaohongshu.com/explore/68a6f57a000000001c034c0a?xsec_token=ABnZxM2w7nq4DHti5bYe0nWJQPfXUfc6nDMZFe4fCNbVU=
69a3bf40000000002202e878,ABFCD_vdfXUemkBRu51dQPNPI6eWznTDhcXScb_D1937g=,,奶芙少女,https://sns-avatar-qc.xhscdn.com/avatar/1040g2jo31tchbb5pl6005njoaobg9egi1k3anfo?imageView2/2/w/80/format/jpg,1919,681,261,305,穿搭,https://www.xiaohongshu.com/explore/68a6f57a000000001c034c0a?xsec_token=ABFCD_vdfXUemkBRu51dQPNPI6eWznTDhcXScb_D1937g=
6a4383f80000000017028fbf,AB17NFm1jEtNoI1fW2P7PWjTB__RmEsGbGkJyzmqMLjok=,真的好喜欢男朋友穿这套出门！,潮范集-vin,https://sns-avatar-qc.xhscdn.com/avatar/1040g2jo320hs5sj7lm6g5ori6qg7rpgn1os8fao?imageView2/2/w/80/format/jpg,319,201,14,158,穿搭,https://www.xiaohongshu.com/explore/68a6f57a000000001c034c0a?xsec_token=AB17NFm1jEtNoI1fW2P7PWjTB__RmEsGbGkJyzmqMLjok=
69e75a68000000001a032302,ABJxzYZM8wxibuZ9sj_5bdjNy12BgmAF0nlY7aTlX3m_4=,小作坊 猛下料 适合160-190cm的顶男亨利领,雪雪搭子户外,https://sns-avatar-qc.xhscdn.com/avatar/a4d6df98-a58a-361a-9afe-ca969fe07b8f?imageView2/2/w/80/format/jpg,2273,1364,45,1617,穿搭,https://www.xiaohongshu.com/explore/68a6f57a000000001c034c0a?xsec_token=ABJxzYZM8wxibuZ9sj_5bdjNy12BgmAF0nlY7aTlX3m_4=
6a22800500000000210234ef,ABQR--UYIGb5ica6qvGSWCdK1wL1kYZopK3L3sfj9L9J4=,窄肩哥们穿搭救星，一件穿出健身熟男气场,马登福叔,https://sns-avatar-qc.xhscdn.com/avatar/60cac178d2c53d000110ca4c.jpg?imageView2/2/w/80/format/jpg,160,64,8,7,穿搭,https://www.xiaohongshu.com/explore/68a6f57a000000001c034c0a?xsec_token=ABQR--UYIGb5ica6qvGSWCdK1wL1kYZopK3L3sfj9L9J4=
69aadf5a000000001a024ec1,ABjaALyyHMIZUMnLpUPgQvQthFgsbgxK9O8WBIxwYlko4=,夏季男生穿搭阳光清爽|日系少年感工装穿搭,小薯爱穿搭,https://sns-avatar-qc.xhscdn.com/avatar/64ce23ec727c37f5a76d3952.jpg?imageView2/2/w/80/format/jpg,536,449,46,124,穿搭,https://www.xiaohongshu.com/explore/68a6f57a000000001c034c0a?xsec_token=ABjaALyyHMIZUMnLpUPgQvQthFgsbgxK9O8WBIxwYlko4=
69b94e2b0000000022027eaf,ABEj6M4bHmm4A5xzv-i9e0vnmtPQJyHuH57Z8v6JRfFMY=,165-180男生夏季穿搭必备|简约阳光少年感,潮人衣馆,https://sns-avatar-qc.xhscdn.com/avatar/1040g2jo312cp359ll26g5phjfk6gu0c5bnqdfqg?imageView2/2/w/80/format/jpg,228,131,36,127,穿搭,https://www.xiaohongshu.com/explore/68a6f57a000000001c034c0a?xsec_token=ABEj6M4bHmm4A5xzv-i9e0vnmtPQJyHuH57Z8v6JRfFMY=
6a1015db0000000008003d41,ABKFW0axtVg-ShumtuPGuooYyqOCEYG_v45sMZcWF5ZyM=,建议男生直接复制这一套Polo！,是CC家的呀,https://sns-avatar-qc.xhscdn.com/avatar/1040g2jo31nk4ehvpmm005q75p93doo93k03dtng?imageView2/2/w/80/format/jpg,2339,1690,277,1295,穿搭,https://www.xiaohongshu.com/explore/68a6f57a000000001c034c0a?xsec_token=ABKFW0axtVg-ShumtuPGuooYyqOCEYG_v45sMZcWF5ZyM=
69cfa238000000001e00c0a9,ABbabrxqlZN2pj9EAfgJlI-KRELAVpjL0cahZdgOmm7nM=,谁懂啊！这样穿太有少年感了！,Orense Man,https://sns-avatar-qc.xhscdn.com/avatar/1040g2jo31g0rcpffgi0g5pv3sbq3i0ka6hctn0o?imageView2/2/w/80/format/jpg,414,325,39,172,穿搭,https://www.xiaohongshu.com/explore/68a6f57a000000001c034c0a?xsec_token=ABbabrxqlZN2pj9EAfgJlI-KRELAVpjL0cahZdgOmm7nM=
6a116e480000000035030660,ABrXUjG2tWF5CK71pLXxaPC_a1AzzrXKRW_NZbx9pwwE8=,好喜欢男友这一套啊！！！真的好看！！,雨搭子户外,https://sns-avatar-qc.xhscdn.com/avatar/e48e0f15-ae41-3408-94f5-9e70f7ee2255?imageView2/2/w/80/format/jpg,325,207,18,181,穿搭,https://www.xiaohongshu.com/explore/68a6f57a000000001c034c0a?xsec_token=ABrXUjG2tWF5CK71pLXxaPC_a1AzzrXKRW_NZbx9pwwE8=
6a2d139600000000070273e1,ABaznvuNBfXkSiW1ztidu2GuGEhxmdrj4VeR7L98KOhio=,老钱风的入门密码，一件立领亚麻感衬衫搞定,马登工装,https://sns-avatar-qc.xhscdn.com/avatar/seller_695388ff01e8f900018cd057?imageView2/2/w/80/format/jpg,31,12,2,6,穿搭,https://www.xiaohongshu.com/explore/68a6f57a000000001c034c0a?xsec_token=ABaznvuNBfXkSiW1ztidu2GuGEhxmdrj4VeR7L98KOhio=
688648750000000017037178,ABG_nALBfpu6wt6_pJ-XeU-OZlt-xiEu9YH9tpcsSixLo=,改版了3次✨终于做出来这种版型的polo衫,摆烂所LAB,https://sns-avatar-qc.xhscdn.com/avatar/f3966b12-a162-3a92-b1fe-d104a61a0d3e?imageView2/2/w/80/format/jpg,3077,1208,96,337,穿搭,https://www.xiaohongshu.com/explore/68a6f57a000000001c034c0a?xsec_token=ABG_nALBfpu6wt6_pJ-XeU-OZlt-xiEu9YH9tpcsSixLo=
6a0d5ddf000000000803c13a,ABpfkqthqV9qzB0xOewsqSc4WpmBJtHuf9o4obbw6uSOI=,天丝亚麻套装谁穿谁爱~,杭曼 Hamon Taille,https://sns-avatar-qc.xhscdn.com/avatar/1040g2jo31td4o9f956005pabjsj0ro6fm6rj8t8?imageView2/2/w/80/format/jpg,61,32,1,15,穿搭,https://www.xiaohongshu.com/explore/68a6f57a000000001c034c0a?xsec_token=ABpfkqthqV9qzB0xOewsqSc4WpmBJtHuf9o4obbw6uSOI=
6a18348b0000000008032bb5,ABt8qWqSZhj3ST5yff_wWQES7EiYgvDYHkZkBVzs6LGv0=,建议男生夏天直接复制这一套！！,是CC家的呀,https://sns-avatar-qc.xhscdn.com/avatar/1040g2jo31nk4ehvpmm005q75p93doo93k03dtng?imageView2/2/w/80/format/jpg,90,65,13,28,穿搭,https://www.xiaohongshu.com/explore/68a6f57a000000001c034c0a?xsec_token=ABt8qWqSZhj3ST5yff_wWQES7EiYgvDYHkZkBVzs6LGv0=
6a2e84180000000022015ec1,ABcL26rrWBFd_ipLEzPQSUyKHrSLLnOXK_ILSX3a7RmmM=,howto改变！直男一周6套穿搭,Orense Man,https://sns-avatar-qc.xhscdn.com/avatar/1040g2jo31g0rcpffgi0g5pv3sbq3i0ka6hctn0o?imageView2/2/w/80/format/jpg,27,19,2,13,穿搭,https://www.xiaohongshu.com/explore/68a6f57a000000001c034c0a?xsec_token=ABcL26rrWBFd_ipLEzPQSUyKHrSLLnOXK_ILSX3a7RmmM=
699bd17e00000000280201ab,ABHtEkk5hJp-6HTUq6OqRwdf2Q3WikxLBUPZsA88wfxcY=,选卫衣也是门学问,白白不拜拜,https://sns-avatar-qc.xhscdn.com/avatar/66c6ef92f5f8080001ab2c20.jpg?imageView2/2/w/80/format/jpg,10,5,17,0,穿搭,https://www.xiaohongshu.com/explore/68a6f57a000000001c034c0a?xsec_token=ABHtEkk5hJp-6HTUq6OqRwdf2Q3WikxLBUPZsA88wfxcY=
6a02c62100000000080309d9,ABCcCqJLrg7_972d6ZdbfyAaPMRpW-wbQ5js_eJxJDNfw=,别再装正经了，这种痞帅才是男人的顶级外挂,马登福叔,https://sns-avatar-qc.xhscdn.com/avatar/60cac178d2c53d000110ca4c.jpg?imageView2/2/w/80/format/jpg,37,28,1,3,穿搭,https://www.xiaohongshu.com/explore/68a6f57a000000001c034c0a?xsec_token=ABCcCqJLrg7_972d6ZdbfyAaPMRpW-wbQ5js_eJxJDNfw=
6a35332b000000000f01f2bd,ABiiEONr4U1m0VY61LOU4_NqDgbpdzr_hx8SC6cC6D-tE=,卡其➕藏青色 好韩系啊！！！,哈哈哈,https://sns-avatar-qc.xhscdn.com/avatar/1040g2jo30p5slf8240004a77o2okh9tel965g3g?imageView2/2/w/80/format/jpg,5574,1599,52,328,穿搭,https://www.xiaohongshu.com/explore/68a6f57a000000001c034c0a?xsec_token=ABiiEONr4U1m0VY61LOU4_NqDgbpdzr_hx8SC6cC6D-tE=
6a05798a0000000036032ef2,AB6fydUSmhOSG4lFryYVz53aHFBN4MvreBsOaoC72y5ak=,牛油果绿，自带凉感的日系单品,PARTIMENTO,https://sns-avatar-qc.xhscdn.com/avatar/seller_69a7a89f9b65e400010c1841?imageView2/2/w/80/format/jpg,1571,626,230,384,穿搭,https://www.xiaohongshu.com/explore/68a6f57a000000001c034c0a?xsec_token=AB6fydUSmhOSG4lFryYVz53aHFBN4MvreBsOaoC72y5ak=
6a1086f00000000006030031,ABKFW0axtVg-ShumtuPGuooUnWnzPMekllzKBrfFwQj8s=,逛商场看到的！好喜欢这种简约穿搭啊！！,是CC家的呀,https://sns-avatar-qc.xhscdn.com/avatar/1040g2jo31nk4ehvpmm005q75p93doo93k03dtng?imageView2/2/w/80/format/jpg,127,68,2,90,穿搭,https://www.xiaohongshu.com/explore/68a6f57a000000001c034c0a?xsec_token=ABKFW0axtVg-ShumtuPGuooUnWnzPMekllzKBrfFwQj8s=
6900f756000000000301b9dd,ABkffZ-RyAHG3dg5JBw1XX2v20dOMRALrobBiHHC084KI=,才20多💰，这一刻突然get到了清冷感穿搭。。,摆烂所LAB,https://sns-avatar-qc.xhscdn.com/avatar/f3966b12-a162-3a92-b1fe-d104a61a0d3e?imageView2/2/w/80/format/jpg,536,236,2,39,穿搭,https://www.xiaohongshu.com/explore/68a6f57a000000001c034c0a?xsec_token=ABkffZ-RyAHG3dg5JBw1XX2v20dOMRALrobBiHHC084KI=
69b50e13000000002102c8fe,AB4h4HLazHHVfmJGpHeZZ5GTWNNiehmCd3e-0xAvdCx8U=,"解锁儒雅狠人皮肤,从一件教父级衬衫开始",马登工装,https://sns-avatar-qc.xhscdn.com/avatar/seller_695388ff01e8f900018cd057?imageView2/2/w/80/format/jpg,132,84,5,27,穿搭,https://www.xiaohongshu.com/explore/68a6f57a000000001c034c0a?xsec_token=AB4h4HLazHHVfmJGpHeZZ5GTWNNiehmCd3e-0xAvdCx8U=
6a3d6ac6000000000f030053,ABlUFLw-UqmoLIaSlJDaOJ8Xn6he_-k8cEVGrR5CW0YME=,夏天最耐看的30➕男士穿搭，真的很简单。,LIT LIGHT 里奈拾光,https://sns-avatar-qc.xhscdn.com/avatar/62e0f594d26d9f0001f14d86.jpg?imageView2/2/w/80/format/jpg,96,56,5,17,穿搭,https://www.xiaohongshu.com/explore/68a6f57a000000001c034c0a?xsec_token=ABlUFLw-UqmoLIaSlJDaOJ8Xn6he_-k8cEVGrR5CW0YME=
6a37a7a200000000220140d1,ABzkFDtVmihGjua_cLBgs1VQp6Z4ylkEyzA1ncAE0rI7I=,长期主义静奢风亚麻套装穿搭～,CAMEO-CADRE,https://sns-avatar-qc.xhscdn.com/avatar/1040g2jo321aco31d7u00479q348hacabha0lvfg?imageView2/2/w/80/format/jpg,1,0,0,0,穿搭,https://www.xiaohongshu.com/explore/68a6f57a000000001c034c0a?xsec_token=ABzkFDtVmihGjua_cLBgs1VQp6Z4ylkEyzA1ncAE0rI7I=
6a428fdc000000002100a687,ABDnyPlIjJQ1u74vn6TCpl2cJ7mcWZB0XaCHL_X7y3Pjw=,建议男生直接复制这一套！！,是CC家的呀,https://sns-avatar-qc.xhscdn.com/avatar/1040g2jo31nk4ehvpmm005q75p93doo93k03dtng?imageView2/2/w/80/format/jpg,20,11,8,9,穿搭,https://www.xiaohongshu.com/explore/68a6f57a000000001c034c0a?xsec_token=ABDnyPlIjJQ1u74vn6TCpl2cJ7mcWZB0XaCHL_X7y3Pjw=
6a05a1de0000000006023057,AB6fydUSmhOSG4lFryYVz53YycgDtJ0iNWloAYUYnCSOA=,9️⃣套不重样！男生夏日穿搭合集🌿,Orense Man,https://sns-avatar-qc.xhscdn.com/avatar/1040g2jo31g0rcpffgi0g5pv3sbq3i0ka6hctn0o?imageView2/2/w/80/format/jpg,29,19,15,14,穿搭,https://www.xiaohongshu.com/explore/68a6f57a000000001c034c0a?xsec_token=AB6fydUSmhOSG4lFryYVz53YycgDtJ0iNWloAYUYnCSOA=
6a5b0eb1000000001002a8af,ABEAgP4coJ8pvXgDzq8_zpaABZMiD4p04pSdKXV8EDc4Q=,超凉快的一身夏季山系穿搭！男生夏季必备～,JM穿什么,https://sns-avatar-qc.xhscdn.com/avatar/1040g2jo31umilm5sia005n1ptjsht5s5opllv50?imageView2/2/w/80/format/jpg,1,0,0,0,穿搭,https://www.xiaohongshu.com/explore/68a6f57a000000001c034c0a?xsec_token=ABEAgP4coJ8pvXgDzq8_zpaABZMiD4p04pSdKXV8EDc4Q=
69a7dd3d000000001b01fb38,ABgIU7faNAcIOiulVdtA4_MsNO6ZLXsz5idwC-W8sqtZI=,"拯救""帽""然无趣,轻松""翻""出复古范儿",马登福叔,https://sns-avatar-qc.xhscdn.com/avatar/60cac178d2c53d000110ca4c.jpg?imageView2/2/w/80/format/jpg,353,211,29,66,穿搭,https://www.xiaohongshu.com/explore/68a6f57a000000001c034c0a?xsec_token=ABgIU7faNAcIOiulVdtA4_MsNO6ZLXsz5idwC-W8sqtZI=
69de5891000000001a027eba,ABnCZ7LI9mrAuEGcHARKkGVhGWSV3zvP9mCImyM3BQ4Kg=,明线黑衬衫🔥将是你在高智感赛道的绝杀📈,後山HAUSAN,https://sns-avatar-qc.xhscdn.com/avatar/1040g2jo31pe5e4sn2s005p7jvbqh89ngrdane2o?imageView2/2/w/80/format/jpg,292,257,36,86,穿搭,https://www.xiaohongshu.com/explore/68a6f57a000000001c034c0a?xsec_token=ABnCZ7LI9mrAuEGcHARKkGVhGWSV3zvP9mCImyM3BQ4Kg=
69c3a181000000001d01f794,ABnZxM2w7nq4DHti5bYe0nWIOlsinLMlpVzAxlqhC5rWI=,适合170男生，职场气质轻熟风穿搭分享。,LIT LIGHT 里奈拾光,https://sns-avatar-qc.xhscdn.com/avatar/62e0f594d26d9f0001f14d86.jpg?imageView2/2/w/80/format/jpg,190,164,1,39,穿搭,https://www.xiaohongshu.com/explore/68a6f57a000000001c034c0a?xsec_token=ABnZxM2w7nq4DHti5bYe0nWIOlsinLMlpVzAxlqhC5rWI=
68ae5e42000000001b036871,ABFkE_yNvpnhWiWySATFvIs1dyZMfDV8v8xdDW9v7Gcw8=,今年秋天一定要穿的像个人样！！！,一只爆炸闫,https://sns-avatar-qc.xhscdn.com/avatar/1040g2jo31r2rmlns0a005odsbtu40lsmcml2kg0?imageView2/2/w/80/format/jpg,374,203,7,176,穿搭,https://www.xiaohongshu.com/explore/68a6f57a000000001c034c0a?xsec_token=ABFkE_yNvpnhWiWySATFvIs1dyZMfDV8v8xdDW9v7Gcw8=
690b87fb0000000007001c20,ABdyUt54Dgng4-86m_AKznHg9EBQgvP9sUcs8O1aIuHV4=,换对发型➕穿搭🟰颜值翻倍✅男/女变美秘密⬇️,酷酷的斑马,https://sns-avatar-qc.xhscdn.com/avatar/1040g2jo31ig98tucnm005nuva1e096983d5mnb0?imageView2/2/w/80/format/jpg,3,1,2,0,穿搭,https://www.xiaohongshu.com/explore/68a6f57a000000001c034c0a?xsec_token=ABdyUt54Dgng4-86m_AKznHg9EBQgvP9sUcs8O1aIuHV4=
69f191b6000000001b021266,ABI_1KySTbJ-o1xBwZTeUewRD_JkCVIESAawvTUgChxxw=,"夏日身材作弊器,一件解锁原生力量感",马登福叔,https://sns-avatar-qc.xhscdn.com/avatar/60cac178d2c53d000110ca4c.jpg?imageView2/2/w/80/format/jpg,133,59,17,15,穿搭,https://www.xiaohongshu.com/explore/68a6f57a000000001c034c0a?xsec_token=ABI_1KySTbJ-o1xBwZTeUewRD_JkCVIESAawvTUgChxxw=
6a0c4c9d000000000702cc05,ABxts88CWRB8ifSKLUr5eprntNz8JU8UCRDS_Nsh7KXd8=,简单清爽男大穿搭来咯,Orense Man,https://sns-avatar-qc.xhscdn.com/avatar/1040g2jo31g0rcpffgi0g5pv3sbq3i0ka6hctn0o?imageView2/2/w/80/format/jpg,36,22,0,13,穿搭,https://www.xiaohongshu.com/explore/68a6f57a000000001c034c0a?xsec_token=ABxts88CWRB8ifSKLUr5eprntNz8JU8UCRDS_Nsh7KXd8=
69d9eeb9000000001b022aca,ABkd5aC_rmParqxfx0eanHf_9JRwY3lirhROYCTDE9dz0=,山系风叠搭穿搭！！这套真的斩男又斩女🌙✅,小红书福多,https://sns-avatar-qc.xhscdn.com/avatar/1040g2jo310mjr8f96m005nnu1krg8fbd7qi2dig?imageView2/2/w/80/format/jpg,14,3,14,1,穿搭,https://www.xiaohongshu.com/explore/68a6f57a000000001c034c0a?xsec_token=ABkd5aC_rmParqxfx0eanHf_9JRwY3lirhROYCTDE9dz0=
6a0ecfb600000000080246e7,ABHAadpkw5W4qhurD0oXcwKv2cfESNFlNawBY8qWLYMWc=,夏天男朋友这套就够了！！,是CC家的呀,https://sns-avatar-qc.xhscdn.com/avatar/1040g2jo31nk4ehvpmm005q75p93doo93k03dtng?imageView2/2/w/80/format/jpg,437,230,51,325,穿搭,https://www.xiaohongshu.com/explore/68a6f57a000000001c034c0a?xsec_token=ABHAadpkw5W4qhurD0oXcwKv2cfESNFlNawBY8qWLYMWc=
69dd11a400000000230266a6,AB6YFAaGG9uO827bqFSRl1stjGqdQvnQSvQoS-3O787vw=,OOTD | 夏季穿搭 | 40➕男士职场商务风穿搭,LIT LIGHT 里奈拾光,https://sns-avatar-qc.xhscdn.com/avatar/62e0f594d26d9f0001f14d86.jpg?imageView2/2/w/80/format/jpg,6,8,3,1,穿搭,https://www.xiaohongshu.com/explore/68a6f57a000000001c034c0a?xsec_token=AB6YFAaGG9uO827bqFSRl1stjGqdQvnQSvQoS-3O787vw=
69749eb4000000000a03177d,ABlf6l03on2atxZIbb4a7GyL9AKsyjHmgcrWYqfuTCCls=,男生形象管理｜一对一素人改造,清清｜形象设计,https://sns-avatar-qc.xhscdn.com/avatar/1040g2jo31liti9jj4u005pi6evk0u2pqat06m88?imageView2/2/w/80/format/jpg,53,57,17,14,穿搭,https://www.xiaohongshu.com/explore/68a6f57a000000001c034c0a?xsec_token=ABlf6l03on2atxZIbb4a7GyL9AKsyjHmgcrWYqfuTCCls=
69ec6e360000000036030ee8,ABP9axZ52w_sr7iISzEKbzxPrsqqeDY2LNNto9GrxsQE8=,马登健身正肩T袖|@樂叔穿什么,马登MADEN-LOOK,https://sns-avatar-qc.xhscdn.com/avatar/1040g2jo30rh89guhhg005p9cpjeamklhigmr0f8?imageView2/2/w/80/format/jpg,27,19,1,0,穿搭,https://www.xiaohongshu.com/explore/68a6f57a000000001c034c0a?xsec_token=ABP9axZ52w_sr7iISzEKbzxPrsqqeDY2LNNto9GrxsQE8=
6a150b0d000000000603628a,ABWqcg0s8aCPtNjmIGArI3N_QJf3R_pLmV50AReMh69Ro=,这一套好温柔！好喜欢啊啊啊！！,程小鸥,https://sns-avatar-qc.xhscdn.com/avatar/1040g2jo31rsmhikjj20g5pjfkpa1osvbrltufno?imageView2/2/w/80/format/jpg,3794,1701,157,383,穿搭,https://www.xiaohongshu.com/explore/68a6f57a000000001c034c0a?xsec_token=ABWqcg0s8aCPtNjmIGArI3N_QJf3R_pLmV50AReMh69Ro=
68c3b452000000001d01a8c2,ABE1GljVi1rY3_cDzfvYZvAZE4yTxusfKnEyIRWmYSL9s=,Hawaii/在城市中漫步🍁,Hawaii Studio,https://sns-avatar-qc.xhscdn.com/avatar/1738f3ae-887b-3e5b-a4ad-7c68603a0c6e?imageView2/2/w/80/format/jpg,233,149,8,302,穿搭,https://www.xiaohongshu.com/explore/68a6f57a000000001c034c0a?xsec_token=ABE1GljVi1rY3_cDzfvYZvAZE4yTxusfKnEyIRWmYSL9s=
6a2bc3b00000000006036475,ABngcQtSr4KYxREb1C6N24s8G_zOF2hEGzKNqbs7cWG0c=,夏天男朋友这一套就够了！！,是CC家的呀,https://sns-avatar-qc.xhscdn.com/avatar/1040g2jo31nk4ehvpmm005q75p93doo93k03dtng?imageView2/2/w/80/format/jpg,18,16,9,4,穿搭,https://www.xiaohongshu.com/explore/68a6f57a000000001c034c0a?xsec_token=ABngcQtSr4KYxREb1C6N24s8G_zOF2hEGzKNqbs7cWG0c=
6a01332200000000350237b9,ABy36na50b3LfhavzrqKemxYHZugx2XRnPNS_Wr77jgm8=,OOTD | 专属40➕男士夏季职场轻熟风穿搭分享,LIT LIGHT 里奈拾光,https://sns-avatar-qc.xhscdn.com/avatar/62e0f594d26d9f0001f14d86.jpg?imageView2/2/w/80/format/jpg,3,3,0,1,穿搭,https://www.xiaohongshu.com/explore/68a6f57a000000001c034c0a?xsec_token=ABy36na50b3LfhavzrqKemxYHZugx2XRnPNS_Wr77jgm8=
69f89c980000000035030bd8,ABrjl7OGYjAGhL1qj9M6xVjg2IuMveIA-CyRLIKElgZwc=,OOTD｜白T恤怎么穿都好看～,一郭炖不下,https://sns-avatar-qc.xhscdn.com/avatar/63026e794abe77879f8465c3.jpg?imageView2/2/w/80/format/jpg,11,2,2,5,穿搭,https://www.xiaohongshu.com/explore/68a6f57a000000001c034c0a?xsec_token=ABrjl7OGYjAGhL1qj9M6xVjg2IuMveIA-CyRLIKElgZwc=
69f0454f000000003503269c,ABsxpes8Tq86QvKqjx6mR3Px1jA5_001LYNtdwA9MkRDc=,"老炮都懂的军风质感,穿出型男""战备状态""",马登工装,https://sns-avatar-qc.xhscdn.com/avatar/seller_695388ff01e8f900018cd057?imageView2/2/w/80/format/jpg,59,35,4,5,穿搭,https://www.xiaohongshu.com/explore/68a6f57a000000001c034c0a?xsec_token=ABsxpes8Tq86QvKqjx6mR3Px1jA5_001LYNtdwA9MkRDc=
6a12fb530000000007029a52,AB_NXtuz0OP0CQM5o7IRMxiN50Jp-EvJon9Qt0wyMyLdw=,🤎美拉德色系｜复古男孩的夏日实验,Orense Man,https://sns-avatar-qc.xhscdn.com/avatar/1040g2jo31g0rcpffgi0g5pv3sbq3i0ka6hctn0o?imageView2/2/w/80/format/jpg,23,21,4,7,穿搭,https://www.xiaohongshu.com/explore/68a6f57a000000001c034c0a?xsec_token=AB_NXtuz0OP0CQM5o7IRMxiN50Jp-EvJon9Qt0wyMyLdw=
6a31ab1e0000000011011dcb,ABTMymwRURqrOLxDws-cd_0_cTUdDQwBvgkMixwqhL4hQ=,穿teamwang看港风~,老王的衣橱,https://sns-avatar-qc.xhscdn.com/avatar/1040g2jo31s4c0cs956005q9pdvrttipbr49bo6o?imageView2/2/w/80/format/jpg,23,7,0,4,穿搭,https://www.xiaohongshu.com/explore/68a6f57a000000001c034c0a?xsec_token=ABTMymwRURqrOLxDws-cd_0_cTUdDQwBvgkMixwqhL4hQ=
6a1daec00000000021021401,ABCdmnJ4SUptKxjxNR_wdyczkwnkP1f3UlGurAZTQDHmc=,建议男生直接复制这一套polo穿搭！,是CC家的呀,https://sns-avatar-qc.xhscdn.com/avatar/1040g2jo31nk4ehvpmm005q75p93doo93k03dtng?imageView2/2/w/80/format/jpg,117,71,5,85,穿搭,https://www.xiaohongshu.com/explore/68a6f57a000000001c034c0a?xsec_token=ABCdmnJ4SUptKxjxNR_wdyczkwnkP1f3UlGurAZTQDHmc=
689449b90000000025015802,AB9-bwr1b6jhD3QBzw43cLv3JAMk5CJAKE15YouJYaEpE=,男士秋季职场通勤西裤穿搭 | 干练显气质 |,LIT LIGHT 里奈拾光,https://sns-avatar-qc.xhscdn.com/avatar/62e0f594d26d9f0001f14d86.jpg?imageView2/2/w/80/format/jpg,2,1,0,0,穿搭,https://www.xiaohongshu.com/explore/68a6f57a000000001c034c0a?xsec_token=AB9-bwr1b6jhD3QBzw43cLv3JAMk5CJAKE15YouJYaEpE=
6a49bf4c0000000006035ad5,AB_92JVugd7Dn7-zXqMlyFfepx8Bdbe-RGdc3U5te3jxU=,水泥灰已经焊在腿上,MKDP,https://sns-avatar-qc.xhscdn.com/avatar/1040g2jo31l7u5fvnli004a7b38a0r61a364rvk0?imageView2/2/w/80/format/jpg,136,19,5,5,穿搭,https://www.xiaohongshu.com/explore/68a6f57a000000001c034c0a?xsec_token=AB_92JVugd7Dn7-zXqMlyFfepx8Bdbe-RGdc3U5te3jxU=
6a0d7ad0000000000603445a,ABpfkqthqV9qzB0xOewsqSczvxuQFxlQvnVlFHbtFLCMk=,"顶级大佬的穿搭密码,其实就藏在这件黑T里",马登工装,https://sns-avatar-qc.xhscdn.com/avatar/seller_695388ff01e8f900018cd057?imageView2/2/w/80/format/jpg,53,30,4,4,穿搭,https://www.xiaohongshu.com/explore/68a6f57a000000001c034c0a?xsec_token=ABpfkqthqV9qzB0xOewsqSczvxuQFxlQvnVlFHbtFLCMk=
68ddf9c90000000003022949,ABf4F52xG3tPQHbiDE7ptk3KA_oZmdHNA-kZw_oRZ-cD0=,🍁艺术生穿这堆堆领衬衫 会有特别的感觉,RFDRFD 男装工作室,https://sns-avatar-qc.xhscdn.com/avatar/65fc17516e3dec0001ea6e66.jpg?imageView2/2/w/80/format/jpg,36,26,0,19,穿搭,https://www.xiaohongshu.com/explore/68a6f57a000000001c034c0a?xsec_token=ABf4F52xG3tPQHbiDE7ptk3KA_oZmdHNA-kZw_oRZ-cD0=
6a35f2b50000000011018fec,ABiiEONr4U1m0VY61LOU4_NpWBAeK-TCYxp7wtukvJF6Y=,今日ootd📷｜是温柔的碎花裙呀,ZULESTUDIO,https://sns-avatar-qc.xhscdn.com/avatar/636bccd3ae3f8423b51f675d.jpg?imageView2/2/w/80/format/jpg,319,183,35,56,穿搭,https://www.xiaohongshu.com/explore/68a6f57a000000001c034c0a?xsec_token=ABiiEONr4U1m0VY61LOU4_NpWBAeK-TCYxp7wtukvJF6Y=
6a1198c4000000000702c316,ABrXUjG2tWF5CK71pLXxaPC4rnnIK3mGLcUEB-VFuh6qQ=,建议男生们直接复制这一套！！,是CC家的呀,https://sns-avatar-qc.xhscdn.com/avatar/1040g2jo31nk4ehvpmm005q75p93doo93k03dtng?imageView2/2/w/80/format/jpg,81,42,9,34,穿搭,https://www.xiaohongshu.com/explore/68a6f57a000000001c034c0a?xsec_token=ABrXUjG2tWF5CK71pLXxaPC4rnnIK3mGLcUEB-VFuh6qQ=
69bba53c00000000230240d4,ABfqwq0lBt7LJC9MWoS_uTZy4djVeXEumaocnfuPtmUlk=,OOTD | 宝藏型男穿搭 | 轻熟简约五分袖衬衫,LIT LIGHT 里奈拾光,https://sns-avatar-qc.xhscdn.com/avatar/62e0f594d26d9f0001f14d86.jpg?imageView2/2/w/80/format/jpg,54,36,6,30,穿搭,https://www.xiaohongshu.com/explore/68a6f57a000000001c034c0a?xsec_token=ABfqwq0lBt7LJC9MWoS_uTZy4djVeXEumaocnfuPtmUlk=
6901ecef00000000050380ff,AB-VfkgYkDA9p-P6PbMMe7YMkLK0z7cOh0VowX2ftgePM=,170男士秋冬显高穿搭|韩系气质短款大衣推荐,小鹿穿搭,https://sns-avatar-qc.xhscdn.com/avatar/1040g2jo30nsbgj0ch8705oa3tdh0kiia9o8g7jg?imageView2/2/w/80/format/jpg,19,5,2,7,穿搭,https://www.xiaohongshu.com/explore/68a6f57a000000001c034c0a?xsec_token=AB-VfkgYkDA9p-P6PbMMe7YMkLK0z7cOh0VowX2ftgePM=
69b230be0000000022039f52,ABC5_XnnYuqJOYrXrkfdlJ1s6YlpQWaLraLwllvZ3a_zE=,"为什么说白背心,是男人的唯一""维秘""?",马登工装,https://sns-avatar-qc.xhscdn.com/avatar/seller_695388ff01e8f900018cd057?imageView2/2/w/80/format/jpg,32,11,5,4,穿搭,https://www.xiaohongshu.com/explore/68a6f57a000000001c034c0a?xsec_token=ABC5_XnnYuqJOYrXrkfdlJ1s6YlpQWaLraLwllvZ3a_zE=
689738e7000000002302bd31,ABzjs1msvYrejdR7u0ZT0KBxk3B3NVpr0PlbxqbPf5aw8=,2026春天男生穿搭合集|高级感帅气男装搭配,PJ先生,https://sns-avatar-qc.xhscdn.com/avatar/651c3c436115ef5370ecbcde.jpg?imageView2/2/w/80/format/jpg,82,76,4,8,穿搭,https://www.xiaohongshu.com/explore/68a6f57a000000001c034c0a?xsec_token=ABzjs1msvYrejdR7u0ZT0KBxk3B3NVpr0PlbxqbPf5aw8=
68d166ca000000000b03cb2c,ABOuZejoHi7oRzDQvjmYdYVOt-sd-WJfSXigMXodLeLc4=,男生入秋穿搭阳光清爽|简约韩系衬衫推荐,Dopamine,https://sns-avatar-qc.xhscdn.com/avatar/1040g2jo3169lr2lq1e6g5o7qp3a85cn9den3ps0?imageView2/2/w/80/format/jpg,7,2,2,0,穿搭,https://www.xiaohongshu.com/explore/68a6f57a000000001c034c0a?xsec_token=ABOuZejoHi7oRzDQvjmYdYVOt-sd-WJfSXigMXodLeLc4=
6a190ba7000000000702c09d,AB62lh0QmAeGiMW1tHl_bW-Ypvzl_F8m6PUzvBC8FISFw=,男朋友终于买对夏季牛仔裤了！,是CC家的呀,https://sns-avatar-qc.xhscdn.com/avatar/1040g2jo31nk4ehvpmm005q75p93doo93k03dtng?imageView2/2/w/80/format/jpg,32,12,7,6,穿搭,https://www.xiaohongshu.com/explore/68a6f57a000000001c034c0a?xsec_token=AB62lh0QmAeGiMW1tHl_bW-Ypvzl_F8m6PUzvBC8FISFw=
6892f21c000000002501ddf6,ABtARHyA-IJ1JSHYJlTNPSCBXv7sK6pnfTGwA09jWJF2k=,成熟男士都应该尝试的，气质轻熟风通勤穿搭。,LIT LIGHT 里奈拾光,https://sns-avatar-qc.xhscdn.com/avatar/62e0f594d26d9f0001f14d86.jpg?imageView2/2/w/80/format/jpg,2,1,0,0,穿搭,https://www.xiaohongshu.com/explore/68a6f57a000000001c034c0a?xsec_token=ABtARHyA-IJ1JSHYJlTNPSCBXv7sK6pnfTGwA09jWJF2k=
6a152d10000000003501c42e,ABWqcg0s8aCPtNjmIGArI3N9XBHrtuTxkqUWYbr6ELGSs=,一周穿搭｜灰色系男生的短袖穿搭,Una,https://sns-avatar-qc.xhscdn.com/avatar/1040g2jo31vugm491is0g5nfb8k3083hf6ark9rg?imageView2/2/w/80/format/jpg,0,0,3,0,穿搭,https://www.xiaohongshu.com/explore/68a6f57a000000001c034c0a?xsec_token=ABWqcg0s8aCPtNjmIGArI3N9XBHrtuTxkqUWYbr6ELGSs=
69ef5f81000000001f004d7e,ABn7TdgexYi_jlImARCf9ZnlMH0fdym5xRnNAzSVYxeUk=,一衣多穿｜如果夏天有一件麻感衬衫……,马登工装,https://sns-avatar-qc.xhscdn.com/avatar/seller_695388ff01e8f900018cd057?imageView2/2/w/80/format/jpg,10,2,1,1,穿搭,https://www.xiaohongshu.com/explore/68a6f57a000000001c034c0a?xsec_token=ABn7TdgexYi_jlImARCf9ZnlMH0fdym5xRnNAzSVYxeUk=
692904fb000000000d038d24,ABmtEjSRruiGCwAPhwtyPvxm4UbcePgneYAstSKkLL2cU=,男生开衫毛衣｜韩系穿搭太有范,麻本生活,https://sns-avatar-qc.xhscdn.com/avatar/1040g2jo31ivs7ac00s7g5pea21jiuif8mfl4il0?imageView2/2/w/80/format/jpg,0,0,1,0,穿搭,https://www.xiaohongshu.com/explore/68a6f57a000000001c034c0a?xsec_token=ABmtEjSRruiGCwAPhwtyPvxm4UbcePgneYAstSKkLL2cU=
6a46632c000000000f029d31,AB14KHMOnU8RgVWYWI5ZrAM7K7A-xhkRyejy9BydVRsao=,夏天就要粉粉嫩嫩的～,ZOE的穿搭日记,https://sns-avatar-qc.xhscdn.com/avatar/1040g2jo31a7ratdp6m004a7attkhai8jugenpgg?imageView2/2/w/80/format/jpg,95,24,5,7,穿搭,https://www.xiaohongshu.com/explore/68a6f57a000000001c034c0a?xsec_token=AB14KHMOnU8RgVWYWI5ZrAM7K7A-xhkRyejy9BydVRsao=
6910c0d0000000000300f007,ABkXVu4R3ICZ3-PsUOngLT0lcb_4hp-1cgm3QYzkZ7sKg=,冬季男生穿搭合集❄️小众高级感套装推荐,小雅穿搭,https://sns-avatar-qc.xhscdn.com/avatar/6585619acd882d4a75301c0b.jpg?imageView2/2/w/80/format/jpg,117,73,24,21,穿搭,https://www.xiaohongshu.com/explore/68a6f57a000000001c034c0a?xsec_token=ABkXVu4R3ICZ3-PsUOngLT0lcb_4hp-1cgm3QYzkZ7sKg=
6a4a1c96000000000f029014,ABtPYiXblrkg46zuTjbCtOva9r4NrViA7Bt3twBUf8ch0=,通勤实用穿搭 | 极简风夏日半拉链POLO衫,LIT LIGHT 里奈拾光,https://sns-avatar-qc.xhscdn.com/avatar/62e0f594d26d9f0001f14d86.jpg?imageView2/2/w/80/format/jpg,1,3,0,0,穿搭,https://www.xiaohongshu.com/explore/68a6f57a000000001c034c0a?xsec_token=ABtPYiXblrkg46zuTjbCtOva9r4NrViA7Bt3twBUf8ch0=
69e5d63700000000210070fd,ABfVmSAHEWZOLDOyPsGqCwYQLUFfqFDe__PnGcCA_97Gg=,老钱味爆了！！！,SEEALSO 服饰,https://sns-avatar-qc.xhscdn.com/avatar/1040g2jo31eemh6uk0u005pllpc07ebfhltun4k0?imageView2/2/w/80/format/jpg,7,3,0,4,穿搭,https://www.xiaohongshu.com/explore/68a6f57a000000001c034c0a?xsec_token=ABfVmSAHEWZOLDOyPsGqCwYQLUFfqFDe__PnGcCA_97Gg=
69f73cc5000000001a0357ab,AB8LG37qsNari0xxUWyaVwnN1tRlI656cxFhR1angjbow=,165-185男生入夏穿搭|简约清爽日系少年感,薯叔教穿搭,https://sns-avatar-qc.xhscdn.com/avatar/1040g2jo31bajcgok7e5g5pqpchmn3bdiv7ha9gg?imageView2/2/w/80/format/jpg,5,6,2,0,穿搭,https://www.xiaohongshu.com/explore/68a6f57a000000001c034c0a?xsec_token=AB8LG37qsNari0xxUWyaVwnN1tRlI656cxFhR1angjbow=
69146793000000000503b1d2,ABZBr97EoLdkXOZCUl-Is3tApVtje89Y9A-4zMVVQj_Tk=,男生秋冬衣服推荐|痞帅男友风高级感穿搭,少爷,https://sns-avatar-qc.xhscdn.com/avatar/1040g2jo311auads36c6g5ojttoa8cv0378j3j08?imageView2/2/w/80/format/jpg,10,6,2,1,穿搭,https://www.xiaohongshu.com/explore/68a6f57a000000001c034c0a?xsec_token=ABZBr97EoLdkXOZCUl-Is3tApVtje89Y9A-4zMVVQj_Tk=
69232003000000001e0159ac,ABtz9Vw6wdl1hBIbHZeeJ_XGXyQgef3Zpa6DkJ0NY0zHM=,入冬穿搭｜高智感就是自带干净利落的感觉,二十二号穿搭,https://sns-avatar-qc.xhscdn.com/avatar/seller_6a22c1208b35500001accf27?imageView2/2/w/80/format/jpg,0,0,0,0,穿搭,https://www.xiaohongshu.com/explore/68a6f57a000000001c034c0a?xsec_token=ABtz9Vw6wdl1hBIbHZeeJ_XGXyQgef3Zpa6DkJ0NY0zHM=
6a20cc67000000000702877f,ABma6w5g1GReGUtqqk5Aj-m5wC09ovJ980HiFyl12uqAY=,Cleanfit，这套夏日运动型男穿搭也太清爽了,悠格悠禾hyggic,https://sns-avatar-qc.xhscdn.com/avatar/1040g2jo31m0iekcul8005q5ourpm5c3dmqunps8?imageView2/2/w/80/format/jpg,9,3,0,6,穿搭,https://www.xiaohongshu.com/explore/68a6f57a000000001c034c0a?xsec_token=ABma6w5g1GReGUtqqk5Aj-m5wC09ovJ980HiFyl12uqAY=
69dfa8ef000000001b002b73,AB7pQDAAVYFU6Kg_fBuom60uBmjQoMfEd78EWQ1BYyY6E=,OOTD | 夏季穿搭 | 成熟型男大叔夏季怎么穿,LIT LIGHT 里奈拾光,https://sns-avatar-qc.xhscdn.com/avatar/62e0f594d26d9f0001f14d86.jpg?imageView2/2/w/80/format/jpg,1,1,2,0,穿搭,https://www.xiaohongshu.com/explore/68a6f57a000000001c034c0a?xsec_token=AB7pQDAAVYFU6Kg_fBuom60uBmjQoMfEd78EWQ1BYyY6E=
694679dc000000001e007a5f,ABZyMamyauqY7nM8RiY_AmqW0W9TXGfIewKYPOirqYF38=,冬天男生平价穿搭|日系痞帅学生党棉服推荐,Dear穿搭,https://sns-avatar-qc.xhscdn.com/avatar/1040g2jo31if49c09nm5g5q22lc86s2gbhck3b9o?imageView2/2/w/80/format/jpg,13,9,8,1,穿搭,https://www.xiaohongshu.com/explore/68a6f57a000000001c034c0a?xsec_token=ABZyMamyauqY7nM8RiY_AmqW0W9TXGfIewKYPOirqYF38=
6a24215b0000000035030c9c,ABHq5l2vuFHksKTuZ29IguCoOJglBrNT5EnDi5knKQzK8=,OOTD | 夏日上新 | 极简老钱风夏季穿搭分享,LIT LIGHT 里奈拾光,https://sns-avatar-qc.xhscdn.com/avatar/62e0f594d26d9f0001f14d86.jpg?imageView2/2/w/80/format/jpg,6,6,1,0,穿搭,https://www.xiaohongshu.com/explore/68a6f57a000000001c034c0a?xsec_token=ABHq5l2vuFHksKTuZ29IguCoOJglBrNT5EnDi5knKQzK8=
6a09d2e40000000035024c0a,ABK3V76G_iNmfeWoTRr7gfkgEiFwCb_OlgpUpSGjw8RQw=,氛围感穿搭神器｜260g重磅纯棉短袖太耐看,小阳精选衣橱,https://sns-avatar-qc.xhscdn.com/avatar/6298c2fafefcf2fa8dd53c65.jpg?imageView2/2/w/80/format/jpg,0,0,0,0,穿搭,https://www.xiaohongshu.com/explore/68a6f57a000000001c034c0a?xsec_token=ABK3V76G_iNmfeWoTRr7gfkgEiFwCb_OlgpUpSGjw8RQw=
6a4b8090000000001101fc2d,ABxrvC-kxowxsGCZWMLMpxK-Cf_DnhEmbQOyxgXNgsTMs=,夏日轻熟气质风穿搭 | 新中式立领亚麻衬衣,LIT LIGHT 里奈拾光,https://sns-avatar-qc.xhscdn.com/avatar/62e0f594d26d9f0001f14d86.jpg?imageView2/2/w/80/format/jpg,1,0,0,0,穿搭,https://www.xiaohongshu.com/explore/68a6f57a000000001c034c0a?xsec_token=ABxrvC-kxowxsGCZWMLMpxK-Cf_DnhEmbQOyxgXNgsTMs=
69e87da3000000001d01bbc9,ABogGELP8C-FLYMUlhEGX1ivJ48qnj8s2rHf03oJAT1eg=,一件搞定层次感，懒人健身穿搭天花板。,wwj云步袜语馆,https://sns-avatar-qc.xhscdn.com/avatar/1040g2jo3190tiljlkg6g5pnp6e4nc3saua3ksog?imageView2/2/w/80/format/jpg,0,0,0,0,穿搭,https://www.xiaohongshu.com/explore/68a6f57a000000001c034c0a?xsec_token=ABogGELP8C-FLYMUlhEGX1ivJ48qnj8s2rHf03oJAT1eg=
68d3f9d9000000001301e7ce,ABBNL2rxcSQkYUOf0lxue71AWdfzoyiiUzjkGgJH2o08s=,春日穿搭新宠！港风三件套太香了🌈,豆豆百宝袋,https://sns-avatar-qc.xhscdn.com/avatar/645b7c0d1d74d41345e61461.jpg?imageView2/2/w/80/format/jpg,0,0,0,0,穿搭,https://www.xiaohongshu.com/explore/68a6f57a000000001c034c0a?xsec_token=ABBNL2rxcSQkYUOf0lxue71AWdfzoyiiUzjkGgJH2o08s=
68bf9eb8000000001c03f5c8,ABPF1MYu9pIH0Nk0N_wakqVaU5G78I2qjGniRS5h2PT4o=,🍂秋冬穿搭新宠！纯棉POLO太舒服了,KB轻商务男装,https://sns-avatar-qc.xhscdn.com/avatar/1040g2jo30uiaaacvla6g5p22hlgqafg2pnqh3so?imageView2/2/w/80/format/jpg,0,0,0,0,穿搭,https://www.xiaohongshu.com/explore/68a6f57a000000001c034c0a?xsec_token=ABPF1MYu9pIH0Nk0N_wakqVaU5G78I2qjGniRS5h2PT4o=
6a4a6a670000000011016f80,ABtPYiXblrkg46zuTjbCtOvcAr1ulDeixDI1yRsgy8h7w=,175男生简约通勤针织POLO衫清爽显高穿搭分,LIT LIGHT 里奈拾光,https://sns-avatar-qc.xhscdn.com/avatar/62e0f594d26d9f0001f14d86.jpg?imageView2/2/w/80/format/jpg,1,1,0,0,穿搭,https://www.xiaohongshu.com/explore/68a6f57a000000001c034c0a?xsec_token=ABtPYiXblrkg46zuTjbCtOvcAr1ulDeixDI1yRsgy8h7w=
69026dc300000000040224bb,ABVAFdJzLv9dxZxWS_GLBTklbo-IbIzKgXqZb63ZIfsBU=,💫秋冬穿搭小心机，小白鞋才是王道,太古宝藏一,https://sns-avatar-qc.xhscdn.com/avatar/1040g2jo31klslhq0j00g5p3t6rdk8bj5ges6tto?imageView2/2/w/80/format/jpg,0,0,0,0,穿搭,https://www.xiaohongshu.com/explore/68a6f57a000000001c034c0a?xsec_token=ABVAFdJzLv9dxZxWS_GLBTklbo-IbIzKgXqZb63ZIfsBU=
69be7acc000000001d01a479,ABWf5OM7DFJ_BABhgNgJz_yTGyF4ql3WxsZAUqkfHVyfw=,OOTD | 成熟男士一周穿搭 | 职场v领POLO衫,LIT LIGHT 里奈拾光,https://sns-avatar-qc.xhscdn.com/avatar/62e0f594d26d9f0001f14d86.jpg?imageView2/2/w/80/format/jpg,61,31,3,29,穿搭,https://www.xiaohongshu.com/explore/68a6f57a000000001c034c0a?xsec_token=ABWf5OM7DFJ_BABhgNgJz_yTGyF4ql3WxsZAUqkfHVyfw=
6a3a54270000000011013f7c,ABFp9qW6v_2M6KNAEz5q-_05ccj2pBFtFFLmbraZY0358=,懒人穿搭已备好，直接抄作业！质感通勤风穿搭,LIT LIGHT 里奈拾光,https://sns-avatar-qc.xhscdn.com/avatar/62e0f594d26d9f0001f14d86.jpg?imageView2/2/w/80/format/jpg,5,2,0,0,穿搭,https://www.xiaohongshu.com/explore/68a6f57a000000001c034c0a?xsec_token=ABFp9qW6v_2M6KNAEz5q-_05ccj2pBFtFFLmbraZY0358=
6a4a20c3000000000f0172ff,ABtPYiXblrkg46zuTjbCtOvYidgHtCkUGm6TIOtzvDZEw=,适合80后男士夏季 | 职场商务通勤风穿搭,LIT LIGHT 里奈拾光,https://sns-avatar-qc.xhscdn.com/avatar/62e0f594d26d9f0001f14d86.jpg?imageView2/2/w/80/format/jpg,1,1,0,0,穿搭,https://www.xiaohongshu.com/explore/68a6f57a000000001c034c0a?xsec_token=ABtPYiXblrkg46zuTjbCtOvYidgHtCkUGm6TIOtzvDZEw=
6a3bc8b10000000011018e3c,ABJCUqKyPq7_MKO9FPBLc31H2cQl9HsH1qU0MKKpBjLto=,轻熟穿搭 | 一件自带高级感的条纹V领POLO衫,LIT LIGHT 里奈拾光,https://sns-avatar-qc.xhscdn.com/avatar/62e0f594d26d9f0001f14d86.jpg?imageView2/2/w/80/format/jpg,1,0,0,0,穿搭,https://www.xiaohongshu.com/explore/68a6f57a000000001c034c0a?xsec_token=ABJCUqKyPq7_MKO9FPBLc31H2cQl9HsH1qU0MKKpBjLto=
69b527ac0000000023022377,AB4h4HLazHHVfmJGpHeZZ5GSJy8EpPqxBzuMhSHr0ArjI=,OOTD | 夏季穿搭 | 运动风休闲翻领POLO衫,LIT LIGHT 里奈拾光,https://sns-avatar-qc.xhscdn.com/avatar/62e0f594d26d9f0001f14d86.jpg?imageView2/2/w/80/format/jpg,6,4,3,0,穿搭,https://www.xiaohongshu.com/explore/68a6f57a000000001c034c0a?xsec_token=AB4h4HLazHHVfmJGpHeZZ5GSJy8EpPqxBzuMhSHr0ArjI=
6a338084000000001101d224,ABgRFviqFOPfFVZPA0zXoMGKXc1wV0ZyfGIepV1qr8QNo=,OOTD | 夏季上新 | 男士职场夏季高智感穿搭,LIT LIGHT 里奈拾光,https://sns-avatar-qc.xhscdn.com/avatar/62e0f594d26d9f0001f14d86.jpg?imageView2/2/w/80/format/jpg,0,0,1,0,穿搭,https://www.xiaohongshu.com/explore/68a6f57a000000001c034c0a?xsec_token=ABgRFviqFOPfFVZPA0zXoMGKXc1wV0ZyfGIepV1qr8QNo=
6a3261a40000000011016957,ABxTds8Lx8Jb8S3DQ07lgtTrioVcsiYHkSlSZlsHG7PwQ=,专属成熟男士夏季 | 高智感通勤风穿搭分享,LIT LIGHT 里奈拾光,https://sns-avatar-qc.xhscdn.com/avatar/62e0f594d26d9f0001f14d86.jpg?imageView2/2/w/80/format/jpg,4,5,1,2,穿搭,https://www.xiaohongshu.com/explore/68a6f57a000000001c034c0a?xsec_token=ABxTds8Lx8Jb8S3DQ07lgtTrioVcsiYHkSlSZlsHG7PwQ=
6a2fce17000000000f01ced6,ABCRfV8ETmOOfXjNl4OrQfuOoW8dhr4uK1iTXr26NbQj8=,💧体面不闷热！轻熟男夏季职场通勤穿搭,LIT LIGHT 里奈拾光,https://sns-avatar-qc.xhscdn.com/avatar/62e0f594d26d9f0001f14d86.jpg?imageView2/2/w/80/format/jpg,0,0,1,0,穿搭,https://www.xiaohongshu.com/explore/68a6f57a000000001c034c0a?xsec_token=ABCRfV8ETmOOfXjNl4OrQfuOoW8dhr4uK1iTXr26NbQj8=
6a2a4c87000000002202b2f6,ABK9LrzzXpC21hnAQavG8EE7YDOB2k_S1f6uc7FnrEg-M=,轻熟男的一周穿搭分享 | 华夫格拉链POLO衫,LIT LIGHT 里奈拾光,https://sns-avatar-qc.xhscdn.com/avatar/62e0f594d26d9f0001f14d86.jpg?imageView2/2/w/80/format/jpg,1,1,3,1,穿搭,https://www.xiaohongshu.com/explore/68a6f57a000000001c034c0a?xsec_token=ABK9LrzzXpC21hnAQavG8EE7YDOB2k_S1f6uc7FnrEg-M=
6a3255de00000000110059cb,ABxTds8Lx8Jb8S3DQ07lgtTp5j5NJNqm7KYdpD5vn_Slk=,OOTD | 夏季上新 | 男士职场高智风通勤穿搭,LIT LIGHT 里奈拾光,https://sns-avatar-qc.xhscdn.com/avatar/62e0f594d26d9f0001f14d86.jpg?imageView2/2/w/80/format/jpg,0,0,1,0,穿搭,https://www.xiaohongshu.com/explore/68a6f57a000000001c034c0a?xsec_token=ABxTds8Lx8Jb8S3DQ07lgtTp5j5NJNqm7KYdpD5vn_Slk=
6a32611f000000000f0145c6,ABxTds8Lx8Jb8S3DQ07lgtTpzX_PZWcqmAVBXmBIdXhIs=,OOTD | 都市轻熟 | 男士夏季高智感穿搭分享,LIT LIGHT 里奈拾光,https://sns-avatar-qc.xhscdn.com/avatar/62e0f594d26d9f0001f14d86.jpg?imageView2/2/w/80/format/jpg,1,0,1,0,穿搭,https://www.xiaohongshu.com/explore/68a6f57a000000001c034c0a?xsec_token=ABxTds8Lx8Jb8S3DQ07lgtTpzX_PZWcqmAVBXmBIdXhIs=
6a38f404000000000f02a809,ABl0NZz6UmBOJRlbunrZ8EFri70-Hii5-GnaAPUU5Qx8w=,通勤不费力穿搭 | 新中式立领长袖天丝衬衫,LIT LIGHT 里奈拾光,https://sns-avatar-qc.xhscdn.com/avatar/62e0f594d26d9f0001f14d86.jpg?imageView2/2/w/80/format/jpg,0,1,1,0,穿搭,https://www.xiaohongshu.com/explore/68a6f57a000000001c034c0a?xsec_token=ABl0NZz6UmBOJRlbunrZ8EFri70-Hii5-GnaAPUU5Qx8w=
6a36250000000000110147e4,AB1jGpQJk2M6ngHo47GCictFeDSWv9F4JiUR1SzO7kntI=,夏季新款3D立体印花花豹T恤 | 穿搭推荐分享,LIT LIGHT 里奈拾光,https://sns-avatar-qc.xhscdn.com/avatar/62e0f594d26d9f0001f14d86.jpg?imageView2/2/w/80/format/jpg,0,0,1,0,穿搭,https://www.xiaohongshu.com/explore/68a6f57a000000001c034c0a?xsec_token=AB1jGpQJk2M6ngHo47GCictFeDSWv9F4JiUR1SzO7kntI=
6a3a3bb5000000000f01591f,ABFp9qW6v_2M6KNAEz5q-_0z5VMFi_5D4EYra4xmAVtws=,175男士穿搭 | 💚夏天就喜欢简单干净的帅,LIT LIGHT 里奈拾光,https://sns-avatar-qc.xhscdn.com/avatar/62e0f594d26d9f0001f14d86.jpg?imageView2/2/w/80/format/jpg,2,2,0,0,穿搭,https://www.xiaohongshu.com/explore/68a6f57a000000001c034c0a?xsec_token=ABFp9qW6v_2M6KNAEz5q-_0z5VMFi_5D4EYra4xmAVtws=
68afe3ec000000001d014328,ABqnsEYbtbSSsZv7A_4VIC0vwQqqShWdqg0cU4XRE7v3A=,秋季上新🍂 |男士轻熟风无扣领西服穿搭分享,LIT LIGHT 里奈拾光,https://sns-avatar-qc.xhscdn.com/avatar/62e0f594d26d9f0001f14d86.jpg?imageView2/2/w/80/format/jpg,1,0,0,0,穿搭,https://www.xiaohongshu.com/explore/68a6f57a000000001c034c0a?xsec_token=ABqnsEYbtbSSsZv7A_4VIC0vwQqqShWdqg0cU4XRE7v3A=
68afe74f000000001c035791,ABqnsEYbtbSSsZv7A_4VIC0ru-mNyzwp4to94NAuZLGPo=,秋上新 | 男士通勤老钱风小直筒长裤穿搭,LIT LIGHT 里奈拾光,https://sns-avatar-qc.xhscdn.com/avatar/62e0f594d26d9f0001f14d86.jpg?imageView2/2/w/80/format/jpg,0,0,0,0,穿搭,https://www.xiaohongshu.com/explore/68a6f57a000000001c034c0a?xsec_token=ABqnsEYbtbSSsZv7A_4VIC0ru-mNyzwp4to94NAuZLGPo=
6a31525c000000001101579a,ABTMymwRURqrOLxDws-cd_09CpRu1f4ITYVRguybuCBWM=,OOTD | 夏季上新 | 航海系穿搭条纹POLO衫,LIT LIGHT 里奈拾光,https://sns-avatar-qc.xhscdn.com/avatar/62e0f594d26d9f0001f14d86.jpg?imageView2/2/w/80/format/jpg,0,0,1,0,穿搭,https://www.xiaohongshu.com/explore/68a6f57a000000001c034c0a?xsec_token=ABTMymwRURqrOLxDws-cd_09CpRu1f4ITYVRguybuCBWM=
6a325e8c000000001102cdc0,ABxTds8Lx8Jb8S3DQ07lgtTuwRYPLwrr2I7xstxHtm6K4=,OOTD | 夏季上新 | 男士高智感通勤风穿搭,LIT LIGHT 里奈拾光,https://sns-avatar-qc.xhscdn.com/avatar/62e0f594d26d9f0001f14d86.jpg?imageView2/2/w/80/format/jpg,0,0,0,0,穿搭,https://www.xiaohongshu.com/explore/68a6f57a000000001c034c0a?xsec_token=ABxTds8Lx8Jb8S3DQ07lgtTuwRYPLwrr2I7xstxHtm6K4=
6a391b9b000000000f00632b,ABCFDiwoBbDPLEQ1MbYcjF2zoEtHOEmZtJ9Ks3E5bomac=,解锁夏日老钱风新配色，自带高质感穿搭搭配,LIT LIGHT 里奈拾光,https://sns-avatar-qc.xhscdn.com/avatar/62e0f594d26d9f0001f14d86.jpg?imageView2/2/w/80/format/jpg,0,0,0,0,穿搭,https://www.xiaohongshu.com/explore/68a6f57a000000001c034c0a?xsec_token=ABCFDiwoBbDPLEQ1MbYcjF2zoEtHOEmZtJ9Ks3E5bomac=
688ca10900000000250234c9,ABQyeIMj9xdnH_fWTOMJG40VxZ7kjJGytFlD3A7m13KMI=,OOTD | 秋季穿搭 | 高智感男士职场穿搭分享,LIT LIGHT 里奈拾光,https://sns-avatar-qc.xhscdn.com/avatar/62e0f594d26d9f0001f14d86.jpg?imageView2/2/w/80/format/jpg,0,0,0,0,穿搭,https://www.xiaohongshu.com/explore/68a6f57a000000001c034c0a?xsec_token=ABQyeIMj9xdnH_fWTOMJG40VxZ7kjJGytFlD3A7m13KMI=
69fec73f00000000370349fe,ABrlvaIqadSxE31SofCBvWk49V9ExjPXQHtsbAp30Hd_Q=,衬衫穿搭技巧解析 | 怎么塞？怎么挽袖子？,兮兮Sissi,https://sns-avatar-qc.xhscdn.com/avatar/1040g2jo31p009n752g005p1478o4ib1jus3nm2o?imageView2/2/w/80/format/jpg,4395,5599,74,414,穿搭,https://www.xiaohongshu.com/explore/68a6f57a000000001c034c0a?xsec_token=ABrlvaIqadSxE31SofCBvWk49V9ExjPXQHtsbAp30Hd_Q=
690609c100000000030394d6,ABn6cyq87H7_97fUj7mVsznaRa2y37aj9IdjIkL2zBGS8=,男生通勤穿搭，牛津纺衬衫加休闲裤,SIMWOOD简木,https://sns-avatar-qc.xhscdn.com/avatar/61fb5905ebbf38f68ac57c68.jpg?imageView2/2/w/80/format/jpg,100,40,14,8,穿搭,https://www.xiaohongshu.com/explore/68a6f57a000000001c034c0a?xsec_token=ABn6cyq87H7_97fUj7mVsznaRa2y37aj9IdjIkL2zBGS8=
68df58ad000000000302e89d,ABi6I1kb-VopIDSDrWRjTShCs80HsTtzBR6NEjcxasJrU=,复古工装穿搭，一身硬朗一生硬汉。,SIMWOOD简木,https://sns-avatar-qc.xhscdn.com/avatar/61fb5905ebbf38f68ac57c68.jpg?imageView2/2/w/80/format/jpg,215,97,22,19,穿搭,https://www.xiaohongshu.com/explore/68a6f57a000000001c034c0a?xsec_token=ABi6I1kb-VopIDSDrWRjTShCs80HsTtzBR6NEjcxasJrU=
68d979be000000000702a1a8,ABRLGgmWXHxROve5WMM18W6mmhkcT2nHxTSRvQMRNEcmU=,如果可以我想穿制服去见你,木村叔服饰,https://sns-avatar-qc.xhscdn.com/avatar/60c079a0578bcb0001af0c1e.jpg?imageView2/2/w/80/format/jpg,66,11,4,12,穿搭,https://www.xiaohongshu.com/explore/68a6f57a000000001c034c0a?xsec_token=ABRLGgmWXHxROve5WMM18W6mmhkcT2nHxTSRvQMRNEcmU=
688e0ea00000000002002475,AB_cNBY4dlkFhR7LlHOfS-uey8UsQToxKM8lh-L74l4aQ=,硬曲配硬汉穿搭,SIMWOOD简木,https://sns-avatar-qc.xhscdn.com/avatar/61fb5905ebbf38f68ac57c68.jpg?imageView2/2/w/80/format/jpg,282,72,26,23,穿搭,https://www.xiaohongshu.com/explore/68a6f57a000000001c034c0a?xsec_token=AB_cNBY4dlkFhR7LlHOfS-uey8UsQToxKM8lh-L74l4aQ=
69c345a5000000001a024553,ABnZxM2w7nq4DHti5bYe0nWE27qn2PdNAjNgKsm-k7QmE=,CoosRetro｜春夏新品全Look合集 有🎁！,CoosRetro,https://sns-avatar-qc.xhscdn.com/avatar/seller_6a15461bf4db62000150a176?imageView2/2/w/80/format/jpg,170,93,46,21,穿搭,https://www.xiaohongshu.com/explore/68a6f57a000000001c034c0a?xsec_token=ABnZxM2w7nq4DHti5bYe0nWE27qn2PdNAjNgKsm-k7QmE=
68d8ec8e0000000011014035,ABuOVgrRFFEYh_-vS1tz5szp3euqrCXaiMxxHlU2xJvDU=,穿搭是一种感觉,Bccfy,https://sns-avatar-qc.xhscdn.com/avatar/5fef277eb596e240edab239c.jpg?imageView2/2/w/80/format/jpg,9431,676,273,588,穿搭,https://www.xiaohongshu.com/explore/68a6f57a000000001c034c0a?xsec_token=ABuOVgrRFFEYh_-vS1tz5szp3euqrCXaiMxxHlU2xJvDU=
6a5b2d28000000000f00760e,ABEAgP4coJ8pvXgDzq8_zpaKNYHyHmv6WR2b4ZwGMPvN4=,夏日老钱风怎么穿搭？一条天丝亚麻裤就够了,露菁悦,https://sns-avatar-qc.xhscdn.com/avatar/1040g2jo31jr3333p3q6g5pa35r4ghqnd3516u08?imageView2/2/w/80/format/jpg,0,0,0,0,穿搭,https://www.xiaohongshu.com/explore/68a6f57a000000001c034c0a?xsec_token=ABEAgP4coJ8pvXgDzq8_zpaKNYHyHmv6WR2b4ZwGMPvN4=
69e71cd40000000022002af4,ABJxzYZM8wxibuZ9sj_5bdjDLS_oS9NR5PUtZBEEmWRk4=,通勤基础万能穿搭公式、一周穿搭不重样,漫颜刘,https://sns-avatar-qc.xhscdn.com/avatar/5f23c9388aad0e00010d51f5.jpg?imageView2/2/w/80/format/jpg,3601,5317,73,2208,穿搭,https://www.xiaohongshu.com/explore/68a6f57a000000001c034c0a?xsec_token=ABJxzYZM8wxibuZ9sj_5bdjDLS_oS9NR5PUtZBEEmWRk4=
6a337f5e000000001603f98a,ABgRFviqFOPfFVZPA0zXoMGOTcuHUMkGBn6riNi0s-5KQ=,小杨梅有袖的简单上身和人台图来啦☺️,漱石枕流中式,https://sns-avatar-qc.xhscdn.com/avatar/1040g2jo3187e1j4i0s0g5p45qg1noqjblhchfno?imageView2/2/w/80/format/jpg,5167,2097,384,1461,穿搭,https://www.xiaohongshu.com/explore/68a6f57a000000001c034c0a?xsec_token=ABgRFviqFOPfFVZPA0zXoMGOTcuHUMkGBn6riNi0s-5KQ=
677a7a44000000000b01450c,AB7-62oOd59Hp_zR_DRAGLZrpkERC1zCkuxUd-bE8-ZLU=,机能穿搭｜是谁的红黑天菜！🍫,PINK SAVIOR,https://sns-avatar-qc.xhscdn.com/avatar/63205dd5825052000189f645.jpg?imageView2/2/w/80/format/jpg,4243,1136,189,242,穿搭,https://www.xiaohongshu.com/explore/68a6f57a000000001c034c0a?xsec_token=AB7-62oOd59Hp_zR_DRAGLZrpkERC1zCkuxUd-bE8-ZLU=
6a1e68fa000000003502d19d,ABEUnMb0K94rO415NeW0VI8IZeUQnPPdUywK7DOHrtL-s=,谁懂这件衬衫的含金量｜莱赛尔古巴领衬衫,人尹木三-RUNNING MONSOON,https://sns-avatar-qc.xhscdn.com/avatar/1000g2jo2pua5bvck40005neddbsg98tiji73c40?imageView2/2/w/80/format/jpg,358,188,21,74,穿搭,https://www.xiaohongshu.com/explore/68a6f57a000000001c034c0a?xsec_token=ABEUnMb0K94rO415NeW0VI8IZeUQnPPdUywK7DOHrtL-s=
69b4c021000000001a030f10,AB8HzaxQ6ZgFiTWFWa03B0Tu-VgpRrCNpJFvWRdTNCbFE=,春天的山系衬衫我给一百分💯亮色系真的好看,朱古力li,https://sns-avatar-qc.xhscdn.com/avatar/07002914-edf1-3136-ae76-b13c2d51573b?imageView2/2/w/80/format/jpg,4,5,1,1,穿搭,https://www.xiaohongshu.com/explore/68a6f57a000000001c034c0a?xsec_token=AB8HzaxQ6ZgFiTWFWa03B0Tu-VgpRrCNpJFvWRdTNCbFE=
68c80d5a000000001b02394e,ABFkBBHob7YQQs5TkfYJ90eN-Oy3Xa7dlDptP1w3Xyf9g=,旅行照Dazz真的封神！2r搞定环球胶片记忆🌍,山那边有光～,https://sns-avatar-qc.xhscdn.com/avatar/1040g2jo31p1hb90q2g005pg00l92pqesb8m9vro?imageView2/2/w/80/format/jpg,11,1,0,0,穿搭,https://www.xiaohongshu.com/explore/68a6f57a000000001c034c0a?xsec_token=ABFkBBHob7YQQs5TkfYJ90eN-Oy3Xa7dlDptP1w3Xyf9g=
6a01c370000000000803dc6c,ABy36na50b3LfhavzrqKemxd8K5S2BE9_oGRzwzdEaSI0=,几块钱的Dazz，好用到转圈圈～（附教程）,山那边有光～,https://sns-avatar-qc.xhscdn.com/avatar/1040g2jo31p1hb90q2g005pg00l92pqesb8m9vro?imageView2/2/w/80/format/jpg,466,346,14,104,穿搭,https://www.xiaohongshu.com/explore/68a6f57a000000001c034c0a?xsec_token=ABy36na50b3LfhavzrqKemxd8K5S2BE9_oGRzwzdEaSI0=
69ca4a3e000000001d01c4f1,ABL0ZOAiRO7skS6jpcI-0kr3rEwN3lK127qk_sMAF5nCw=,千金感Set✨黑巧香槟上身live,啦啦酱 原创设计,https://sns-avatar-qc.xhscdn.com/avatar/1040g2jo31tc97gkv5e005nj1nh3g94aij40h750?imageView2/2/w/80/format/jpg,16284,6678,49,809,穿搭,https://www.xiaohongshu.com/explore/68a6f57a000000001c034c0a?xsec_token=ABL0ZOAiRO7skS6jpcI-0kr3rEwN3lK127qk_sMAF5nCw=
69e64ada00000000200397f4,ABc-VPmAnCB4USk9pk-ISzZqBi6xjtt9yZFJ9Gmn0anuY=,长期主义会很爱的cleanfit老钱风！,Veyra Collective,https://sns-avatar-qc.xhscdn.com/avatar/67bc5ead9109f60001669b39.jpg?imageView2/2/w/80/format/jpg,1032,505,25,520,穿搭,https://www.xiaohongshu.com/explore/68a6f57a000000001c034c0a?xsec_token=ABc-VPmAnCB4USk9pk-ISzZqBi6xjtt9yZFJ9Gmn0anuY=
68e4d6d900000000040051a2,ABRSc6M9DoNeYp4tIMPvA3SWK10UfyllSpKRe_1SuWsl8=,2r的dazz你让我刮目相看！！,山那边有光～,https://sns-avatar-qc.xhscdn.com/avatar/1040g2jo31p1hb90q2g005pg00l92pqesb8m9vro?imageView2/2/w/80/format/jpg,61,36,3,35,穿搭,https://www.xiaohongshu.com/explore/68a6f57a000000001c034c0a?xsec_token=ABRSc6M9DoNeYp4tIMPvA3SWK10UfyllSpKRe_1SuWsl8=
6a4b2853000000002201be39,ABxrvC-kxowxsGCZWMLMpxK5UMKmvm6BxUrWnEoeSCOs0=,逛街出行的百搭利器,_WithYue,https://sns-avatar-qc.xhscdn.com/avatar/1040g2jo321qqe0tnne005oc256i41ho9je9lbf0?imageView2/2/w/80/format/jpg,0,0,0,0,穿搭,https://www.xiaohongshu.com/explore/68a6f57a000000001c034c0a?xsec_token=ABxrvC-kxowxsGCZWMLMpxK5UMKmvm6BxUrWnEoeSCOs0=
68c6672e000000001d0039a4,AB_BSWCs4Lq2k-vAftQr8qHkdy7CEE8FldWW6c09iN6MY=,Dazz里藏着一部复古放映机📽️,愿喵成真,https://sns-avatar-qc.xhscdn.com/avatar/1040g2jo31lebvajfks004bn0bvhknl3i11orlug?imageView2/2/w/80/format/jpg,29,9,0,5,穿搭,https://www.xiaohongshu.com/explore/68a6f57a000000001c034c0a?xsec_token=AB_BSWCs4Lq2k-vAftQr8qHkdy7CEE8FldWW6c09iN6MY=
6a0583d70000000038035b9a,AB6fydUSmhOSG4lFryYVz53bNL5Cer17uvswKBZatr6b8=,真正的性张力无需说话，一件亨利衫全交代,马登福叔,https://sns-avatar-qc.xhscdn.com/avatar/60cac178d2c53d000110ca4c.jpg?imageView2/2/w/80/format/jpg,490,292,45,108,穿搭,https://www.xiaohongshu.com/explore/68a6f57a000000001c034c0a?xsec_token=AB6fydUSmhOSG4lFryYVz53bNL5Cer17uvswKBZatr6b8=
69c7d44b000000001a020392,ABEttW8D5JmL-0d4Gif17Y-dLmdoHMWs20XeV-AEEKZJY=,"型男的第二层""银皮"",自带清爽结界",马登福叔,https://sns-avatar-qc.xhscdn.com/avatar/60cac178d2c53d000110ca4c.jpg?imageView2/2/w/80/format/jpg,216,150,21,23,穿搭,https://www.xiaohongshu.com/explore/68a6f57a000000001c034c0a?xsec_token=ABEttW8D5JmL-0d4Gif17Y-dLmdoHMWs20XeV-AEEKZJY=
69be061300000000220026cb,ABWf5OM7DFJ_BABhgNgJz_yXkBCVmHbQI3fivC6LyDZ0w=,男人穿搭底牌：这件复古针织衫赢麻了,TRIPLE聊穿搭,https://sns-avatar-qc.xhscdn.com/avatar/1040g2jo31b06g4807c005por1id7c8t56vcd4v8?imageView2/2/w/80/format/jpg,2308,1406,88,452,穿搭,https://www.xiaohongshu.com/explore/68a6f57a000000001c034c0a?xsec_token=ABWf5OM7DFJ_BABhgNgJz_yXkBCVmHbQI3fivC6LyDZ0w=
6a378e3b000000000702d1bb,ABzkFDtVmihGjua_cLBgs1VZ6qjtQfEucCBPDFyO8wdeM=,毫不夸张，真的体感裸奔。。,李姐万岁,https://sns-avatar-qc.xhscdn.com/avatar/379043f8-e7c5-310d-ad7d-d0a968416cf3?imageView2/2/w/80/format/jpg,4456,1804,136,565,穿搭,https://www.xiaohongshu.com/explore/68a6f57a000000001c034c0a?xsec_token=ABzkFDtVmihGjua_cLBgs1VZ6qjtQfEucCBPDFyO8wdeM=
69cf6630000000001a02fca6,ABbabrxqlZN2pj9EAfgJlI-E9ayGMS5tICvubPBvv2Gck=,随机九色抽检情况，价格绝对美丽,我不是拼豆神,https://sns-avatar-qc.xhscdn.com/avatar/1040g2jo31olir9pg066g5p59gbu7501hnb16nmo?imageView2/2/w/80/format/jpg,874,319,91,67,穿搭,https://www.xiaohongshu.com/explore/68a6f57a000000001c034c0a?xsec_token=ABbabrxqlZN2pj9EAfgJlI-E9ayGMS5tICvubPBvv2Gck=
6a312879000000000f01c363,ABTMymwRURqrOLxDws-cd_01gy7ui3eoNVDPf6NS4E6oc=,成熟男士得体穿搭，越简单越高级。,LIT LIGHT 里奈拾光,https://sns-avatar-qc.xhscdn.com/avatar/62e0f594d26d9f0001f14d86.jpg?imageView2/2/w/80/format/jpg,2,0,0,0,穿搭,https://www.xiaohongshu.com/explore/68a6f57a000000001c034c0a?xsec_token=ABTMymwRURqrOLxDws-cd_01gy7ui3eoNVDPf6NS4E6oc=
69ce0d41000000002200c726,ABq61rKHVjXSbNGJk5U_cnUibqWAuHYoGMB6en5IbsgFc=,OOTD | 夏季穿搭 | 170男士夏季痞帅气质风,LIT LIGHT 里奈拾光,https://sns-avatar-qc.xhscdn.com/avatar/62e0f594d26d9f0001f14d86.jpg?imageView2/2/w/80/format/jpg,14,9,4,1,穿搭,https://www.xiaohongshu.com/explore/68a6f57a000000001c034c0a?xsec_token=ABq61rKHVjXSbNGJk5U_cnUibqWAuHYoGMB6en5IbsgFc=
6a156c5c0000000008030a2b,ABWqcg0s8aCPtNjmIGArI3NyRHpX0mlqUN1afm9InSgEM=,谁懂呀❗️大包装的含金量，还是分装好的,Super爱豆,https://sns-avatar-qc.xhscdn.com/avatar/1040g2jo31s6mvvaelm0g5pj138khot3ec0t4j9o?imageView2/2/w/80/format/jpg,154,75,12,14,穿搭,https://www.xiaohongshu.com/explore/68a6f57a000000001c034c0a?xsec_token=ABWqcg0s8aCPtNjmIGArI3NyRHpX0mlqUN1afm9InSgEM=
691805e3000000001b030314,ABwO1hdxQxfZbMqJ7dtZKi7ihbhN9_-IeIhnBqnofQEAM=,🧣情侣穿搭必备！重磅针织卫衣来啦,酷派男装,https://sns-avatar-qc.xhscdn.com/avatar/645b7c0d1d74d41345e61461.jpg?imageView2/2/w/80/format/jpg,0,0,0,0,穿搭,https://www.xiaohongshu.com/explore/68a6f57a000000001c034c0a?xsec_token=ABwO1hdxQxfZbMqJ7dtZKi7ihbhN9_-IeIhnBqnofQEAM=
699ec5a20000000015023533,ABWzmXlI4Y6ZnLDMGYLYOD6796iFMQge1pPPSeZmWJloo=,拼豆豆0.59r七天活动不限量！!,RC拼豆,https://sns-avatar-qc.xhscdn.com/avatar/1040g2jo314aplh1smg005pjlrp0hostneisgv30?imageView2/2/w/80/format/jpg,61,16,33,13,穿搭,https://www.xiaohongshu.com/explore/68a6f57a000000001c034c0a?xsec_token=ABWzmXlI4Y6ZnLDMGYLYOD6796iFMQge1pPPSeZmWJloo=
6a28ed5a0000000007026db1,AB4yWK8dCo2__O-rxRNrxSLMqPb-wG8dzew3S2nWniv9Y=,轻熟内敛穿搭，摩卡棕古巴领雅致耐看,For.Mr C(C先森),https://sns-avatar-qc.xhscdn.com/avatar/1040g2jo31r4857u4g0005o93cptg8qce5jqoivg?imageView2/2/w/80/format/jpg,6,2,0,0,穿搭,https://www.xiaohongshu.com/explore/68a6f57a000000001c034c0a?xsec_token=AB4yWK8dCo2__O-rxRNrxSLMqPb-wG8dzew3S2nWniv9Y=
6882487d000000001203c45e,ABkayhuPj0vepmltmEO0F0LyvhbDAEiUTMJr1un11c-ZE=,🤍无性别穿搭｜复古风美式网眼球衣短袖T恤～,XIANGSHANG向尚,https://sns-avatar-qc.xhscdn.com/avatar/1040g2jo31hjsl20ljo2g5n3qcf8llslal2evgmg?imageView2/2/w/80/format/jpg,0,0,0,0,穿搭,https://www.xiaohongshu.com/explore/68a6f57a000000001c034c0a?xsec_token=ABkayhuPj0vepmltmEO0F0LyvhbDAEiUTMJr1un11c-ZE=
69231ace000000001e0210db,ABtz9Vw6wdl1hBIbHZeeJ_XJQlrzlWPUpm9SECkDanIJQ=,叮当拼豆,叮当家拼豆,https://sns-avatar-qc.xhscdn.com/avatar/1040g2jo31os6k30k1o005n5oh0v5mbjou7ibar8?imageView2/2/w/80/format/jpg,127,41,29,14,穿搭,https://www.xiaohongshu.com/explore/68a6f57a000000001c034c0a?xsec_token=ABtz9Vw6wdl1hBIbHZeeJ_XJQlrzlWPUpm9SECkDanIJQ=
6a559a5b00000000060335bc,ABNrIU9Kj1LWAoLsud7dCtLBpoe0SDnlJVFpr-p5UjIsw=,夏日穿搭天花板！冷感机能短袖百搭不踩雷,本质服饰,https://sns-avatar-qc.xhscdn.com/avatar/1040g2jo31v55ra1n2a004a6u3cs6rtdompkh478?imageView2/2/w/80/format/jpg,1,0,0,0,穿搭,https://www.xiaohongshu.com/explore/68a6f57a000000001c034c0a?xsec_token=ABNrIU9Kj1LWAoLsud7dCtLBpoe0SDnlJVFpr-p5UjIsw=
6a0ab4560000000037034064,ABsKIDPzMHAA3BdvoJc2tZNAZcisMPejCefZ3SQOspySM=,✅0.59千粒拼豆7项达标！M品质✓质检报告✓,RC拼豆,https://sns-avatar-qc.xhscdn.com/avatar/1040g2jo314aplh1smg005pjlrp0hostneisgv30?imageView2/2/w/80/format/jpg,1,0,26,0,穿搭,https://www.xiaohongshu.com/explore/68a6f57a000000001c034c0a?xsec_token=ABsKIDPzMHAA3BdvoJc2tZNAZcisMPejCefZ3SQOspySM=
6922ae0b0000000019026547,ABsW-Zpt_AeKuSnq-Z7ybpCIePtjEAMXpZXxwxakjvWnE=,终于选对了拼豆的防爆包装袋！,小精灵拼豆星球,https://sns-avatar-qc.xhscdn.com/avatar/1040g2jo31ouk02k4hq0047b0hlvpit3cirq9gno?imageView2/2/w/80/format/jpg,110,11,10,5,穿搭,https://www.xiaohongshu.com/explore/68a6f57a000000001c034c0a?xsec_token=ABsW-Zpt_AeKuSnq-Z7ybpCIePtjEAMXpZXxwxakjvWnE=
6a294e88000000002003b9d6,ABXzbP433karRg3ngr4-4Ml_jbYRxv44SJgT_yP1CqkNI=,显白警告⚠️｜清爽干净的复古学长风,Orense Man,https://sns-avatar-qc.xhscdn.com/avatar/1040g2jo31g0rcpffgi0g5pv3sbq3i0ka6hctn0o?imageView2/2/w/80/format/jpg,31,24,0,3,穿搭,https://www.xiaohongshu.com/explore/68a6f57a000000001c034c0a?xsec_token=ABXzbP433karRg3ngr4-4Ml_jbYRxv44SJgT_yP1CqkNI=
6a3d4dc00000000006036836,ABlUFLw-UqmoLIaSlJDaOJ8bgtY9uzNRSBx3PEmllqcww=,谁穿谁是温柔大小姐！阿玛施紫裙直接焊身上！,GIRDEAR阿玛施高级穿搭师,https://sns-avatar-qc.xhscdn.com/avatar/1040g2jo31g1ublb400005oku2cqod1fjlgn29n0?imageView2/2/w/80/format/jpg,445,267,17,47,穿搭,https://www.xiaohongshu.com/explore/68a6f57a000000001c034c0a?xsec_token=ABlUFLw-UqmoLIaSlJDaOJ8bgtY9uzNRSBx3PEmllqcww=
69bd1cf8000000001e00c4f9,ABvIshMKpr_Cv7qF4Pi8nugOsCT9qHllxON-fCYrMVWqc=,宝子们，熔点一百八的豆子快来冲,小杜家拼豆二店,https://sns-avatar-qc.xhscdn.com/avatar/seller_69d63ea29f4759000159b38a?imageView2/2/w/80/format/jpg,27,10,40,5,穿搭,https://www.xiaohongshu.com/explore/68a6f57a000000001c034c0a?xsec_token=ABvIshMKpr_Cv7qF4Pi8nugOsCT9qHllxON-fCYrMVWqc=
6a48b7fd000000001602704f,AB8Y4ftibNX7Si0FeRfrjzhrptpgb98_KlkhQRAe6VrJU=,关于小杨梅旗袍的褶皱和版型详细说明,漱石枕流中式,https://sns-avatar-qc.xhscdn.com/avatar/1040g2jo3187e1j4i0s0g5p45qg1noqjblhchfno?imageView2/2/w/80/format/jpg,353,134,78,90,穿搭,https://www.xiaohongshu.com/explore/68a6f57a000000001c034c0a?xsec_token=AB8Y4ftibNX7Si0FeRfrjzhrptpgb98_KlkhQRAe6VrJU=
69f1e3ca00000000380344db,ABI_1KySTbJ-o1xBwZTeUewXnbFtPNzTxI2n3-JIEtK2s=,解救夏日穿搭愁，躺平式身材管理,Yamoll,https://sns-avatar-qc.xhscdn.com/avatar/a0449c83-b83c-38c8-aca9-310ff8af056c?imageView2/2/w/80/format/jpg,3,0,2,0,穿搭,https://www.xiaohongshu.com/explore/68a6f57a000000001c034c0a?xsec_token=ABI_1KySTbJ-o1xBwZTeUewXnbFtPNzTxI2n3-JIEtK2s=
6889c43b000000002302e2ed,ABhmLaf24LAPnkZ9-lHaS0dPGsB9muYaFu-jgp2A1USQU=,男生秋冬工装裤穿搭！显高显瘦显腿长！,魅大咖,https://sns-avatar-qc.xhscdn.com/avatar/fff8cc60-e8f3-3c03-b53c-541927593718?imageView2/2/w/80/format/jpg,1,0,0,0,穿搭,https://www.xiaohongshu.com/explore/68a6f57a000000001c034c0a?xsec_token=ABhmLaf24LAPnkZ9-lHaS0dPGsB9muYaFu-jgp2A1USQU=
6a203f570000000021008ff0,ABma6w5g1GReGUtqqk5Aj-my3NawA6exC_ImBAd0MtcqM=,建议男生直接复制这一套Polo！！,是CC家的呀,https://sns-avatar-qc.xhscdn.com/avatar/1040g2jo31nk4ehvpmm005q75p93doo93k03dtng?imageView2/2/w/80/format/jpg,261,132,14,157,穿搭,https://www.xiaohongshu.com/explore/68a6f57a000000001c034c0a?xsec_token=ABma6w5g1GReGUtqqk5Aj-my3NawA6exC_ImBAd0MtcqM=
696b8523000000002200ab94,AB0YZY_EqJrMlKJ4IF-yQY6sQDx8xNjx1dU61oSC4Yeng=,🍂秋日穿搭必备！男童牛仔拼接裤上新,裙角飞扬.,https://sns-avatar-qc.xhscdn.com/avatar/1040g2jo31pcgd5ri2u605pff5a819d2g20avqv8?imageView2/2/w/80/format/jpg,0,0,0,0,穿搭,https://www.xiaohongshu.com/explore/68a6f57a000000001c034c0a?xsec_token=AB0YZY_EqJrMlKJ4IF-yQY6sQDx8xNjx1dU61oSC4Yeng=
6a01622f0000000006034f2d,ABy36na50b3LfhavzrqKemxed4TtrkSFRJU4gqSKYLolo=,纯色T，夏日必备，100%新疆棉上身太舒服了,柒柒宝藏屋,https://sns-avatar-qc.xhscdn.com/avatar/641f9dbe257af9e276b38504.jpg?imageView2/2/w/80/format/jpg,6,0,10,1,穿搭,https://www.xiaohongshu.com/explore/68a6f57a000000001c034c0a?xsec_token=ABy36na50b3LfhavzrqKemxed4TtrkSFRJU4gqSKYLolo=
69cb6bb300000000230135f0,ABQcvt717ZcJUDilvwsKaf8f96rXU_IPmUTnC_FDA1QhY=,王嘉尔今年赢麻了😍||||,老王的衣橱,https://sns-avatar-qc.xhscdn.com/avatar/1040g2jo31s4c0cs956005q9pdvrttipbr49bo6o?imageView2/2/w/80/format/jpg,112,33,0,30,穿搭,https://www.xiaohongshu.com/explore/68a6f57a000000001c034c0a?xsec_token=ABQcvt717ZcJUDilvwsKaf8f96rXU_IPmUTnC_FDA1QhY=
6a3cebd1000000001c024511,ABMMMbyyrH5jQKlQFUak-i0uuT2OqbGxBBIEsEVRIUVq8=,淡人美女感很强的ootd 💭,小小啊le,https://sns-avatar-qc.xhscdn.com/avatar/63fb54d5aa57c28f569e4306.jpg?imageView2/2/w/80/format/jpg,2982,1113,132,328,穿搭,https://www.xiaohongshu.com/explore/68a6f57a000000001c034c0a?xsec_token=ABMMMbyyrH5jQKlQFUak-i0uuT2OqbGxBBIEsEVRIUVq8=
68cbc741000000000e02704f,ABzIM4kjj2i7H-T1iuTd3wIFtIPk8Is813daQvT-Z_EIo=,🌈宝宝穿搭不撞款，美式风来啦！,一方清欢日常,https://sns-avatar-qc.xhscdn.com/avatar/645b65431e7abf18da7d1266.jpg?imageView2/2/w/80/format/jpg,0,0,0,0,穿搭,https://www.xiaohongshu.com/explore/68a6f57a000000001c034c0a?xsec_token=ABzIM4kjj2i7H-T1iuTd3wIFtIPk8Is813daQvT-Z_EIo=
69c5e7cb000000001f00720f,ABS0o_QAN9ZbXTjZsIfnLooe8bFUtfeH4APrc6mgQBqVY=,今年流行的纯棉短袖T恤，大家都有穿吗?,柒柒宝藏屋,https://sns-avatar-qc.xhscdn.com/avatar/641f9dbe257af9e276b38504.jpg?imageView2/2/w/80/format/jpg,7,2,10,2,穿搭,https://www.xiaohongshu.com/explore/68a6f57a000000001c034c0a?xsec_token=ABS0o_QAN9ZbXTjZsIfnLooe8bFUtfeH4APrc6mgQBqVY=
6a49fd0e000000000702c4c6,AB_92JVugd7Dn7-zXqMlyFfVl4H9oVLBAitFWBWV3XLzA=,白色yyds,是小羊咩咩～,https://sns-avatar-qc.xhscdn.com/avatar/1040g2jo31u9q5m3qio705n3h24o465t9pb6r8j8?imageView2/2/w/80/format/jpg,44,17,1,4,穿搭,https://www.xiaohongshu.com/explore/68a6f57a000000001c034c0a?xsec_token=AB_92JVugd7Dn7-zXqMlyFfVl4H9oVLBAitFWBWV3XLzA=
68df2a140000000003020c44,ABi6I1kb-VopIDSDrWRjTShLk0wJolUknOvVVylM3EwDo=,短袖！230g重磅纯棉【100%新疆长绒棉】,柒柒宝藏屋,https://sns-avatar-qc.xhscdn.com/avatar/641f9dbe257af9e276b38504.jpg?imageView2/2/w/80/format/jpg,7,5,8,2,穿搭,https://www.xiaohongshu.com/explore/68a6f57a000000001c034c0a?xsec_token=ABi6I1kb-VopIDSDrWRjTShLk0wJolUknOvVVylM3EwDo=
690ba2590000000004005c24,ABdyUt54Dgng4-86m_AKznHvj9ZjLk2U0VUGcydoLMB6I=,防蓝光眼镜也能这么潮！护目穿搭两不误✨,塞纳分享好物,https://sns-avatar-qc.xhscdn.com/avatar/645b6b2504c28aa15eab1dac.jpg?imageView2/2/w/80/format/jpg,0,0,0,0,穿搭,https://www.xiaohongshu.com/explore/68a6f57a000000001c034c0a?xsec_token=ABdyUt54Dgng4-86m_AKznHvj9ZjLk2U0VUGcydoLMB6I=
693a7a5b000000001e007522,ABLgUIlisb9AWMTM8BtM9PoDPqJV7Us1RH0Q1BZPOrO8I=,回顾2025设计师的穿搭,Macro.,https://sns-avatar-qc.xhscdn.com/avatar/1040g2jo317o3r54vgm6049v6ddn4qorglbm0v2o?imageView2/2/w/80/format/jpg,86,25,8,15,穿搭,https://www.xiaohongshu.com/explore/68a6f57a000000001c034c0a?xsec_token=ABLgUIlisb9AWMTM8BtM9PoDPqJV7Us1RH0Q1BZPOrO8I=
687d14e800000000240085cd,ABTyIjjw9OBZAw7_UOTw5OL5tdus4sZj65NIroHgSPHu8=,这种体育生穿搭在韩国很小众吗？,pppppppc,https://sns-avatar-qc.xhscdn.com/avatar/1040g2jo31k6svqsj326g5nhusge0917tan3tv78?imageView2/2/w/80/format/jpg,2384,215,740,1274,穿搭,https://www.xiaohongshu.com/explore/68a6f57a000000001c034c0a?xsec_token=ABTyIjjw9OBZAw7_UOTw5OL5tdus4sZj65NIroHgSPHu8=
6a47b7860000000011006d90,ABhOMgTwFUr3sCBRY75US3lYL9FtIVEP1QsyZ21IhK0LA=,夏日穿搭18图：,林旅,https://sns-avatar-qc.xhscdn.com/avatar/6078fa9bc37950db5bf91bc8.jpg?imageView2/2/w/80/format/jpg,430,126,36,8,穿搭,https://www.xiaohongshu.com/explore/68a6f57a000000001c034c0a?xsec_token=ABhOMgTwFUr3sCBRY75US3lYL9FtIVEP1QsyZ21IhK0LA=
6a0c3a36000000003501ff71,ABxts88CWRB8ifSKLUr5eprjQoxd-hpiVF_HZwHiEhJtE=,小个子男生穿搭｜约会crush这样穿可以吗,Butqiu,https://sns-avatar-qc.xhscdn.com/avatar/5b0cd5de6b58b759f9e7590e.jpg?imageView2/2/w/80/format/jpg,28,11,0,8,穿搭,https://www.xiaohongshu.com/explore/68a6f57a000000001c034c0a?xsec_token=ABxts88CWRB8ifSKLUr5eprjQoxd-hpiVF_HZwHiEhJtE=
68e87775000000000401587d,ABdwL_gLQS7soWzf2ouk0ufB7dokEYko_4nEsp8xMp7BI=,求问 大家觉得哪种穿搭展示方式更好啊,Nn,https://sns-avatar-qc.xhscdn.com/avatar/1040g2jo31g4lesaphq005oaegfqgk587crhdgv0?imageView2/2/w/80/format/jpg,234,53,189,4,穿搭,https://www.xiaohongshu.com/explore/68a6f57a000000001c034c0a?xsec_token=ABdwL_gLQS7soWzf2ouk0ufB7dokEYko_4nEsp8xMp7BI=
6a38115200000000220180a9,ABl0NZz6UmBOJRlbunrZ8EFv-ILq16g7yKPQDeRHXimTA=,设计师上班的一周穿搭,钟文正,https://sns-avatar-qc.xhscdn.com/avatar/64f81a3b85200f7e195e62ad.jpg?imageView2/2/w/80/format/jpg,139,64,8,6,穿搭,https://www.xiaohongshu.com/explore/68a6f57a000000001c034c0a?xsec_token=ABl0NZz6UmBOJRlbunrZ8EFv-ILq16g7yKPQDeRHXimTA=
6a5a4347000000001c00f067,ABt_ribSGvPgOmFMVE85lfRYdevRrvYC3UXaXsUfusw5A=,小县城30➕微胖班主任日常穿搭分享,鹿鹿老师,https://sns-avatar-qc.xhscdn.com/avatar/1040g2jo31o74f1146g005o2ph0f090d2b1h9678?imageView2/2/w/80/format/jpg,127,25,44,1,穿搭,https://www.xiaohongshu.com/explore/68a6f57a000000001c034c0a?xsec_token=ABt_ribSGvPgOmFMVE85lfRYdevRrvYC3UXaXsUfusw5A=
68e39c8f00000000030139c2,ABbP_J5KC2bIVXjJ5tOEQJxSWnU98SQQzLcJZzPydghzU=,Martens的“强制微笑”，马吉拉的浪漫与反叛,AESTHETIC观照,https://sns-avatar-qc.xhscdn.com/avatar/1040g2jo321sa93i9ne105o1h7va098k88p1d2d0?imageView2/2/w/80/format/jpg,1340,182,66,483,穿搭,https://www.xiaohongshu.com/explore/68a6f57a000000001c034c0a?xsec_token=ABbP_J5KC2bIVXjJ5tOEQJxSWnU98SQQzLcJZzPydghzU=
6934eeca000000001b021621,ABXeJPdWF_riZfvN6qW66aZmD7NDfK1ZvsVRm7bRFiB0k=,这种穿搭过时了吗？可我超爱！！,栗子草莓舒,https://sns-avatar-qc.xhscdn.com/avatar/61626c9121bb3de0ff79f954.jpg?imageView2/2/w/80/format/jpg,630,191,140,20,穿搭,https://www.xiaohongshu.com/explore/68a6f57a000000001c034c0a?xsec_token=ABXeJPdWF_riZfvN6qW66aZmD7NDfK1ZvsVRm7bRFiB0k=
6a4ece4b0000000015027cff,ABoe9urFr52VXIINk8ahKSRup1GJqjYLklRFZjPMrQsXk=,LOOK｜夏日清凉搭配，穿搭灵感合集,鱼儿坊穿搭,https://sns-avatar-qc.xhscdn.com/avatar/1040g2jo31vliuhociq0g5ncqllt096lm2iutnio?imageView2/2/w/80/format/jpg,13,6,0,2,穿搭,https://www.xiaohongshu.com/explore/68a6f57a000000001c034c0a?xsec_token=ABoe9urFr52VXIINk8ahKSRup1GJqjYLklRFZjPMrQsXk=
6a2ac33a0000000016027907,ABK9LrzzXpC21hnAQavG8EE3IS9xxMhCEM8UT2DR7rQmA=,遇到喜欢的店，差点忘记曾经是家居设计师,Alllstone,https://sns-avatar-qc.xhscdn.com/avatar/6163161ebd86896cad000ef9.jpg?imageView2/2/w/80/format/jpg,326,26,9,6,穿搭,https://www.xiaohongshu.com/explore/68a6f57a000000001c034c0a?xsec_token=ABK9LrzzXpC21hnAQavG8EE3IS9xxMhCEM8UT2DR7rQmA=
663ce1df000000001e0385ac,ABsgmNxWE_NCN1Po1BTeeZHPa12eYKskwNtpv_LF8QgsA=,回了一趟中国发现自己的穿搭格格不入,薄荷过敏,https://sns-avatar-qc.xhscdn.com/avatar/1040g2jo320rpahmu687040193mqqjebkgk5bqp8?imageView2/2/w/80/format/jpg,482,141,2775,274,穿搭,https://www.xiaohongshu.com/explore/68a6f57a000000001c034c0a?xsec_token=ABsgmNxWE_NCN1Po1BTeeZHPa12eYKskwNtpv_LF8QgsA=
6a48caa900000000070261e1,AB8Y4ftibNX7Si0FeRfrjzhrfNVfGJp2AYVa2jjMwL94Q=,一周穿搭合集！！,鸡蛋饭,https://sns-avatar-qc.xhscdn.com/avatar/1040g2jo31ci4v4u00m705n78uo0kfebo3pp1qk0?imageView2/2/w/80/format/jpg,2450,576,76,51,穿搭,https://www.xiaohongshu.com/explore/68a6f57a000000001c034c0a?xsec_token=AB8Y4ftibNX7Si0FeRfrjzhrfNVfGJp2AYVa2jjMwL94Q=
69032ef60000000005012db0,ABCuAJu8Sf0dMELw9LJN_CTuHthUlbqiHUlMjLFj35rNs=,健身约会两不误穿搭😎,查理沧叶,https://sns-avatar-qc.xhscdn.com/avatar/1040g2jo31n02i7g8mg605onoqrg5b1889u97vb8?imageView2/2/w/80/format/jpg,4445,1766,195,2602,穿搭,https://www.xiaohongshu.com/explore/68a6f57a000000001c034c0a?xsec_token=ABCuAJu8Sf0dMELw9LJN_CTuHthUlbqiHUlMjLFj35rNs=
6925d3b6000000001b024c08,ABC-vbT4dFvcG6uUMd4hy8s74isW1X7i4fXxm56p0mVFQ=,我的穿搭10年内无人能懂……,爱吃椰子鸡的momo,https://sns-avatar-qc.xhscdn.com/avatar/1040g2jo31rsk2488im005ptg4o63jmcpspe5ki0?imageView2/2/w/80/format/jpg,779,190,167,70,穿搭,https://www.xiaohongshu.com/explore/68a6f57a000000001c034c0a?xsec_token=ABC-vbT4dFvcG6uUMd4hy8s74isW1X7i4fXxm56p0mVFQ=
6a4a4ac00000000011017782,ABtPYiXblrkg46zuTjbCtOvTyfAp7-pOhHLNWS555oHfc=,近期的1️⃣6️⃣套漂亮穿搭合集！！🧃,小肥.,https://sns-avatar-qc.xhscdn.com/avatar/62e92fb1f08b34c5ef42fd34.jpg?imageView2/2/w/80/format/jpg,456,109,34,4,穿搭,https://www.xiaohongshu.com/explore/68a6f57a000000001c034c0a?xsec_token=ABtPYiXblrkg46zuTjbCtOvTyfAp7-pOhHLNWS555oHfc=
6a450e26000000001101661c,AB36IyAedIoclyXkvLQrOd1GzVScxQy61c81RnZVVztgU=,通勤穿搭的尽头，是德系克制美学,CHRIS💤,https://sns-avatar-qc.xhscdn.com/avatar/1040g2jo31p050fhsia005p0s8s34i8ksvgg36to?imageView2/2/w/80/format/jpg,157,98,1,14,穿搭,https://www.xiaohongshu.com/explore/68a6f57a000000001c034c0a?xsec_token=AB36IyAedIoclyXkvLQrOd1GzVScxQy61c81RnZVVztgU=
67f721bf000000000b02e5a2,ABqK3it1m8REODnM3gWsYFddKZQ-9GGTKnVy2rDTRIafQ=,展示普通人通勤穿搭能不能不要带包和帽子,快乐咸鱼,https://sns-avatar-qc.xhscdn.com/avatar/60e90787000000002002dd29.jpg?imageView2/2/w/80/format/jpg,11961,3256,1168,281,穿搭,https://www.xiaohongshu.com/explore/68a6f57a000000001c034c0a?xsec_token=ABqK3it1m8REODnM3gWsYFddKZQ-9GGTKnVy2rDTRIafQ=
68b25086000000001d006b4a,ABNdKC9wEyFByrRKMNd7WlMdiPtn_bI-Zj3_NF6YAKRhw=,先锋时尚小众品牌/ArguE CulturE,多乐,https://sns-avatar-qc.xhscdn.com/avatar/1040g2jo31ljk0ujr52004a45dqi47b3ejeloq6g?imageView2/2/w/80/format/jpg,341,156,1,90,穿搭,https://www.xiaohongshu.com/explore/68a6f57a000000001c034c0a?xsec_token=ABNdKC9wEyFByrRKMNd7WlMdiPtn_bI-Zj3_NF6YAKRhw=
6a54586200000000220146f6,ABPR2xrI6XFYqwMGOpEhVTfSBDgwcZgxxZLcyzSEDZPnc=,近期的18套穿搭合集👚,莎拉🥗,https://sns-avatar-qc.xhscdn.com/avatar/1040g2jo31nb9okk6li005n5l47gkbf2sio78ih0?imageView2/2/w/80/format/jpg,2585,870,73,190,穿搭,https://www.xiaohongshu.com/explore/68a6f57a000000001c034c0a?xsec_token=ABPR2xrI6XFYqwMGOpEhVTfSBDgwcZgxxZLcyzSEDZPnc=
689dca4a000000001c03473f,ABvrVl64dJQsKl4DIuMBTN1Q9X7sULCaJq_PlSReg1BEY=,艺术生在时装公司入秋的一周穿搭,男孩阿兵,https://sns-avatar-qc.xhscdn.com/avatar/634cdc830a31d716f142cf0d.jpg?imageView2/2/w/80/format/jpg,1536,524,42,208,穿搭,https://www.xiaohongshu.com/explore/68a6f57a000000001c034c0a?xsec_token=ABvrVl64dJQsKl4DIuMBTN1Q9X7sULCaJq_PlSReg1BEY=
682e6c68000000002202819c,ABlbqShJvAR1avsyyjLZflhz7tNhhxtN7MQt0YajAFtV8=,越看越觉得很多博主压根不懂穿搭...,小心心的购物日记,https://sns-avatar-qc.xhscdn.com/avatar/5ee631851498a20001de7cb0.jpg?imageView2/2/w/80/format/jpg,8004,2923,1011,437,穿搭,https://www.xiaohongshu.com/explore/68a6f57a000000001c034c0a?xsec_token=ABlbqShJvAR1avsyyjLZflhz7tNhhxtN7MQt0YajAFtV8=
6a1adf5a00000000360009e2,AB-6JpaUxcCHfSFUE7sFRcstvESWIdNPBRzy0Cs0kbRTo=,3️⃣0️⃣套合集来啦，30岁也可以好漂亮,🐱你看上去很可爱,https://sns-avatar-qc.xhscdn.com/avatar/1040g2jo31pa21cbai400400qc24s0tnt5cq7fg0?imageView2/2/w/80/format/jpg,631,359,43,27,穿搭,https://www.xiaohongshu.com/explore/68a6f57a000000001c034c0a?xsec_token=AB-6JpaUxcCHfSFUE7sFRcstvESWIdNPBRzy0Cs0kbRTo=
6894a2f90000000025025a33,AB9-bwr1b6jhD3QBzw43cLv8b3nmxK2ex2gSt70CzXdP0=,一周穿搭不重样｜极简干净不愧是加分项,Nick Tian,https://sns-avatar-qc.xhscdn.com/avatar/61165ef02d51bd6677196a60.jpg?imageView2/2/w/80/format/jpg,1334,774,43,613,穿搭,https://www.xiaohongshu.com/explore/68a6f57a000000001c034c0a?xsec_token=AB9-bwr1b6jhD3QBzw43cLv8b3nmxK2ex2gSt70CzXdP0=
6a5745cc000000002201b986,ABjSHbn7Z-0MZ_oVOZkblHnZC-qr74y5-Wt8k3be_DAJo=,女生裤装时髦休闲显瘦又显高穿搭,小官教你学穿搭,https://sns-avatar-qc.xhscdn.com/avatar/5e436dda1d314d0001e8ba92.jpg?imageView2/2/w/80/format/jpg,10,3,0,0,穿搭,https://www.xiaohongshu.com/explore/68a6f57a000000001c034c0a?xsec_token=ABjSHbn7Z-0MZ_oVOZkblHnZC-qr74y5-Wt8k3be_DAJo=
6a5b051d000000000101d819,ABEAgP4coJ8pvXgDzq8_zpaALlYz15oJCzgazIv6tWpQQ=,简简单单的绿色裙子穿搭～🍃,琴子衣橱,https://sns-avatar-qc.xhscdn.com/avatar/1040g2jo31j478iin1g705pd2pa1oiijldf362do?imageView2/2/w/80/format/jpg,1,1,0,0,穿搭,https://www.xiaohongshu.com/explore/68a6f57a000000001c034c0a?xsec_token=ABEAgP4coJ8pvXgDzq8_zpaALlYz15oJCzgazIv6tWpQQ=
6952733c000000001e0299b3,ABEvKJ53Q3cNE_UCu9yoOJOM6e7low2NbyIGpTPpb9oho=,我的2025年度穿搭合集～,一只宸,https://sns-avatar-qc.xhscdn.com/avatar/1040g2jo30nn7sebh7k004a4g3p27oa6mfdbj7a0?imageView2/2/w/80/format/jpg,888,292,97,21,穿搭,https://www.xiaohongshu.com/explore/68a6f57a000000001c034c0a?xsec_token=ABEvKJ53Q3cNE_UCu9yoOJOM6e7low2NbyIGpTPpb9oho=
69d1fcdd00000000230253d2,ABgudcSyoIZpG5PHL7VJPR5S5nh86sNqYA41-wepmJ4A4=,30+女生春夏通勤穿搭合集 简约高级日常百搭,小官教你学穿搭,https://sns-avatar-qc.xhscdn.com/avatar/5e436dda1d314d0001e8ba92.jpg?imageView2/2/w/80/format/jpg,71,24,0,18,穿搭,https://www.xiaohongshu.com/explore/68a6f57a000000001c034c0a?xsec_token=ABgudcSyoIZpG5PHL7VJPR5S5nh86sNqYA41-wepmJ4A4=
6996b518000000002801dedf,ABNKuX97AbedKAb7wcH-uNTTriko8eDN12HURlexDFxCU=,为什么设计师非得穿的这么「土」？,nap.p,https://sns-avatar-qc.xhscdn.com/avatar/1040g2jo31qbtbq1b0a005pnqc8cne0tc7862ero?imageView2/2/w/80/format/jpg,1822,757,102,304,穿搭,https://www.xiaohongshu.com/explore/68a6f57a000000001c034c0a?xsec_token=ABNKuX97AbedKAb7wcH-uNTTriko8eDN12HURlexDFxCU=
68739b55000000001d00f684,ABcSQckQrEglX-Mik07MLZmR2Zp9zsNlQpG5GHa0ETpzA=,75岁，拒绝大妈穿搭,75岁马奶奶,https://sns-avatar-qc.xhscdn.com/avatar/1040g2jo31u4u6lmq2i6g5prq08362ngjam9os3o?imageView2/2/w/80/format/jpg,567,49,499,31,穿搭,https://www.xiaohongshu.com/explore/68a6f57a000000001c034c0a?xsec_token=ABcSQckQrEglX-Mik07MLZmR2Zp9zsNlQpG5GHa0ETpzA=
69c7a0ca0000000021011c56,ABEttW8D5JmL-0d4Gif17Y-UAJjpx-AwNtt3_HKHlsC1Q=,穿搭笔记｜💗普通人可复制的心味穿搭公式,SheWins,https://sns-avatar-qc.xhscdn.com/avatar/1040g2jo31t4jjenbm8105p9km9vgrtl00vg3hfo?imageView2/2/w/80/format/jpg,2751,1114,6,90,穿搭,https://www.xiaohongshu.com/explore/68a6f57a000000001c034c0a?xsec_token=ABEttW8D5JmL-0d4Gif17Y-UAJjpx-AwNtt3_HKHlsC1Q=
690dfdf70000000003018b9a,ABqzrQeaoNFH1SyaC3_Xm7HmKXVgQUEKgY4qBv1Ff0zK0=,哪一个穿搭好看一些,vv,https://sns-avatar-qc.xhscdn.com/avatar/1040g2jo320op9jatls005ov8r01pt5up9s4qi28?imageView2/2/w/80/format/jpg,308,47,59,10,穿搭,https://www.xiaohongshu.com/explore/68a6f57a000000001c034c0a?xsec_token=ABqzrQeaoNFH1SyaC3_Xm7HmKXVgQUEKgY4qBv1Ff0zK0=
69d3754e000000001b020166,ABxC7pfsR84QhKaE4k6jIfhbiga6FRgCq-6iykikPFVBs=,正经设计师的工地日常|久违了，发个合集叭,朴实无华Emily,https://sns-avatar-qc.xhscdn.com/avatar/1040g2jo31bgs5cqsgu0g48l8udvbdl7pvudjfmg?imageView2/2/w/80/format/jpg,268,88,69,64,穿搭,https://www.xiaohongshu.com/explore/68a6f57a000000001c034c0a?xsec_token=ABxC7pfsR84QhKaE4k6jIfhbiga6FRgCq-6iykikPFVBs=
6806090e000000001c008d60,ABrEIsPMA6EAq3lTuAwgiv53xUENazwypABQJrq-NLTC4=,穿搭不过是一场消费陷阱罢了,牵着小月亮长大,https://sns-avatar-qc.xhscdn.com/avatar/1040g2jo31sbupcrq5s004bcujqprndrqjkobpsg?imageView2/2/w/80/format/jpg,923,320,306,32,穿搭,https://www.xiaohongshu.com/explore/68a6f57a000000001c034c0a?xsec_token=ABrEIsPMA6EAq3lTuAwgiv53xUENazwypABQJrq-NLTC4=
68b10352000000001c013e83,ABmSh9x3pOAlVuwoG9-N2CsL6Z8aCuaj5TM8TBu716XLw=,尖端设计师的穿搭特征,A+设计师达人,https://sns-avatar-qc.xhscdn.com/avatar/1040g2jo31re2paop7o505no1lgu0bv5fflq047o?imageView2/2/w/80/format/jpg,140,78,3,13,穿搭,https://www.xiaohongshu.com/explore/68a6f57a000000001c034c0a?xsec_token=ABmSh9x3pOAlVuwoG9-N2CsL6Z8aCuaj5TM8TBu716XLw=
6a50e96800000000150247b8,ABLF0fX3JyGHE2zHq8HaATLa75FQdFThXpqxcQH057vkA=,4️⃣0️⃣套｜不费脑的夏天穿搭合集🧩,小小芝士呀,https://sns-avatar-qc.xhscdn.com/avatar/1040g2jo321ac04uq7e005qbdqg92v60gdiae1a0?imageView2/2/w/80/format/jpg,20,12,0,3,穿搭,https://www.xiaohongshu.com/explore/68a6f57a000000001c034c0a?xsec_token=ABLF0fX3JyGHE2zHq8HaATLa75FQdFThXpqxcQH057vkA=
69cf7e9d000000002301cd8e,ABbabrxqlZN2pj9EAfgJlI-P2jA8WlHtIjkBnpdz1s1iM=,万能穿搭公式🔥记住这5 点这样穿才好看！,大大奇呱嗒呱嗒,https://sns-avatar-qc.xhscdn.com/avatar/636c6c595855188c6e0b6349.jpg?imageView2/2/w/80/format/jpg,743,734,18,110,穿搭,https://www.xiaohongshu.com/explore/68a6f57a000000001c034c0a?xsec_token=ABbabrxqlZN2pj9EAfgJlI-P2jA8WlHtIjkBnpdz1s1iM=
69e83eb50000000022002679,ABogGELP8C-FLYMUlhEGX1ir6tTD5vhTYbKR2NssMAe-s=,松弛感穿搭｜今天是被他硬控了,WEIIEW7082,https://sns-avatar-qc.xhscdn.com/avatar/1040g2jo31m4hh23v66j05q2jfh76r5coe0vd7n8?imageView2/2/w/80/format/jpg,26,7,3,5,穿搭,https://www.xiaohongshu.com/explore/68a6f57a000000001c034c0a?xsec_token=ABogGELP8C-FLYMUlhEGX1ir6tTD5vhTYbKR2NssMAe-s=
69fb04100000000036000f88,ABgjaG56G15YKDN_5lp5F2JsNbFb8PTQKyuT3sOI_8pFI=,☀️又到了我最爱的季节,大琦ARIA,https://sns-avatar-qc.xhscdn.com/avatar/1040g2jo31jd5vkv82e005oielslk116hcj2q1c8?imageView2/2/w/80/format/jpg,51,12,29,14,穿搭,https://www.xiaohongshu.com/explore/68a6f57a000000001c034c0a?xsec_token=ABgjaG56G15YKDN_5lp5F2JsNbFb8PTQKyuT3sOI_8pFI=
687ce1d7000000001d00c7cf,ABAE3C88AoXrgl9nWXsczLW2u78IScHCi9P9mcdMNtG9E=,长期主义女大可考虑的体面穿搭（品牌篇📝,街头好东西,https://sns-avatar-qc.xhscdn.com/avatar/1040g2jo31p5bqikh2o0g5prr6f7m2publcgd6t0?imageView2/2/w/80/format/jpg,25156,18423,129,536,穿搭,https://www.xiaohongshu.com/explore/68a6f57a000000001c034c0a?xsec_token=ABAE3C88AoXrgl9nWXsczLW2u78IScHCi9P9mcdMNtG9E=
69f9c5910000000038020458,ABThv7KwrJWX9cw-m7RSkB74QnbnHviloEE4qTMxxrA-4=,一周穿搭不重样｜简约通勤,半只橙🍊,https://sns-avatar-qc.xhscdn.com/avatar/1040g2jo31geubh6u3o0049fjcq7bnl191imbg6g?imageView2/2/w/80/format/jpg,738,544,30,84,穿搭,https://www.xiaohongshu.com/explore/68a6f57a000000001c034c0a?xsec_token=ABThv7KwrJWX9cw-m7RSkB74QnbnHviloEE4qTMxxrA-4=
69e039320000000022024792,ABg8TBacOCq0xsUaOMDtob0SUWsMxwLqzk8CizNpw0U8Y=,设计师的普通穿搭,无限Young,https://sns-avatar-qc.xhscdn.com/avatar/1040g2jo31virq0m2iq105ons63dkg7i95s1k1s8?imageView2/2/w/80/format/jpg,111,19,14,6,穿搭,https://www.xiaohongshu.com/explore/68a6f57a000000001c034c0a?xsec_token=ABg8TBacOCq0xsUaOMDtob0SUWsMxwLqzk8CizNpw0U8Y=
6a5adf86000000000f03045b,ABt_ribSGvPgOmFMVE85lfRTQ05B8fEcQTSTa5fSQBLKk=,亲子穿搭|把复古格子穿进秋天🍂,TELLDO 态度,https://sns-avatar-qc.xhscdn.com/avatar/1040g2jo31t3b1qn258005o982980847vcos4av8?imageView2/2/w/80/format/jpg,5,3,0,2,穿搭,https://www.xiaohongshu.com/explore/68a6f57a000000001c034c0a?xsec_token=ABt_ribSGvPgOmFMVE85lfRTQ05B8fEcQTSTa5fSQBLKk=
69219fa9000000001e0116c0,ABYbpWPAGfseIRUnFzOiFKMtwRc6Iu5xfX8yRuNFUCIrE=,我有好多漂亮穿搭,chenielim,https://sns-avatar-qc.xhscdn.com/avatar/62e78f7acb78a9528c99bfa9.jpg?imageView2/2/w/80/format/jpg,6793,2115,540,241,穿搭,https://www.xiaohongshu.com/explore/68a6f57a000000001c034c0a?xsec_token=ABYbpWPAGfseIRUnFzOiFKMtwRc6Iu5xfX8yRuNFUCIrE=
696b34d90000000022023fb5,AB0YZY_EqJrMlKJ4IF-yQY6rR-aM7uJVb8fqig-jVjMeY=,【WalkingTown】时装周秀场外的街拍摄影师,Walking Town,https://sns-avatar-qc.xhscdn.com/avatar/5b642707f7e8b97bce8ad9a2.jpg?imageView2/2/w/80/format/jpg,867,279,19,119,穿搭,https://www.xiaohongshu.com/explore/68a6f57a000000001c034c0a?xsec_token=AB0YZY_EqJrMlKJ4IF-yQY6rR-aM7uJVb8fqig-jVjMeY=
69fb5c81000000001a02c193,ABgjaG56G15YKDN_5lp5F2Jq4PAWc-OwCt_q-dic9notQ=,四十岁的小姨 也太会打扮了,小青的衣橱记.,https://sns-avatar-qc.xhscdn.com/avatar/1040g2jo31k22krdb30005q36lb6ms42erbu97ho?imageView2/2/w/80/format/jpg,743,401,69,40,穿搭,https://www.xiaohongshu.com/explore/68a6f57a000000001c034c0a?xsec_token=ABgjaG56G15YKDN_5lp5F2Jq4PAWc-OwCt_q-dic9notQ=
6a5a3701000000000f03076c,ABt_ribSGvPgOmFMVE85lfRfGIhzRBOyYYEj5Py8OZcjI=,早秋穿搭,温岭银泰HAZZYS熊熊,https://sns-avatar-qc.xhscdn.com/avatar/1040g2jo322ab1t0bnkk05qicdfu3v00069g073o?imageView2/2/w/80/format/jpg,0,0,0,0,穿搭,https://www.xiaohongshu.com/explore/68a6f57a000000001c034c0a?xsec_token=ABt_ribSGvPgOmFMVE85lfRfGIhzRBOyYYEj5Py8OZcjI=
689d7484000000001b032e44,ABvrVl64dJQsKl4DIuMBTN1a3EaZ6qv10K1mkF__L9myo=,男女通用省钱省力版穿搭实操方法（1）,是珠非猪,https://sns-avatar-qc.xhscdn.com/avatar/1040g2jo31kfmb2ptio6g5obgv2bnv5l5rcj5s3o?imageView2/2/w/80/format/jpg,5467,3075,280,247,穿搭,https://www.xiaohongshu.com/explore/68a6f57a000000001c034c0a?xsec_token=ABvrVl64dJQsKl4DIuMBTN1a3EaZ6qv10K1mkF__L9myo=
69e1e70e0000000023022a02,AB-6bY45GCKPnfnzayI0vWjIBmkSLzY9591JvHQ23Z4QE=,sping outfits“很有姐味的大人感穿搭”,bb95,https://sns-avatar-qc.xhscdn.com/avatar/60e991cb5c6f953b8a6484a2.jpg?imageView2/2/w/80/format/jpg,2328,863,40,97,穿搭,https://www.xiaohongshu.com/explore/68a6f57a000000001c034c0a?xsec_token=AB-6bY45GCKPnfnzayI0vWjIBmkSLzY9591JvHQ23Z4QE=
6a1703db00000000060376b1,ABdzvHzGu34bWPtuvSw0mFnYDHFCdYxPoS22zW0Wp88xw=,最近穿搭合集,Un.有你,https://sns-avatar-qc.xhscdn.com/avatar/1040g2jo320lvfgcvm8005qgku2g0g700mbg9eq8?imageView2/2/w/80/format/jpg,0,0,0,0,穿搭,https://www.xiaohongshu.com/explore/68a6f57a000000001c034c0a?xsec_token=ABdzvHzGu34bWPtuvSw0mFnYDHFCdYxPoS22zW0Wp88xw=
6857dcbe0000000020018d9c,ABzfK8mheH-fdUomepiCZrtSk5fpqzntVIjTymAUSGh5Q=,什么时候才能提升穿搭水平啊！,瑶瑶-Yoyo,https://sns-avatar-qc.xhscdn.com/avatar/636b9b185e9fd24e85ba76c3.jpg?imageView2/2/w/80/format/jpg,48494,1063,795,583,穿搭,https://www.xiaohongshu.com/explore/68a6f57a000000001c034c0a?xsec_token=ABzfK8mheH-fdUomepiCZrtSk5fpqzntVIjTymAUSGh5Q=
69b22f64000000000600eeeb,ABC5_XnnYuqJOYrXrkfdlJ1keNs6XWKVNRORRnoSX93-0=,穿搭｜同频相吸，才能共鸣,刘老板商店,https://sns-avatar-qc.xhscdn.com/avatar/1040g2jo31puvruq0g0005o1mchc08reab7recng?imageView2/2/w/80/format/jpg,9,3,0,0,穿搭,https://www.xiaohongshu.com/explore/68a6f57a000000001c034c0a?xsec_token=ABC5_XnnYuqJOYrXrkfdlJ1keNs6XWKVNRORRnoSX93-0=
675028bd0000000008006df0,ABTnlBzcDpa9xGScCdV4924Juzz6mPpTMqF0DsQIcjUUQ=,当我在北欧街头看到的路人穿搭,我的北欧快乐生活,https://sns-avatar-qc.xhscdn.com/avatar/1040g2jo322bf2lr7ms005oljvq56su1khdgb890?imageView2/2/w/80/format/jpg,46711,16553,5010,5115,穿搭,https://www.xiaohongshu.com/explore/68a6f57a000000001c034c0a?xsec_token=ABTnlBzcDpa9xGScCdV4924Juzz6mPpTMqF0DsQIcjUUQ=
6a3a337d000000002201b2d6,ABFp9qW6v_2M6KNAEz5q-_0zznCXcycYpMAexVUtE8eps=,25套普通人穿也好看的亚麻穿搭｜松弛感拉满,日常服装搭配师,https://sns-avatar-qc.xhscdn.com/avatar/1040g2jo321fl2l4h74004a4qi6ukufisds5ch4o?imageView2/2/w/80/format/jpg,2,4,0,2,穿搭,https://www.xiaohongshu.com/explore/68a6f57a000000001c034c0a?xsec_token=ABFp9qW6v_2M6KNAEz5q-_0zznCXcycYpMAexVUtE8eps=
68c40dba000000001b03f63b,ABV19IWqoByVBkiVD8sal-GA0A7dBoCJgORIJRjmJUirc=,怎么在穿搭上再改进一下🫠,Jun1n,https://sns-avatar-qc.xhscdn.com/avatar/1040g2jo31n2dd7p85m005q2pdrhnamm0lqcno8g?imageView2/2/w/80/format/jpg,865,96,613,45,穿搭,https://www.xiaohongshu.com/explore/68a6f57a000000001c034c0a?xsec_token=ABV19IWqoByVBkiVD8sal-GA0A7dBoCJgORIJRjmJUirc=
6a438e01000000001702c3d5,AB17NFm1jEtNoI1fW2P7PWja8qzCf9J-jVESYIYR4cCjY=,近期穿搭*10🤳🏻✨,Nilyu,https://sns-avatar-qc.xhscdn.com/avatar/1040g2jo31g3oljiqhu005pereggh3suiqubmr10?imageView2/2/w/80/format/jpg,603,149,9,32,穿搭,https://www.xiaohongshu.com/explore/68a6f57a000000001c034c0a?xsec_token=AB17NFm1jEtNoI1fW2P7PWja8qzCf9J-jVESYIYR4cCjY=
6a194e55000000000603580f,AB62lh0QmAeGiMW1tHl_bW-TOQq1soZ0ofVkdyvTn1GTg=,3️⃣2️⃣套｜干干净净的夏天穿搭分享～,蛋花汤蛋炒饭,https://sns-avatar-qc.xhscdn.com/avatar/60666926417dc80001d82e32.jpg?imageView2/2/w/80/format/jpg,605,181,7,33,穿搭,https://www.xiaohongshu.com/explore/68a6f57a000000001c034c0a?xsec_token=AB62lh0QmAeGiMW1tHl_bW-TOQq1soZ0ofVkdyvTn1GTg=
68d20414000000001003fc23,AB1XZ4EFVL8LOWynXNiLC9Q69HEweGMYgRo7jA8yHOp60=,这么穿搭也太好看了吧,一梨YILI,https://sns-avatar-qc.xhscdn.com/avatar/1040g2jo31rk11dicis004a11t6t604jb93cif1g?imageView2/2/w/80/format/jpg,79231,6869,2977,709,穿搭,https://www.xiaohongshu.com/explore/68a6f57a000000001c034c0a?xsec_token=AB1XZ4EFVL8LOWynXNiLC9Q69HEweGMYgRo7jA8yHOp60=
687f97cb000000001c031197,ABoJGwPTpjzwxvckkL4qs2pVsznW-ZlvWZELVdNTExt30=,汪硕这套穿搭是受过什么低人指导吗,Lucky Strike.,https://sns-avatar-qc.xhscdn.com/avatar/1040g2jo31o6cgcj46m005o1bfjg0bm5liaffn38?imageView2/2/w/80/format/jpg,7462,477,1990,3593,穿搭,https://www.xiaohongshu.com/explore/68a6f57a000000001c034c0a?xsec_token=ABoJGwPTpjzwxvckkL4qs2pVsznW-ZlvWZELVdNTExt30=
6a20ceb80000000006020f83,ABma6w5g1GReGUtqqk5Aj-m2Nw-0tc91IhpZscJ6x6LaM=,长相为什么敌不过气质？如何快速变美,芝芝椰奶🥛🦋,https://sns-avatar-qc.xhscdn.com/avatar/1040g2jo321snlmblno6g4a0hchdq35kjpckus6g?imageView2/2/w/80/format/jpg,892,395,6,20,穿搭,https://www.xiaohongshu.com/explore/68a6f57a000000001c034c0a?xsec_token=ABma6w5g1GReGUtqqk5Aj-m2Nw-0tc91IhpZscJ6x6LaM=
687fce55000000000d01b2dd,ABoJGwPTpjzwxvckkL4qs2pZd-ke7GoeXnvSMFAT0idZ4=,为什么我遇不到独特穿搭的光崽,有机电子,https://sns-avatar-qc.xhscdn.com/avatar/1040g2jo31ni3pc11526g5nlh2mfg8vumhh4285o?imageView2/2/w/80/format/jpg,754,58,468,9,穿搭,https://www.xiaohongshu.com/explore/68a6f57a000000001c034c0a?xsec_token=ABoJGwPTpjzwxvckkL4qs2pZd-ke7GoeXnvSMFAT0idZ4=
692fe215000000001b032f1d,ABsZ5DHDV-oJZkNjIZuWvcfh_074FA0DT1Oqc-lSs7y7s=,当你以为自己穿搭很潮出门（路人视角）,美少女壮士,https://sns-avatar-qc.xhscdn.com/avatar/1040g2jo31l1976a9j2004aorf0icedn3jrdaa58?imageView2/2/w/80/format/jpg,238,72,171,4,穿搭,https://www.xiaohongshu.com/explore/68a6f57a000000001c034c0a?xsec_token=ABsZ5DHDV-oJZkNjIZuWvcfh_074FA0DT1Oqc-lSs7y7s=
67f3db9100000000070376fd,AB-Kfd2j20NoyLqxPzHT0vcpMwWLRNYEWqR-gctt7tRbM=,100件衣服!免费送!🎁🆓穿搭博主的衣服盲盒～,赤井牙美,https://sns-avatar-qc.xhscdn.com/avatar/1040g2jo30p0pacv6k00043nqkfdqmoohoioildo?imageView2/2/w/80/format/jpg,14760,3533,15566,239,穿搭,https://www.xiaohongshu.com/explore/68a6f57a000000001c034c0a?xsec_token=AB-Kfd2j20NoyLqxPzHT0vcpMwWLRNYEWqR-gctt7tRbM=
69ef5abc000000002003abe2,ABn7TdgexYi_jlImARCf9Znq9KFZYxYYugv6Yd3EarK04=,2️⃣4️⃣套丨浅浅的期待春夏啦🍂🍂,Zotevr Faerev,https://sns-avatar-qc.xhscdn.com/avatar/1040g2jo31t3fl5ehm2005pumms3j971orog1180?imageView2/2/w/80/format/jpg,358,240,4,26,穿搭,https://www.xiaohongshu.com/explore/68a6f57a000000001c034c0a?xsec_token=ABn7TdgexYi_jlImARCf9Znq9KFZYxYYugv6Yd3EarK04=
68cd5c660000000013029dd9,AB4fxjeqroNnGTnBwt7Sm9sKzPqiPHMWodoInlYfOdLxI=,穿搭是一种感觉🍂,摇不摇,https://sns-avatar-qc.xhscdn.com/avatar/1040g2jo322enjirdno005o29kn0098l1idc5osg?imageView2/2/w/80/format/jpg,324,123,39,18,穿搭,https://www.xiaohongshu.com/explore/68a6f57a000000001c034c0a?xsec_token=AB4fxjeqroNnGTnBwt7Sm9sKzPqiPHMWodoInlYfOdLxI=
6a5753ba000000001003fb8d,ABjSHbn7Z-0MZ_oVOZkblHnRwWhBpZnooUgtRsyCk1MVI=,通勤女生干练气质高级感显瘦上班穿搭,小官教你学穿搭,https://sns-avatar-qc.xhscdn.com/avatar/5e436dda1d314d0001e8ba92.jpg?imageView2/2/w/80/format/jpg,10,3,0,0,穿搭,https://www.xiaohongshu.com/explore/68a6f57a000000001c034c0a?xsec_token=ABjSHbn7Z-0MZ_oVOZkblHnRwWhBpZnooUgtRsyCk1MVI=
673016fd00000000190185f2,ABysEGRpGNfBfNcn6Dt98h7roFz64IwNtO_4lmzlNEt7g=,被拍之前对自己的穿搭一直很自信😅,咕嘟咕嘟,https://sns-avatar-qc.xhscdn.com/avatar/1040g2jo322hbjnq6mu004b3ds6h5l3gs163rlro?imageView2/2/w/80/format/jpg,2234,149,673,329,穿搭,https://www.xiaohongshu.com/explore/68a6f57a000000001c034c0a?xsec_token=ABysEGRpGNfBfNcn6Dt98h7roFz64IwNtO_4lmzlNEt7g=
69d4e7de000000001e00ec94,ABxz_Ugb3fD1_ZCCcL3lVxmwmlNQXZ4ZYVmKlB2Uph38U=,真正的贵气不是穿金戴银,多多吖～,https://sns-avatar-qc.xhscdn.com/avatar/1040g2jo31tk3s6o6720g48vd3374hq7e2bdsqdg?imageView2/2/w/80/format/jpg,260,112,0,7,穿搭,https://www.xiaohongshu.com/explore/68a6f57a000000001c034c0a?xsec_token=ABxz_Ugb3fD1_ZCCcL3lVxmwmlNQXZ4ZYVmKlB2Uph38U=
693cf3a0000000001d03a5a7,ABSMSX9S4mvRFrpYl0m95DpSdwb9ckJ7XO-YqU0aMQN4k=,为什么我这身穿搭看起来这么奇怪,听雨,https://sns-avatar-qc.xhscdn.com/avatar/1040g2jo31pofugma404g5oocl6t3okav6961s4o?imageView2/2/w/80/format/jpg,59,14,265,2,穿搭,https://www.xiaohongshu.com/explore/68a6f57a000000001c034c0a?xsec_token=ABSMSX9S4mvRFrpYl0m95DpSdwb9ckJ7XO-YqU0aMQN4k=
686f813b0000000011000d42,ABBO_LxMfoQkPjz1WRA1ieBh_d97iuMVJSBchAFyzqsgs=,当网红穿搭回归现实第四弹（素颜版）,肉哆的哩,https://sns-avatar-qc.xhscdn.com/avatar/1040g2jo31ioqs1jqgu005q2evr27armmvvenho0?imageView2/2/w/80/format/jpg,22647,1706,1944,5810,穿搭,https://www.xiaohongshu.com/explore/68a6f57a000000001c034c0a?xsec_token=ABBO_LxMfoQkPjz1WRA1ieBh_d97iuMVJSBchAFyzqsgs=
68c97647000000001101583d,ABdmC-9RPigBTuJnGCHm-xF--cakUU9UPvS3rc9fFCQJU=,不会穿搭我还不会抄吗！！,啊哈哈哈哈哈黑猫警长！,https://sns-avatar-qc.xhscdn.com/avatar/63ae9be1daa810d35a5282a0.jpg?imageView2/2/w/80/format/jpg,3789,112,554,119,穿搭,https://www.xiaohongshu.com/explore/68a6f57a000000001c034c0a?xsec_token=ABdmC-9RPigBTuJnGCHm-xF--cakUU9UPvS3rc9fFCQJU=
67768d94000000000900ca94,AB3B95EY7AY-AIi49IG2gvmea39MUCIvpfqvM5uhIm-KM=,真诚提问：真的是一眼中女穿搭吗？,夏晶圆,https://sns-avatar-qc.xhscdn.com/avatar/1040g2jo3202sul7fig6g5o7ddv9g959j7p54b2o?imageView2/2/w/80/format/jpg,587,86,582,79,穿搭,https://www.xiaohongshu.com/explore/68a6f57a000000001c034c0a?xsec_token=AB3B95EY7AY-AIi49IG2gvmea39MUCIvpfqvM5uhIm-KM=
6891c1ea0000000002003f8f,AB9o_-x2-7gRvDrT97nrAR3UiLGZPe4hI8ekiJBx3yuuc=,穿搭这一块,vv,https://sns-avatar-qc.xhscdn.com/avatar/1040g2jo31v7dtnr12g005od0rujk0mrpjs1iil8?imageView2/2/w/80/format/jpg,3354,569,38,86,穿搭,https://www.xiaohongshu.com/explore/68a6f57a000000001c034c0a?xsec_token=AB9o_-x2-7gRvDrT97nrAR3UiLGZPe4hI8ekiJBx3yuuc=
662e02af0000000004018fff,ABa2wagLGdvd-QYjsuBzxlQ9Xh3-d73jHsE5YvIAM6ySY=,有些人真的一眼就能看出会不会穿搭,momo,https://sns-avatar-qc.xhscdn.com/avatar/651f8f91f150395ffb649d0d.jpg?imageView2/2/w/80/format/jpg,817,112,374,37,穿搭,https://www.xiaohongshu.com/explore/68a6f57a000000001c034c0a?xsec_token=ABa2wagLGdvd-QYjsuBzxlQ9Xh3-d73jHsE5YvIAM6ySY=
68df550b00000000030391bb,ABi6I1kb-VopIDSDrWRjTShKhxl1fZwosq4WqAfLEunVk=,别不信  我漂亮穿搭有很多,星星Star,https://sns-avatar-qc.xhscdn.com/avatar/1040g2jo31nkjlno6l80g4a02np9cts1p63j74d0?imageView2/2/w/80/format/jpg,214,85,32,18,穿搭,https://www.xiaohongshu.com/explore/68a6f57a000000001c034c0a?xsec_token=ABi6I1kb-VopIDSDrWRjTShKhxl1fZwosq4WqAfLEunVk=
675da5bd0000000002036f30,ABloSOpNFw_qsbi0OhLetl7jWMFbXVfC9OPfDb5_kovMs=,跟着藤姐学穿搭,🥝,https://sns-avatar-qc.xhscdn.com/avatar/1040g2jo31bd4nsmbng6g5np2gn308k6rrdeeqqg?imageView2/2/w/80/format/jpg,3833,1161,58,192,穿搭,https://www.xiaohongshu.com/explore/68a6f57a000000001c034c0a?xsec_token=ABloSOpNFw_qsbi0OhLetl7jWMFbXVfC9OPfDb5_kovMs=
6954e315000000001e008975,ABmonuJx9eFUd36aJCQAOGCrcFggIWQfl7vhpWWbdVedI=,2025年度穿搭18图,xxxy,https://sns-avatar-qc.xhscdn.com/avatar/1040g2jo31vfhas8gis005nv0r22g83d2cl97088?imageView2/2/w/80/format/jpg,2892,1379,137,148,穿搭,https://www.xiaohongshu.com/explore/68a6f57a000000001c034c0a?xsec_token=ABmonuJx9eFUd36aJCQAOGCrcFggIWQfl7vhpWWbdVedI=
675bba24000000000103d7f7,AB6FppjT-MrlJCVUOg1o4p9jqXekr0xUUAZqlyiwLcJ8s=,原来这才是炮姐穿搭，真的不是想象的那样,阿川纪录片,https://sns-avatar-qc.xhscdn.com/avatar/1040g2jo314iv9dca746g5pjmuu2hot1mba284n8?imageView2/2/w/80/format/jpg,4312,944,150,1015,穿搭,https://www.xiaohongshu.com/explore/68a6f57a000000001c034c0a?xsec_token=AB6FppjT-MrlJCVUOg1o4p9jqXekr0xUUAZqlyiwLcJ8s=
687ee2f9000000001201539c,ABC3P8LoGJ_HUGZvwL3rSlLSKT9pxCVZ5fkMNKpa9iWVM=,这种穿搭谁穿谁好看啊！,李李KING2.0版本,https://sns-avatar-qc.xhscdn.com/avatar/1040g2jo31mtptj2ul2005prs3rc62nv3eml79io?imageView2/2/w/80/format/jpg,634,116,19,32,穿搭,https://www.xiaohongshu.com/explore/68a6f57a000000001c034c0a?xsec_token=ABC3P8LoGJ_HUGZvwL3rSlLSKT9pxCVZ5fkMNKpa9iWVM=
67651413000000001402754d,AB1IAyvFQZZk8Tx_fwdPOrW2_s7Blwd02v30hcnmx6yes=,日本女生喜欢穿长裙？东京真实路人秋冬穿搭,一只Mika酱,https://sns-avatar-qc.xhscdn.com/avatar/1040g2jo31mj1g7905i005pdcrgr4pfacltv0tjg?imageView2/2/w/80/format/jpg,1307,387,132,79,穿搭,https://www.xiaohongshu.com/explore/68a6f57a000000001c034c0a?xsec_token=AB1IAyvFQZZk8Tx_fwdPOrW2_s7Blwd02v30hcnmx6yes=
6781ed6f000000001800da66,AB4L64_g27CBthO6IgIC8v0Gmv0HJzVtkih_bJ1h42WAI=,好喜欢这种穿搭,一只喵,https://sns-avatar-qc.xhscdn.com/avatar/1040g2jo31ueoej5p2q005pgh0sp0u5hajc839jg?imageView2/2/w/80/format/jpg,7900,2570,99,278,穿搭,https://www.xiaohongshu.com/explore/68a6f57a000000001c034c0a?xsec_token=AB4L64_g27CBthO6IgIC8v0Gmv0HJzVtkih_bJ1h42WAI=
652bb119000000001f00610f,ABERDiKHg90g4_DzUnCcNuKEhLK6AFp_VfBcFuvY6-YVk=,杨幂看似洋气，穿搭其实根本不适合上班族。,okgo妞,https://sns-avatar-qc.xhscdn.com/avatar/1040g2jo30qae428ane005ofa6v0k1dnogd3fljo?imageView2/2/w/80/format/jpg,720,127,1234,10,穿搭,https://www.xiaohongshu.com/explore/68a6f57a000000001c034c0a?xsec_token=ABERDiKHg90g4_DzUnCcNuKEhLK6AFp_VfBcFuvY6-YVk=
69908b94000000000a030a5d,AB8rYs1PU9IudrPKaVSNvq8iKXlcLuUerEH8p6_4Hkz1E=,今天有没有人批评我的穿搭呢,小学生守则,https://sns-avatar-qc.xhscdn.com/avatar/1040g2jo317vl9sin0s005nql0bdg9ee2auh6vn8?imageView2/2/w/80/format/jpg,2719,250,2713,224,穿搭,https://www.xiaohongshu.com/explore/68a6f57a000000001c034c0a?xsec_token=AB8rYs1PU9IudrPKaVSNvq8iKXlcLuUerEH8p6_4Hkz1E=
688f282300000000220388a7,ABy2qEaHJi0WlbjsTag_s1n7c4NC5NawPwtsX-rNlw4uA=,惠惠你的这身穿搭怎么回事?!,施,https://sns-avatar-qc.xhscdn.com/avatar/1040g2jo31ff5n6mo6edg5oo5umq5bt7tvcjglk0?imageView2/2/w/80/format/jpg,4278,277,307,379,穿搭,https://www.xiaohongshu.com/explore/68a6f57a000000001c034c0a?xsec_token=ABy2qEaHJi0WlbjsTag_s1n7c4NC5NawPwtsX-rNlw4uA=
68bef8b7000000001c0090ec,AB4UQpD5aX-4Uk9msWSxat2M9pEnHY1FdidDEXFxUorKM=,长相可以基础！但穿搭不能基础！,Pinko.,https://sns-avatar-qc.xhscdn.com/avatar/5f5df2c661d5d70001fc1bcb.jpg?imageView2/2/w/80/format/jpg,7171,1234,105,237,穿搭,https://www.xiaohongshu.com/explore/68a6f57a000000001c034c0a?xsec_token=AB4UQpD5aX-4Uk9msWSxat2M9pEnHY1FdidDEXFxUorKM=
65f3c4150000000012032484,ABZ7atc0heN0_UU_VDXZzDYHatk12Xvh72xjLCWiUrbqQ=,高启强的穿搭变化：有钱和不差钱的区别,卿爱的书,https://sns-avatar-qc.xhscdn.com/avatar/1040g2jo30nor3nhona005p1mib5jjmp1m8b9so0?imageView2/2/w/80/format/jpg,96,12,16,4,穿搭,https://www.xiaohongshu.com/explore/68a6f57a000000001c034c0a?xsec_token=ABZ7atc0heN0_UU_VDXZzDYHatk12Xvh72xjLCWiUrbqQ=
692909c2000000001d039fad,ABmtEjSRruiGCwAPhwtyPvxrb0gTiyMpJZ6qfGb6iDtbs=,针对昨天穿搭进行的调整,我不想精致土啦,https://sns-avatar-qc.xhscdn.com/avatar/1040g2jo31oik665v4u705o9m4b57v66ulvm8h38?imageView2/2/w/80/format/jpg,23,2,125,4,穿搭,https://www.xiaohongshu.com/explore/68a6f57a000000001c034c0a?xsec_token=ABmtEjSRruiGCwAPhwtyPvxrb0gTiyMpJZ6qfGb6iDtbs=
68790388000000001c032211,ABeDOaBbnziUWVPFZgnWmJXitqXs-2A6ZuUdxxdgl1Nmk=,穿搭,小布丁7uf,https://sns-avatar-qc.xhscdn.com/avatar/1040g2jo31dsat1st0m6g5o16ju8g8t4v0f1mn30?imageView2/2/w/80/format/jpg,532,151,23,20,穿搭,https://www.xiaohongshu.com/explore/68a6f57a000000001c034c0a?xsec_token=ABeDOaBbnziUWVPFZgnWmJXitqXs-2A6ZuUdxxdgl1Nmk=
685e42cf000000001202f20e,AB8BF816Jx_Gd3huxmFVob-3LrVlQVdMC6MUMqvV8XfzQ=,穿搭这一块,vv,https://sns-avatar-qc.xhscdn.com/avatar/1040g2jo31v7dtnr12g005od0rujk0mrpjs1iil8?imageView2/2/w/80/format/jpg,3530,759,35,136,穿搭,https://www.xiaohongshu.com/explore/68a6f57a000000001c034c0a?xsec_token=AB8BF816Jx_Gd3huxmFVob-3LrVlQVdMC6MUMqvV8XfzQ=
6a5ae090000000001303dc0c,ABt_ribSGvPgOmFMVE85lfRU8llhuKUIOQE4lHcU9igfY=,挖到一套超舒服的奶呼呼穿搭～,逍遥,https://sns-avatar-qc.xhscdn.com/avatar/1040g2jo3220379honk6g5p516udik90pmj7aobo?imageView2/2/w/80/format/jpg,0,0,0,0,穿搭,https://www.xiaohongshu.com/explore/68a6f57a000000001c034c0a?xsec_token=ABt_ribSGvPgOmFMVE85lfRU8llhuKUIOQE4lHcU9igfY=
6a5adfc0000000000f017a29,ABt_ribSGvPgOmFMVE85lfRfaRmcbCHEf7kEQNxp4RSrA=,就爱这种温柔的法式氛围感穿搭,玉米溜的又又,https://sns-avatar-qc.xhscdn.com/avatar/1040g2jo31ufh81tdj6005qed8lmssujtb0p8eto?imageView2/2/w/80/format/jpg,13,2,1,0,穿搭,https://www.xiaohongshu.com/explore/68a6f57a000000001c034c0a?xsec_token=ABt_ribSGvPgOmFMVE85lfRfaRmcbCHEf7kEQNxp4RSrA=
6a5ada84000000000401d273,ABt_ribSGvPgOmFMVE85lfRRoELAoiDLtWUd-E-vRG26M=,韩系穿搭灵感♥︎NB棒球帽拍照神器,巴黎老婆婆Paris,https://sns-avatar-qc.xhscdn.com/avatar/1040g2jo322c1jjha7a0049o07nfbh6lbndo6u90?imageView2/2/w/80/format/jpg,15,8,0,1,穿搭,https://www.xiaohongshu.com/explore/68a6f57a000000001c034c0a?xsec_token=ABt_ribSGvPgOmFMVE85lfRRoELAoiDLtWUd-E-vRG26M=
6a593c8a000000000f01c804,AB7_uRuJ16-IahPB1Sx7IAa4wsvpSvOFCxREBI00HwdAQ=,六套不用动脑的成套穿搭，第三套被要链接了,156小九,https://sns-avatar-qc.xhscdn.com/avatar/1040g2jo31u2iq211hg005q6bmvcoba6vbnk32f8?imageView2/2/w/80/format/jpg,3,0,0,0,穿搭,https://www.xiaohongshu.com/explore/68a6f57a000000001c034c0a?xsec_token=AB7_uRuJ16-IahPB1Sx7IAa4wsvpSvOFCxREBI00HwdAQ=
6a5ac681000000001c00f49a,ABt_ribSGvPgOmFMVE85lfRQBvHbJ7YzBksxKxd7x8_LY=,,CALLED BACK女装,https://sns-avatar-qc.xhscdn.com/avatar/1040g2jo3220ead98ne005q1hhcmjjldvfmuucr0?imageView2/2/w/80/format/jpg,4,0,0,0,穿搭,https://www.xiaohongshu.com/explore/68a6f57a000000001c034c0a?xsec_token=ABt_ribSGvPgOmFMVE85lfRQBvHbJ7YzBksxKxd7x8_LY=
6a5a42c1000000000503ba75,ABt_ribSGvPgOmFMVE85lfRalEGi1BCh_oBuLolM1S6KI=,因为穿搭过于时尚被蛐蛐的丹麦二人组,高级动物,https://sns-avatar-qc.xhscdn.com/avatar/1040g2jo322el90cu7k005n1cn7lhbcttfcf0pmo?imageView2/2/w/80/format/jpg,178,33,11,9,穿搭,https://www.xiaohongshu.com/explore/68a6f57a000000001c034c0a?xsec_token=ABt_ribSGvPgOmFMVE85lfRalEGi1BCh_oBuLolM1S6KI=
6a563ce30000000015026b6b,ABfRnKeGATNJ0mrIkCBPnbrBOFnCoolg1Tmf46D1YHQe8=,懒人周末穿搭✨一套出门！拍照巨出片,Minuo,https://sns-avatar-qc.xhscdn.com/avatar/1040g2jo322d3ooumno705pfl8gq19q9v7a9rrkg?imageView2/2/w/80/format/jpg,1,0,0,0,穿搭,https://www.xiaohongshu.com/explore/68a6f57a000000001c034c0a?xsec_token=ABfRnKeGATNJ0mrIkCBPnbrBOFnCoolg1Tmf46D1YHQe8=
6a5ae14a000000000f006056,ABt_ribSGvPgOmFMVE85lfRTItJMOOZXLkun3hgMKLKvQ=,Hazzys 懒人夏日穿搭|白色防晒外套,Hazzys _天津小镇三岁吖,https://sns-avatar-qc.xhscdn.com/avatar/1040g2jo31unnsmkb3m005q3bbkc6r1oce1tdfco?imageView2/2/w/80/format/jpg,7,0,0,0,穿搭,https://www.xiaohongshu.com/explore/68a6f57a000000001c034c0a?xsec_token=ABt_ribSGvPgOmFMVE85lfRTItJMOOZXLkun3hgMKLKvQ=
6a589e83000000000f00a6b3,ABEFK-yckFkVOMZ13VzLbOIopa09FfvT-v6UFn7_VL-dA=,通勤穿搭|今天穿什么 OOTD,星星眨眼睛,https://sns-avatar-qc.xhscdn.com/avatar/1040g2jo31l0af2seio004avqq48k1h0rck954eg?imageView2/2/w/80/format/jpg,2,0,0,0,穿搭,https://www.xiaohongshu.com/explore/68a6f57a000000001c034c0a?xsec_token=ABEFK-yckFkVOMZ13VzLbOIopa09FfvT-v6UFn7_VL-dA=
6a599d78000000000101c3aa,AB7_uRuJ16-IahPB1Sx7IAa1V9T4IzrxA8ZGJt7L0InnA=,Yan子的营业碎记｜五天四晚度假穿搭🏝️,YCC Trend Hub买手店,https://sns-avatar-qc.xhscdn.com/avatar/65bd0dafb372fa056b8b6463.jpg?imageView2/2/w/80/format/jpg,5,1,0,1,穿搭,https://www.xiaohongshu.com/explore/68a6f57a000000001c034c0a?xsec_token=AB7_uRuJ16-IahPB1Sx7IAa1V9T4IzrxA8ZGJt7L0InnA=
6a5a44d3000000000f033d14,ABt_ribSGvPgOmFMVE85lfRbDG1R8bdIgIovyY49buDUY=,ootd｜幼儿园穿搭分享,荞一饱饱🥨,https://sns-avatar-qc.xhscdn.com/avatar/1040g2jo320i3043flk004019u4444blpl1mdseo?imageView2/2/w/80/format/jpg,1,0,0,0,穿搭,https://www.xiaohongshu.com/explore/68a6f57a000000001c034c0a?xsec_token=ABt_ribSGvPgOmFMVE85lfRbDG1R8bdIgIovyY49buDUY=
6a5b2d28000000000f0153ee,ABEAgP4coJ8pvXgDzq8_zpaFvezcZd0JrbFptTfUYsFhI=,绝绝子的秋款穿搭,栗栗🌰小铺潮童馆,https://sns-avatar-qc.xhscdn.com/avatar/1040g2jo31subhg6358605ncf2il08safgcea338?imageView2/2/w/80/format/jpg,0,0,0,0,穿搭,https://www.xiaohongshu.com/explore/68a6f57a000000001c034c0a?xsec_token=ABEAgP4coJ8pvXgDzq8_zpaFvezcZd0JrbFptTfUYsFhI=
6a5add74000000001d021610,ABt_ribSGvPgOmFMVE85lfRf1SI_nN5yO3-DHsen5c3Nc=,🤍 Fitcheck  ▏白色是我情人·Noah穿搭日记,Noah不吃鱼,https://sns-avatar-qc.xhscdn.com/avatar/6371913b0f64162f9517791a.jpg?imageView2/2/w/80/format/jpg,40,4,1,0,穿搭,https://www.xiaohongshu.com/explore/68a6f57a000000001c034c0a?xsec_token=ABt_ribSGvPgOmFMVE85lfRf1SI_nN5yO3-DHsen5c3Nc=
6a5a109b000000000903680a,ABt_ribSGvPgOmFMVE85lfRUzAugdd9Td8KRT-4C0QjaY=,,每日优选衣橱,https://sns-avatar-qc.xhscdn.com/avatar/1040g2jo30s4nvc4bik605pb99iqma9k637q0vu8?imageView2/2/w/80/format/jpg,0,0,0,0,穿搭,https://www.xiaohongshu.com/explore/68a6f57a000000001c034c0a?xsec_token=ABt_ribSGvPgOmFMVE85lfRUzAugdd9Td8KRT-4C0QjaY=
6a5ad5e6000000000503a159,ABt_ribSGvPgOmFMVE85lfRZv0wvDbe1pgzN-LMMlqPzs=,Dazz新手滤镜怎么选？不会=白用✅,咖啡爱睡觉,https://sns-avatar-qc.xhscdn.com/avatar/1040g2jo322jvut5e7a005qilh9d3v500et0pb4o?imageView2/2/w/80/format/jpg,19,22,0,0,穿搭,https://www.xiaohongshu.com/explore/68a6f57a000000001c034c0a?xsec_token=ABt_ribSGvPgOmFMVE85lfRZv0wvDbe1pgzN-LMMlqPzs=
6a5a3788000000002201b3c0,ABt_ribSGvPgOmFMVE85lfRT4xQAlqJM31EjOJqNnjSxQ=,能做你的穿搭博主吗,辣味小鱼干www,https://sns-avatar-qc.xhscdn.com/avatar/1040g2jo31h7ikhtnko005nhu1mfg9aqclod0ph0?imageView2/2/w/80/format/jpg,9,2,3,0,穿搭,https://www.xiaohongshu.com/explore/68a6f57a000000001c034c0a?xsec_token=ABt_ribSGvPgOmFMVE85lfRT4xQAlqJM31EjOJqNnjSxQ=
6a5b2dc4000000000f028c75,ABEAgP4coJ8pvXgDzq8_zpaDzaIIVtpu9f57jxvuY5nDo=,,懋罱綮,https://sns-avatar-qc.xhscdn.com/avatar/1040g2jo3214vsa4m6u004a7r5elsb1ko410f97o?imageView2/2/w/80/format/jpg,0,0,0,0,穿搭,https://www.xiaohongshu.com/explore/68a6f57a000000001c034c0a?xsec_token=ABEAgP4coJ8pvXgDzq8_zpaDzaIIVtpu9f57jxvuY5nDo=
6a5a20ad000000000101cb20,ABt_ribSGvPgOmFMVE85lfRcMsVG5BSFanSH4FMAZBHVI=,当你开始尝试高智淡人感穿搭,美神降临邪修bot,https://sns-avatar-qc.xhscdn.com/avatar/1040g2jo322ae9nf6no6g5qi8r14jnv00mnl7qf0?imageView2/2/w/80/format/jpg,4162,2559,13,115,穿搭,https://www.xiaohongshu.com/explore/68a6f57a000000001c034c0a?xsec_token=ABt_ribSGvPgOmFMVE85lfRcMsVG5BSFanSH4FMAZBHVI=
6a5a2841000000001002824a,ABt_ribSGvPgOmFMVE85lfRQEJTGL0tTaPT1bme3DAKK0=,160 95｜韩系简约穿搭！！,萝卜粥,https://sns-avatar-qc.xhscdn.com/avatar/63d133eb28025eb34160b113.jpg?imageView2/2/w/80/format/jpg,1638,439,53,27,穿搭,https://www.xiaohongshu.com/explore/68a6f57a000000001c034c0a?xsec_token=ABt_ribSGvPgOmFMVE85lfRQEJTGL0tTaPT1bme3DAKK0=
6a5a60c70000000004028350,ABt_ribSGvPgOmFMVE85lfRTya7vMXHFVk9b2w8hrJIu0=,抽幽灵少女！给她设计一套非常吓人的穿搭,蛋仔派对黑洞白洞,https://sns-avatar-qc.xhscdn.com/avatar/1040g2jo31qkm5gr2ng6g48od4vf3ult2mfk2b5g?imageView2/2/w/80/format/jpg,6920,1298,600,139,穿搭,https://www.xiaohongshu.com/explore/68a6f57a000000001c034c0a?xsec_token=ABt_ribSGvPgOmFMVE85lfRTya7vMXHFVk9b2w8hrJIu0=
6a5a43fe000000000503820d,ABt_ribSGvPgOmFMVE85lfRT8q3aZ2OCdWTXaRTfwKgNE=,😭已经开始期待秋冬的穿搭了！,挖宝小能手,https://sns-avatar-qc.xhscdn.com/avatar/63ec9174ec20fd06ff3ae763.jpg?imageView2/2/w/80/format/jpg,767,833,27,15,穿搭,https://www.xiaohongshu.com/explore/68a6f57a000000001c034c0a?xsec_token=ABt_ribSGvPgOmFMVE85lfRT8q3aZ2OCdWTXaRTfwKgNE=
6a59fa89000000000f014339,AB7_uRuJ16-IahPB1Sx7IAa-hXGAU7sdGeOPnmZYYxgCM=,就让喜欢盐系穿搭的我们…,momo,https://sns-avatar-qc.xhscdn.com/avatar/1040g2jo322olvu7j746g4a3tt7butrvv00chdko?imageView2/2/w/80/format/jpg,10832,4545,58,273,穿搭,https://www.xiaohongshu.com/explore/68a6f57a000000001c034c0a?xsec_token=AB7_uRuJ16-IahPB1Sx7IAa-hXGAU7sdGeOPnmZYYxgCM=
6a5a4879000000001f01e9bd,ABt_ribSGvPgOmFMVE85lfRfam1tDrTMn36M_cjMmbmGA=,fitcheck🤍“夏日一周轻盈限定穿搭”,藕片vv,https://sns-avatar-qc.xhscdn.com/avatar/1040g2jo313pc6r9f180g5omueednjihlhecg2fo?imageView2/2/w/80/format/jpg,1001,421,56,35,穿搭,https://www.xiaohongshu.com/explore/68a6f57a000000001c034c0a?xsec_token=ABt_ribSGvPgOmFMVE85lfRfam1tDrTMn36M_cjMmbmGA=
6a5a030d000000001c010046,ABt_ribSGvPgOmFMVE85lfRcd9s7LRVHk-eE1AY9ydE_M=,Dazz这6组参数我用了3年都不腻🎞️,数码收纳官,https://sns-avatar-qc.xhscdn.com/avatar/1040g2jo31u69vs2mig60415areonp78qv2p6ocg?imageView2/2/w/80/format/jpg,7,9,0,1,穿搭,https://www.xiaohongshu.com/explore/68a6f57a000000001c034c0a?xsec_token=ABt_ribSGvPgOmFMVE85lfRcd9s7LRVHk-eE1AY9ydE_M=
6a5a3ba2000000000e035313,ABt_ribSGvPgOmFMVE85lfRTByWJFL2dELncfExsYj3KA=,还是145斤👊🏻🌦️今天是降温版的温柔穿搭～,大大的薄荷子,https://sns-avatar-qc.xhscdn.com/avatar/61e4f4157ff31009edcd4a4e.jpg?imageView2/2/w/80/format/jpg,1163,429,70,21,穿搭,https://www.xiaohongshu.com/explore/68a6f57a000000001c034c0a?xsec_token=ABt_ribSGvPgOmFMVE85lfRTByWJFL2dELncfExsYj3KA=
6a5a18eb0000000011019a4b,ABt_ribSGvPgOmFMVE85lfRS968B9c2NXmdZxSsWpqI_Y=,6️⃣套夏日清爽穿搭合集～日常气质不费力,小啾啾,https://sns-avatar-qc.xhscdn.com/avatar/61245ec9445b0b82268627ff.jpg?imageView2/2/w/80/format/jpg,319,243,22,8,穿搭,https://www.xiaohongshu.com/explore/68a6f57a000000001c034c0a?xsec_token=ABt_ribSGvPgOmFMVE85lfRS968B9c2NXmdZxSsWpqI_Y=
6a5a1391000000000f016dd3,ABt_ribSGvPgOmFMVE85lfRe-oqYkYLrR3AZ-n8HXYnfU=,OOTD｜清透日常Look*5松弛感穿搭,YoYo不喝白开水,https://sns-avatar-qc.xhscdn.com/avatar/1000g2jo2opsqir0k80005p3h5mtamrv97ovbt2o?imageView2/2/w/80/format/jpg,495,295,8,0,穿搭,https://www.xiaohongshu.com/explore/68a6f57a000000001c034c0a?xsec_token=ABt_ribSGvPgOmFMVE85lfRe-oqYkYLrR3AZ-n8HXYnfU=
6a5a1eaf000000001f01d8d8,ABt_ribSGvPgOmFMVE85lfRYjuyoWP1lydy-qmcj3UjgE=,163/114 梨形/温柔辣妹穿搭🔗给的明明白白,小辣妹宁,https://sns-avatar-qc.xhscdn.com/avatar/64f6a9ea83c3b8f4ab70df01.jpg?imageView2/2/w/80/format/jpg,1779,817,32,70,穿搭,https://www.xiaohongshu.com/explore/68a6f57a000000001c034c0a?xsec_token=ABt_ribSGvPgOmFMVE85lfRYjuyoWP1lydy-qmcj3UjgE=
6a5a1e04000000000100ee80,ABt_ribSGvPgOmFMVE85lfRZ4SzrdH-fZoAuBu3wBbmMA=,初夏穿搭,十原里美,https://sns-avatar-qc.xhscdn.com/avatar/1040g2jo31nj813l0li005o274psg8trhh676mqo?imageView2/2/w/80/format/jpg,310,175,6,3,穿搭,https://www.xiaohongshu.com/explore/68a6f57a000000001c034c0a?xsec_token=ABt_ribSGvPgOmFMVE85lfRZ4SzrdH-fZoAuBu3wBbmMA=
6a5a1325000000000f00b7bf,ABt_ribSGvPgOmFMVE85lfRXi1Xt1mMC0-mlcIOIBmxEE=,今天是甜妹穿搭！波点小上衣～,开心快乐,https://sns-avatar-qc.xhscdn.com/avatar/1040g2jo32250pelsna005qhagu7jv3001qggqfg?imageView2/2/w/80/format/jpg,1085,282,3,41,穿搭,https://www.xiaohongshu.com/explore/68a6f57a000000001c034c0a?xsec_token=ABt_ribSGvPgOmFMVE85lfRXi1Xt1mMC0-mlcIOIBmxEE=
6a59c07e000000000101dfc1,AB7_uRuJ16-IahPB1Sx7IAa2vSSMTv-T9xiiqrr1SD-Sk=,废片救星！Dazz相机保姆级出片教程,Haykin,https://sns-avatar-qc.xhscdn.com/avatar/529594cd91bbf4c43608131bf9134bdc.jpg?imageView2/2/w/80/format/jpg,0,0,0,0,穿搭,https://www.xiaohongshu.com/explore/68a6f57a000000001c034c0a?xsec_token=AB7_uRuJ16-IahPB1Sx7IAa2vSSMTv-T9xiiqrr1SD-Sk=
6a5a36dd000000000402a964,ABt_ribSGvPgOmFMVE85lfRTN-6IU78-r_Og8dtPCTRq0=,古风c边穿搭指令,相遇逢长春,https://sns-avatar-qc.xhscdn.com/avatar/1040g2jo3214uuplgnu005p436at43gb8eo06f28?imageView2/2/w/80/format/jpg,767,521,26,38,穿搭,https://www.xiaohongshu.com/explore/68a6f57a000000001c034c0a?xsec_token=ABt_ribSGvPgOmFMVE85lfRTN-6IU78-r_Og8dtPCTRq0=
6a59a319000000001003cb7c,AB7_uRuJ16-IahPB1Sx7IAa9ka_pcFKFZPH4zM-CMhgDU=,搭配一个精灵裁剪,与君星,https://sns-avatar-qc.xhscdn.com/avatar/61a366eeea42a24ba74c8cde.jpg?imageView2/2/w/80/format/jpg,2598,533,133,517,穿搭,https://www.xiaohongshu.com/explore/68a6f57a000000001c034c0a?xsec_token=AB7_uRuJ16-IahPB1Sx7IAa9ka_pcFKFZPH4zM-CMhgDU=
6a5a4336000000000e036cc8,ABt_ribSGvPgOmFMVE85lfRWhrKfx8asgNzOZzu-YndCQ=,艺术生穿搭！太乖巧文艺啦~,帆fun,https://sns-avatar-qc.xhscdn.com/avatar/63cac48071195277f6c39154.jpg?imageView2/2/w/80/format/jpg,116,70,31,2,穿搭,https://www.xiaohongshu.com/explore/68a6f57a000000001c034c0a?xsec_token=ABt_ribSGvPgOmFMVE85lfRWhrKfx8asgNzOZzu-YndCQ=
6a59ef57000000000f01f284,AB7_uRuJ16-IahPB1Sx7IAaxcws4W73fHj0T9cH_M5O6Q=,,熊一君,https://sns-avatar-qc.xhscdn.com/avatar/64093854791182156abcdf6b.jpg?imageView2/2/w/80/format/jpg,3533,4659,7,177,穿搭,https://www.xiaohongshu.com/explore/68a6f57a000000001c034c0a?xsec_token=AB7_uRuJ16-IahPB1Sx7IAaxcws4W73fHj0T9cH_M5O6Q=
6a5a19f5000000000101dfbb,ABt_ribSGvPgOmFMVE85lfRcHgEKmpRBxzynL1AsmffJg=,慵懒松弛感灰色外套，日常出门不用思考穿搭,可乐今天穿什么,https://sns-avatar-qc.xhscdn.com/avatar/660c108e58b20e08aa24969a.jpg?imageView2/2/w/80/format/jpg,58,32,1,1,穿搭,https://www.xiaohongshu.com/explore/68a6f57a000000001c034c0a?xsec_token=ABt_ribSGvPgOmFMVE85lfRcHgEKmpRBxzynL1AsmffJg=
6a59771f0000000004028e8e,AB7_uRuJ16-IahPB1Sx7IAa9pnVorE5rmd6segSA_mRD8=,cleanfit｜通勤穿搭,哈哈haaaa,https://sns-avatar-qc.xhscdn.com/avatar/1040g2jo31uqg7obojq0g5qbupp0me0faetlsseg?imageView2/2/w/80/format/jpg,352,328,9,3,穿搭,https://www.xiaohongshu.com/explore/68a6f57a000000001c034c0a?xsec_token=AB7_uRuJ16-IahPB1Sx7IAa9pnVorE5rmd6segSA_mRD8=
6a58c8230000000013027e38,ABEFK-yckFkVOMZ13VzLbOIo07BHmz4H1nIgU2n8kTn6s=,暑假开篇小美好｜闲逛挖到姐弟高尔夫穿搭宝,番茄🍅的日常,https://sns-avatar-qc.xhscdn.com/avatar/1040g2jo318uvlekuju0g5o7l5hlgbiablra2hl8?imageView2/2/w/80/format/jpg,626,151,13,0,穿搭,https://www.xiaohongshu.com/explore/68a6f57a000000001c034c0a?xsec_token=ABEFK-yckFkVOMZ13VzLbOIo07BHmz4H1nIgU2n8kTn6s=
6a58ecfe000000001101563a,ABEFK-yckFkVOMZ13VzLbOImFUd-hRhO5x0pabNSph9Es=,牛马通勤穿搭｜今天是吃炒🥚还是🍅？,毛饭饭,https://sns-avatar-qc.xhscdn.com/avatar/1040g2jo321n94eikn0005ogvh5iocsafjt9elhg?imageView2/2/w/80/format/jpg,16,3,0,0,穿搭,https://www.xiaohongshu.com/explore/68a6f57a000000001c034c0a?xsec_token=ABEFK-yckFkVOMZ13VzLbOImFUd-hRhO5x0pabNSph9Es=
6a5a425b000000001c01236e,ABt_ribSGvPgOmFMVE85lfRVA6ydCh1chMXC6UW0UBWhQ=,普通人的野生穿搭OOTD,维川,https://sns-avatar-qc.xhscdn.com/avatar/5f615326000000000101e600.jpg?imageView2/2/w/80/format/jpg,2,0,0,0,穿搭,https://www.xiaohongshu.com/explore/68a6f57a000000001c034c0a?xsec_token=ABt_ribSGvPgOmFMVE85lfRVA6ydCh1chMXC6UW0UBWhQ=
6a5a2a4f000000001d00e05a,ABt_ribSGvPgOmFMVE85lfRcIhyVxNBy0wo8x2oLw0wqE=,💰谁懂啊这薄荷绿小上衣被追了三条街问🔗～,羊羊想睡觉💤,https://sns-avatar-qc.xhscdn.com/avatar/1040g2jo31ku1fuje2o005pvcrl63925bd72klm8?imageView2/2/w/80/format/jpg,6557,1821,77,169,穿搭,https://www.xiaohongshu.com/explore/68a6f57a000000001c034c0a?xsec_token=ABt_ribSGvPgOmFMVE85lfRcIhyVxNBy0wo8x2oLw0wqE=
6a58e4e6000000000f02b15b,ABEFK-yckFkVOMZ13VzLbOIndmRfyJn0qQLRWNwCTq410=,干净通透的奶白碎钻法式，低调耐看不挑穿搭,草莓不甜.,https://sns-avatar-qc.xhscdn.com/avatar/1040g2jo31sd6rj5ilc005o7btmgg97jt218htp0?imageView2/2/w/80/format/jpg,2277,1564,3,102,穿搭,https://www.xiaohongshu.com/explore/68a6f57a000000001c034c0a?xsec_token=ABEFK-yckFkVOMZ13VzLbOIndmRfyJn0qQLRWNwCTq410=
6a5adb86000000001d00e2be,ABt_ribSGvPgOmFMVE85lfRe7UEkvto2P-nI6v-HVPJhI=,记录穿搭7.18,彭暖暖,https://sns-avatar-qc.xhscdn.com/avatar/1040g2jo322fc3cr3nk005nm4i1p0844t66eqs8o?imageView2/2/w/80/format/jpg,3,1,2,0,穿搭,https://www.xiaohongshu.com/explore/68a6f57a000000001c034c0a?xsec_token=ABt_ribSGvPgOmFMVE85lfRe7UEkvto2P-nI6v-HVPJhI=
6a5addb6000000001102d696,ABt_ribSGvPgOmFMVE85lfRQIUPRU-JmptF9hIsgZRebc=,夏日薄荷奶绿穿搭｜清爽感直接拉满💚,小郝想睡觉,https://sns-avatar-qc.xhscdn.com/avatar/6231914a6346acf33acd6d3c.jpg?imageView2/2/w/80/format/jpg,6,0,0,0,穿搭,https://www.xiaohongshu.com/explore/68a6f57a000000001c034c0a?xsec_token=ABt_ribSGvPgOmFMVE85lfRQIUPRU-JmptF9hIsgZRebc=
6a59e9d9000000001102d784,AB7_uRuJ16-IahPB1Sx7IAa9oBU47MZK5Rggm-1VImFfM=,【钩织教程】“星洛”罩衫——万能的搭配！,饿饿灬,https://sns-avatar-qc.xhscdn.com/avatar/1040g2jo31l4df1of326049vu9a4kgshc98i8ek0?imageView2/2/w/80/format/jpg,927,1288,49,134,穿搭,https://www.xiaohongshu.com/explore/68a6f57a000000001c034c0a?xsec_token=AB7_uRuJ16-IahPB1Sx7IAa9oBU47MZK5Rggm-1VImFfM=
6a5b2cf70000000005039bda,ABEAgP4coJ8pvXgDzq8_zpaNLtLHboSKqlUgtQM3OAa3o=,白衬衫大家都怎么搭配得,美少女壮士,https://sns-avatar-qc.xhscdn.com/avatar/1040g2jo31vhm02gd2g005qc21uiodsvd5e17m08?imageView2/2/w/80/format/jpg,1,0,3,0,穿搭,https://www.xiaohongshu.com/explore/68a6f57a000000001c034c0a?xsec_token=ABEAgP4coJ8pvXgDzq8_zpaNLtLHboSKqlUgtQM3OAa3o=
6a59b4c90000000011014cda,AB7_uRuJ16-IahPB1Sx7IAayxJgYE_6mvotg-sUkJcoEY=,奶蓝色海莉甲还能这样搭配,01,https://sns-avatar-qc.xhscdn.com/avatar/1040g2jo31u761bjk1u0g49im346qgdst7g9mbs8?imageView2/2/w/80/format/jpg,654,544,7,56,穿搭,https://www.xiaohongshu.com/explore/68a6f57a000000001c034c0a?xsec_token=AB7_uRuJ16-IahPB1Sx7IAayxJgYE_6mvotg-sUkJcoEY=
6a5a06d30000000010028cc1,ABt_ribSGvPgOmFMVE85lfRWXJTxXHwUjR4hUrI_BlONk=,一周对镜穿搭🤳,k1iii,https://sns-avatar-qc.xhscdn.com/avatar/6329880051f0dbd90550b1eb.jpg?imageView2/2/w/80/format/jpg,1327,365,95,72,穿搭,https://www.xiaohongshu.com/explore/68a6f57a000000001c034c0a?xsec_token=ABt_ribSGvPgOmFMVE85lfRWXJTxXHwUjR4hUrI_BlONk=
6a5a39b200000000110116ee,ABt_ribSGvPgOmFMVE85lfRS2pmg8UdJxsibUDWeLRNwQ=,30+梨形姐姐｜碎花吊带裙，显瘦穿搭公式,假甜小阿姨(梨形身材穿搭）,https://sns-avatar-qc.xhscdn.com/avatar/1040g2jo3212c8dqqn4705q0ebm3ho4cv23v5ti8?imageView2/2/w/80/format/jpg,9,0,0,0,穿搭,https://www.xiaohongshu.com/explore/68a6f57a000000001c034c0a?xsec_token=ABt_ribSGvPgOmFMVE85lfRS2pmg8UdJxsibUDWeLRNwQ=
6a5a425b00000000110181ce,ABt_ribSGvPgOmFMVE85lfRfIdcC7l8XkfVzraGmeanK4=,杭州奶油风实景片场｜穿搭/直播/写真通用,杭州彩红片场,https://sns-avatar-qc.xhscdn.com/avatar/1040g2jo322l616vcn06g5p7rsd1h8fvlli98ru0?imageView2/2/w/80/format/jpg,1,1,1,0,穿搭,https://www.xiaohongshu.com/explore/68a6f57a000000001c034c0a?xsec_token=ABt_ribSGvPgOmFMVE85lfRfIdcC7l8XkfVzraGmeanK4=
6a5a42da0000000001001dac,ABt_ribSGvPgOmFMVE85lfRdaGUCFiGNtLcTYR9FZsv-U=,清爽休闲的夏天｜松弛感穿搭,YZ COZYVIBE,https://sns-avatar-qc.xhscdn.com/avatar/655319879c488f5b7af771d2.jpg?imageView2/2/w/80/format/jpg,0,0,1,0,穿搭,https://www.xiaohongshu.com/explore/68a6f57a000000001c034c0a?xsec_token=ABt_ribSGvPgOmFMVE85lfRdaGUCFiGNtLcTYR9FZsv-U=
6a5ae0430000000011007dd1,ABt_ribSGvPgOmFMVE85lfRc6Vv6BCkVASNWpnjmgU2mo=,,蓝宝兔,https://sns-avatar-qc.xhscdn.com/avatar/1040g2jo322oalkvbno005oe79b48c77k2l1rbe8?imageView2/2/w/80/format/jpg,1,7,0,0,穿搭,https://www.xiaohongshu.com/explore/68a6f57a000000001c034c0a?xsec_token=ABt_ribSGvPgOmFMVE85lfRc6Vv6BCkVASNWpnjmgU2mo=
6a5b2b7a000000000402900d,ABEAgP4coJ8pvXgDzq8_zpaDc_S9cQS3W8WaUphytI1UA=,面试穿搭｜白衬衫➕黑半裙，气质女人,舞梦天尚服饰&PHOTO,https://sns-avatar-qc.xhscdn.com/avatar/630a01948daef0b4da3a11c0.jpg?imageView2/2/w/80/format/jpg,1,0,0,0,穿搭,https://www.xiaohongshu.com/explore/68a6f57a000000001c034c0a?xsec_token=ABEAgP4coJ8pvXgDzq8_zpaDc_S9cQS3W8WaUphytI1UA=
6a5acec9000000000f03f875,ABt_ribSGvPgOmFMVE85lfRXo4RvUiguEGqcniYNilw3U=,一裤多穿👖才是穿搭精髓～百搭显瘦通通拿捏,477呀,https://sns-avatar-qc.xhscdn.com/avatar/1040g2jo31ulv8t612a0g5ptci0pjia8r36v16dg?imageView2/2/w/80/format/jpg,630,189,20,22,穿搭,https://www.xiaohongshu.com/explore/68a6f57a000000001c034c0a?xsec_token=ABt_ribSGvPgOmFMVE85lfRXo4RvUiguEGqcniYNilw3U=
6a5ad5270000000014005db9,ABt_ribSGvPgOmFMVE85lfRQqdWGDQxpOUuJCqvDd0o38=,穿搭vlog:通勤🍂）早秋黄皮显白配色·好韩啊,一月初陽,https://sns-avatar-qc.xhscdn.com/avatar/1040g2jo3161qjqefhc0g5nqr5gn0823p89qnhbo?imageView2/2/w/80/format/jpg,394,202,75,21,穿搭,https://www.xiaohongshu.com/explore/68a6f57a000000001c034c0a?xsec_token=ABt_ribSGvPgOmFMVE85lfRQqdWGDQxpOUuJCqvDd0o38=
6a5981f4000000000f01c222,AB7_uRuJ16-IahPB1Sx7IAa1jSNjzQmKPm1wEdDTifhZI=,论h型身材与千金风穿搭的适配度,菠菜人格,https://sns-avatar-qc.xhscdn.com/avatar/1040g2jo321jnkk2smu2g5pvoj4e3lnnflhd9f18?imageView2/2/w/80/format/jpg,1600,691,7,32,穿搭,https://www.xiaohongshu.com/explore/68a6f57a000000001c034c0a?xsec_token=AB7_uRuJ16-IahPB1Sx7IAa1jSNjzQmKPm1wEdDTifhZI=
6a5a1cbe000000000f031dba,ABt_ribSGvPgOmFMVE85lfRZokpSRP84tnoVZXy7bZCgw=,🍰淡人小衫𓇋_🧈◯𓌉一些柔软𓂂𓏸 ෆ*₊,大概小沐,https://sns-avatar-qc.xhscdn.com/avatar/5f54f9100000000001000497.jpg?imageView2/2/w/80/format/jpg,825,410,188,13,穿搭,https://www.xiaohongshu.com/explore/68a6f57a000000001c034c0a?xsec_token=ABt_ribSGvPgOmFMVE85lfRZokpSRP84tnoVZXy7bZCgw=
6a59f41c000000001f01f97c,AB7_uRuJ16-IahPB1Sx7IAa-U-haurbFdPP2U1pY4wMCo=,微胖女孩穿搭ootd风格,兔司机推荐官,https://sns-avatar-qc.xhscdn.com/avatar/1040g2jo31977ar03580g5nnj6ig0bt71385rdgo?imageView2/2/w/80/format/jpg,878,383,11,32,穿搭,https://www.xiaohongshu.com/explore/68a6f57a000000001c034c0a?xsec_token=AB7_uRuJ16-IahPB1Sx7IAa-U-haurbFdPP2U1pY4wMCo=
6a5a291f000000000f0143ce,ABt_ribSGvPgOmFMVE85lfRTv8Y0X1tdUqTBJ4hvk0MDM=,美成啥了都,颂伊宝,https://sns-avatar-qc.xhscdn.com/avatar/1040g2jo31rfk4f1e0m005neojfvg9cestj27loo?imageView2/2/w/80/format/jpg,548,240,52,15,穿搭,https://www.xiaohongshu.com/explore/68a6f57a000000001c034c0a?xsec_token=ABt_ribSGvPgOmFMVE85lfRTv8Y0X1tdUqTBJ4hvk0MDM=
6a58e9a6000000001303faa6,ABEFK-yckFkVOMZ13VzLbOIqySKZnHiBBvYtlyPvf0QT0=,审美提升｜跟着ins博主学穿搭,瘦肉周qq,https://sns-avatar-qc.xhscdn.com/avatar/1040g2jo320h22p28lm005p57t892ke7k24kksno?imageView2/2/w/80/format/jpg,37,14,0,1,穿搭,https://www.xiaohongshu.com/explore/68a6f57a000000001c034c0a?xsec_token=ABEFK-yckFkVOMZ13VzLbOIqySKZnHiBBvYtlyPvf0QT0=
6a59d6d1000000000503872d,AB7_uRuJ16-IahPB1Sx7IAa63dkmYATS3zQRFiYqXmlLo=,𝗢𝗢𝗧𝗗｜🎧韩系文艺少女风风穿搭,兔宝er,https://sns-avatar-qc.xhscdn.com/avatar/1040g2jo31uo6v2dn2i005q6t514dta7n1f0r74g?imageView2/2/w/80/format/jpg,241,20,11,1,穿搭,https://www.xiaohongshu.com/explore/68a6f57a000000001c034c0a?xsec_token=AB7_uRuJ16-IahPB1Sx7IAa63dkmYATS3zQRFiYqXmlLo=
6a5a43c8000000001d00f8fc,ABt_ribSGvPgOmFMVE85lfRfESYp38mXcw8k1SCnBSW5E=,休闲慵懒感韩系穿搭🖼,一只小休,https://sns-avatar-qc.xhscdn.com/avatar/1040g2jo31kmhrtff34005pesjav19ql4iv42a78?imageView2/2/w/80/format/jpg,7,0,0,1,穿搭,https://www.xiaohongshu.com/explore/68a6f57a000000001c034c0a?xsec_token=ABt_ribSGvPgOmFMVE85lfRfESYp38mXcw8k1SCnBSW5E=
6a5b2b11000000000a038af8,ABEAgP4coJ8pvXgDzq8_zpaB0Ucq0UUoLGtcLgjvqw17M=,跟着ins玩反季节穿搭,5BOII,https://sns-avatar-qc.xhscdn.com/avatar/1040g2jo31m3794b258005nf158j08pc0e5pb240?imageView2/2/w/80/format/jpg,51,11,6,0,穿搭,https://www.xiaohongshu.com/explore/68a6f57a000000001c034c0a?xsec_token=ABEAgP4coJ8pvXgDzq8_zpaB0Ucq0UUoLGtcLgjvqw17M=
6a5854d80000000001032a09,ABEFK-yckFkVOMZ13VzLbOIqH5sgKEV4Np-ga59HNK6QU=,被这种冷感女生穿搭吸引了🖤,AMELIE,https://sns-avatar-qc.xhscdn.com/avatar/1040g2jo322fma2tenk005q6a376obg7ldeobvk0?imageView2/2/w/80/format/jpg,3,0,0,0,穿搭,https://www.xiaohongshu.com/explore/68a6f57a000000001c034c0a?xsec_token=ABEFK-yckFkVOMZ13VzLbOIqH5sgKEV4Np-ga59HNK6QU=
6a58b0b7000000000f00b20a,ABEFK-yckFkVOMZ13VzLbOIlxEEmRzPiauZReiXO3bzCg=,LOGE32* 清爽浅色系🤍🫧,05XDP04,https://sns-avatar-qc.xhscdn.com/avatar/1040g2jo3105m251e62104882qec2dscud5lf9l8?imageView2/2/w/80/format/jpg,103,37,3,1,穿搭,https://www.xiaohongshu.com/explore/68a6f57a000000001c034c0a?xsec_token=ABEFK-yckFkVOMZ13VzLbOIlxEEmRzPiauZReiXO3bzCg=
6a525ba70000000008033fbe,AB_7EMKLCtQN--x6uKf4lW8hKiVapuBvDp7O44kAaRYC8=,原来健身是为了穿搭不受限,古藤波雅,https://sns-avatar-qc.xhscdn.com/avatar/1040g2jo31tckccm65k005ptb0qihjlstas1m4fg?imageView2/2/w/80/format/jpg,5326,935,35,317,穿搭,https://www.xiaohongshu.com/explore/68a6f57a000000001c034c0a?xsec_token=AB_7EMKLCtQN--x6uKf4lW8hKiVapuBvDp7O44kAaRYC8=
6a4cdc520000000011012456,ABIbGE4451ctX4rwHiGOryh1cHnIq7-QV3bHr3ZOiz8c4=,3个穿搭思路！普通女孩养成“大人感”,Yann 张妍,https://sns-avatar-qc.xhscdn.com/avatar/1040g2jo31q950ff7n4004adfg0soru50jr09eeg?imageView2/2/w/80/format/jpg,2445,1755,35,112,穿搭,https://www.xiaohongshu.com/explore/68a6f57a000000001c034c0a?xsec_token=ABIbGE4451ctX4rwHiGOryh1cHnIq7-QV3bHr3ZOiz8c4=
6a58d8870000000013027880,ABEFK-yckFkVOMZ13VzLbOIqyG108TcsKd1eVllxyL95E=,18图ootd,C7,https://sns-avatar-qc.xhscdn.com/avatar/1040g2jo31dokogh6gu004a25anpdrbln09p1q78?imageView2/2/w/80/format/jpg,125,47,6,5,穿搭,https://www.xiaohongshu.com/explore/68a6f57a000000001c034c0a?xsec_token=ABEFK-yckFkVOMZ13VzLbOIqyG108TcsKd1eVllxyL95E=
6a0e8779000000003502a74c,ABHAadpkw5W4qhurD0oXcwKqY-zo8q_NtLRJI4Jl3fDzg=,当我用海浪满进打开搭配赛此后的月光🌙,小熊不软糖批发商（暖妈十级女摄）,https://sns-avatar-qc.xhscdn.com/avatar/1040g2jo31tbp1cgel6004a0qmn6ujuaflu9idig?imageView2/2/w/80/format/jpg,16006,3584,205,857,穿搭,https://www.xiaohongshu.com/explore/68a6f57a000000001c034c0a?xsec_token=ABHAadpkw5W4qhurD0oXcwKqY-zo8q_NtLRJI4Jl3fDzg=
6a53af8e000000001003f545,ABo3v8vglQ5ty0dZYxIWvPT_SJMg-IqZH84rN7n-CKppQ=,女大学生一周穿搭-）夏天不同风格搭配灵感,打哈邱,https://sns-avatar-qc.xhscdn.com/avatar/1040g2jo31ir3m28ggm005pfen8p19n9lmiulvb8?imageView2/2/w/80/format/jpg,2603,627,39,18,穿搭,https://www.xiaohongshu.com/explore/68a6f57a000000001c034c0a?xsec_token=ABo3v8vglQ5ty0dZYxIWvPT_SJMg-IqZH84rN7n-CKppQ=
67e3cc9a000000001203d189,ABWqZfCmUUfjOy2Qf4Fo9Lfk6YxrzEKrCO0GEvyppKbtE=,能叫一下我吗 就那两个字,蒲言延,https://sns-avatar-qc.xhscdn.com/avatar/659e5479b6e9a5a883534142.jpg?imageView2/2/w/80/format/jpg,16211,1556,967,691,穿搭,https://www.xiaohongshu.com/explore/68a6f57a000000001c034c0a?xsec_token=ABWqZfCmUUfjOy2Qf4Fo9Lfk6YxrzEKrCO0GEvyppKbtE=
6975fcbc000000001a01e2ef,ABgat6jorMmIJYSIEgwiqsKP6wbVQ_YlxR85ncZOg6Bns=,Golden hour,克莱鹅,https://sns-avatar-qc.xhscdn.com/avatar/601220ee84e21f08b9ba4d0a.jpg?imageView2/2/w/80/format/jpg,121734,7766,1874,5291,穿搭,https://www.xiaohongshu.com/explore/68a6f57a000000001c034c0a?xsec_token=ABgat6jorMmIJYSIEgwiqsKP6wbVQ_YlxR85ncZOg6Bns=
6a4e1eba000000000f030c11,ABoe9urFr52VXIINk8ahKSRuq-qTllMWuV_-bzohOS1o0=,电竞房穿搭,颉颉与猫,https://sns-avatar-qc.xhscdn.com/avatar/1040g2jo322fjdbutn2005pjivjj0u3t85hneh5o?imageView2/2/w/80/format/jpg,5815,1164,0,219,穿搭,https://www.xiaohongshu.com/explore/68a6f57a000000001c034c0a?xsec_token=ABoe9urFr52VXIINk8ahKSRuq-qTllMWuV_-bzohOS1o0=
687f28f4000000002400c4a7,ABoJGwPTpjzwxvckkL4qs2pSiGpg05g7O_a_JC-mfrVmQ=,Joe‘s ootd🥦,曾舜晞,https://sns-avatar-qc.xhscdn.com/avatar/6251355db7b82db323ed977c.jpg?imageView2/2/w/80/format/jpg,65677,3608,14032,1318,穿搭,https://www.xiaohongshu.com/explore/68a6f57a000000001c034c0a?xsec_token=ABoJGwPTpjzwxvckkL4qs2pSiGpg05g7O_a_JC-mfrVmQ=
6a2a67d9000000001700a9e0,ABK9LrzzXpC21hnAQavG8EE8hVZ1X2EXUEsbGleWogRt8=,圣河晨祷,虹色的夢,https://sns-avatar-qc.xhscdn.com/avatar/1040g2jo322kko8p6nk6g5pkj9193utbultq6q0g?imageView2/2/w/80/format/jpg,9143,2834,327,1111,穿搭,https://www.xiaohongshu.com/explore/68a6f57a000000001c034c0a?xsec_token=ABK9LrzzXpC21hnAQavG8EE8hVZ1X2EXUEsbGleWogRt8=
6a52fdd00000000016027fa1,AB_7EMKLCtQN--x6uKf4lW8m_sh_Oc56wJNU68xtCf9Rs=,Summer outfits*美式复古穿搭～,油头,https://sns-avatar-qc.xhscdn.com/avatar/1040g2jo31ovfqsc11o005o2opkh08tkkdco5638?imageView2/2/w/80/format/jpg,1103,837,31,27,穿搭,https://www.xiaohongshu.com/explore/68a6f57a000000001c034c0a?xsec_token=AB_7EMKLCtQN--x6uKf4lW8m_sh_Oc56wJNU68xtCf9Rs=
6a2aae5e0000000016027a7f,ABK9LrzzXpC21hnAQavG8EE0OYGHPvQazjwGseJUusegI=,🫧 浅尝一口夏天 🍦,Peanut酱,https://sns-avatar-qc.xhscdn.com/avatar/1040g2jo3203o6tiiii0g40jeg51p96pvl2p5n28?imageView2/2/w/80/format/jpg,3912,1314,85,119,穿搭,https://www.xiaohongshu.com/explore/68a6f57a000000001c034c0a?xsec_token=ABK9LrzzXpC21hnAQavG8EE0OYGHPvQazjwGseJUusegI=
69bd27d70000000023023f55,ABvIshMKpr_Cv7qF4Pi8nugEtJdhsdjo9trZdVVIPDgxc=,天平岛穿搭来咯💓,刘佳仪,https://sns-avatar-qc.xhscdn.com/avatar/1040g2jo31h67aabq3a004a5mge6991jg1bp649o?imageView2/2/w/80/format/jpg,5045,1482,950,263,穿搭,https://www.xiaohongshu.com/explore/68a6f57a000000001c034c0a?xsec_token=ABvIshMKpr_Cv7qF4Pi8nugEtJdhsdjo9trZdVVIPDgxc=
6a4b6aed000000000602046d,ABxrvC-kxowxsGCZWMLMpxKzSqgtraUW3tcmK3-KzQ8e8=,闺蜜最近日常和穿搭们｜分享开心🥳,发财宅女,https://sns-avatar-qc.xhscdn.com/avatar/6141f9cd443457849cc276dc.jpg?imageView2/2/w/80/format/jpg,13597,1508,2435,606,穿搭,https://www.xiaohongshu.com/explore/68a6f57a000000001c034c0a?xsec_token=ABxrvC-kxowxsGCZWMLMpxKzSqgtraUW3tcmK3-KzQ8e8=
69e1c775000000002301ecec,AB-6bY45GCKPnfnzayI0vWjCBS6nNk6-NuCzLgFWmKGqI=,职场丝袜穿搭第57天,suyn筱筱,https://sns-avatar-qc.xhscdn.com/avatar/1040g2jo31gj64plsju004a35rk0ounrlrjkjofg?imageView2/2/w/80/format/jpg,4532,1076,98,351,穿搭,https://www.xiaohongshu.com/explore/68a6f57a000000001c034c0a?xsec_token=AB-6bY45GCKPnfnzayI0vWjCBS6nNk6-NuCzLgFWmKGqI=
6982fee1000000002102a118,ABHgwE-g9QhZEPv5XvPG-TmX2nS6Kvu4DWhF1xDPxu72w=,“当女友说要给我选穿搭…”,icycream,https://sns-avatar-qc.xhscdn.com/avatar/608eca7f231383d089eca70f.jpg?imageView2/2/w/80/format/jpg,261109,15080,1661,2734,穿搭,https://www.xiaohongshu.com/explore/68a6f57a000000001c034c0a?xsec_token=ABHgwE-g9QhZEPv5XvPG-TmX2nS6Kvu4DWhF1xDPxu72w=
6a294300000000001603cf92,ABXzbP433karRg3ngr4-4Ml_MhX2Qb4aqY7cx4bLhiY-Q=,报告，今日穿搭👗,杨超越,https://sns-avatar-qc.xhscdn.com/avatar/1040g2jo310ub61sp6g004a4iqutrcq9vlabu818?imageView2/2/w/80/format/jpg,108017,7367,4226,7379,穿搭,https://www.xiaohongshu.com/explore/68a6f57a000000001c034c0a?xsec_token=ABXzbP433karRg3ngr4-4Ml_MhX2Qb4aqY7cx4bLhiY-Q=
6a4bf7080000000016024a45,ABxrvC-kxowxsGCZWMLMpxK_LXyr7gBqwtNmZquVpFO68=,封神的黑裙子！,我不是麻瓜,https://sns-avatar-qc.xhscdn.com/avatar/1040g2jo31ug8bd422a705pb9p2dmac3dv32iqt8?imageView2/2/w/80/format/jpg,114099,20356,498,3078,穿搭,https://www.xiaohongshu.com/explore/68a6f57a000000001c034c0a?xsec_token=ABxrvC-kxowxsGCZWMLMpxK_LXyr7gBqwtNmZquVpFO68=
6a4b9afe0000000011015dfb,ABxrvC-kxowxsGCZWMLMpxK-vK9yOSCgNTYythlctpaSU=,求求大家一定试试这个搭配！真的豪赤！,焓姨,https://sns-avatar-qc.xhscdn.com/avatar/610cff48f7616b2240c6ebf3.jpg?imageView2/2/w/80/format/jpg,2451,1969,202,522,穿搭,https://www.xiaohongshu.com/explore/68a6f57a000000001c034c0a?xsec_token=ABxrvC-kxowxsGCZWMLMpxK-vK9yOSCgNTYythlctpaSU=
699042c6000000000a03f38a,AB8rYs1PU9IudrPKaVSNvq8jckPENUH7LozabS4Ho1M-0=,突然来袭！！14套休闲穿搭！！实穿➕时髦我都要！,秋鱼奈橙菜,https://sns-avatar-qc.xhscdn.com/avatar/1040g2jo30veej0e664004a0f3rq7hs51hug04d0?imageView2/2/w/80/format/jpg,13630,2893,798,304,穿搭,https://www.xiaohongshu.com/explore/68a6f57a000000001c034c0a?xsec_token=AB8rYs1PU9IudrPKaVSNvq8jckPENUH7LozabS4Ho1M-0=
6a38f4f9000000000d00bc01,ABl0NZz6UmBOJRlbunrZ8EFqsCc1gK_HGuVO4rP5Dq0uw=,日本品牌 Dearanddust ｜甜酷公式🤍𐙚,dearanddust,https://sns-avatar-qc.xhscdn.com/avatar/1040g2jo31s4jaqbnm80g5orrb287rvrhi4a9tko?imageView2/2/w/80/format/jpg,3278,1263,56,246,穿搭,https://www.xiaohongshu.com/explore/68a6f57a000000001c034c0a?xsec_token=ABl0NZz6UmBOJRlbunrZ8EFqsCc1gK_HGuVO4rP5Dq0uw=
69dfa9300000000023005a25,AB7pQDAAVYFU6Kg_fBuom60voNhfCrTtUpXROIY1EpZsc=,150share| 夏日轻法式穿搭🤍优雅刚刚好~,小台,https://sns-avatar-qc.xhscdn.com/avatar/1040g2jo30ur4b79a5c005njiutog8grimr38eh0?imageView2/2/w/80/format/jpg,1983,1028,70,84,穿搭,https://www.xiaohongshu.com/explore/68a6f57a000000001c034c0a?xsec_token=AB7pQDAAVYFU6Kg_fBuom60voNhfCrTtUpXROIY1EpZsc=
6a16df2e0000000037036027,ABBgtYtp5vdypXEHpXVb4_QnwTI6Ceifu8YDNKeKpmb0w=,全世界100%好看衣服（无广,我是霖儿,https://sns-avatar-qc.xhscdn.com/avatar/5fd7a466d3cff70001feeafa.jpg?imageView2/2/w/80/format/jpg,14603,5589,900,602,穿搭,https://www.xiaohongshu.com/explore/68a6f57a000000001c034c0a?xsec_token=ABBgtYtp5vdypXEHpXVb4_QnwTI6Ceifu8YDNKeKpmb0w=
6a4fc39f000000000f014215,ABKwI9xjY_W1WqV8vEzalhcDQIjkB2XIjJxTOkgCEA598=,今夏买到的无敌美上衣们！（基础款）大合集！,菜花,https://sns-avatar-qc.xhscdn.com/avatar/60c0303bf069a3cf11e54a46.jpg?imageView2/2/w/80/format/jpg,2662,1007,260,95,穿搭,https://www.xiaohongshu.com/explore/68a6f57a000000001c034c0a?xsec_token=ABKwI9xjY_W1WqV8vEzalhcDQIjkB2XIjJxTOkgCEA598=
6a33b15b000000001101c4f6,ABgRFviqFOPfFVZPA0zXoMGNcH6y6i367Uphdcv6gSOSE=,穿不出去的衣服之我是新来的秘书,单单（重生版）,https://sns-avatar-qc.xhscdn.com/avatar/1040g2jo31v405hne3m004a13seduuckjme5gjag?imageView2/2/w/80/format/jpg,24201,1618,775,1559,穿搭,https://www.xiaohongshu.com/explore/68a6f57a000000001c034c0a?xsec_token=ABgRFviqFOPfFVZPA0zXoMGNcH6y6i367Uphdcv6gSOSE=
6a50ca690000000008026c89,ABLF0fX3JyGHE2zHq8HaATLYUoWJicAoqwxMYqRJGjnzU=,30+女生必看｜半小时出门的黄金穿搭法则,是丫丫大人哟,https://sns-avatar-qc.xhscdn.com/avatar/63816a2afac552d16f287303.jpg?imageView2/2/w/80/format/jpg,2221,860,60,37,穿搭,https://www.xiaohongshu.com/explore/68a6f57a000000001c034c0a?xsec_token=ABLF0fX3JyGHE2zHq8HaATLYUoWJicAoqwxMYqRJGjnzU=
693e8ffb000000000d039a2a,AB84wac_1UIVui57BqrYhN2VD0H9xn2w2xe3iN1-tug0k=,今日穿搭𝑳𝒊𝒌𝒆 𝒕𝒉𝒊𝒔 ！！！,易梦玲,https://sns-avatar-qc.xhscdn.com/avatar/5e8967ac20365a0001a9db56.jpg?imageView2/2/w/80/format/jpg,93163,3328,1038,2109,穿搭,https://www.xiaohongshu.com/explore/68a6f57a000000001c034c0a?xsec_token=AB84wac_1UIVui57BqrYhN2VD0H9xn2w2xe3iN1-tug0k=
685ff3570000000010025691,ABQ1IaE6nOC8N36KnBMwtedNS19h7dHiHSnAgy142sPWA=,今日ootd,AINIAT,https://sns-avatar-qc.xhscdn.com/avatar/5b499e37d2c8a5155d8d2fb4.jpg?imageView2/2/w/80/format/jpg,2420,371,83,38,穿搭,https://www.xiaohongshu.com/explore/68a6f57a000000001c034c0a?xsec_token=ABQ1IaE6nOC8N36KnBMwtedNS19h7dHiHSnAgy142sPWA=
69d79bff000000001e00f65a,ABYHrttUrDaWeQOOuNKUDJqRgekg_3UEKtT4BUXYfbCoM=,没人能一分不花走出我的美女穿搭,颂颂好脾气,https://sns-avatar-qc.xhscdn.com/avatar/1040g2jo31pgr1rnjig005oo84rnjonm0e5bg4oo?imageView2/2/w/80/format/jpg,4127,1823,87,145,穿搭,https://www.xiaohongshu.com/explore/68a6f57a000000001c034c0a?xsec_token=ABYHrttUrDaWeQOOuNKUDJqRgekg_3UEKtT4BUXYfbCoM=
69d6462a0000000022001525,AB4rZY1TKVTvRzkjAAED-bg-lCHl8pESMg26DaNEmphkg=,一周搭配*7/ *raoutfitsinspiration,Rico,https://sns-avatar-qc.xhscdn.com/avatar/1040g2jo30rgbit3k1c1049li82q3smi5v04vncg?imageView2/2/w/80/format/jpg,1201,337,49,92,穿搭,https://www.xiaohongshu.com/explore/68a6f57a000000001c034c0a?xsec_token=AB4rZY1TKVTvRzkjAAED-bg-lCHl8pESMg26DaNEmphkg=
69c12252000000002102c30e,ABitb1jDHwIKZz0S1hB0KfSi0hEEkURaJtOfiYKlM7GZw=,꙳. ♡🪽𝗘𝗻𝗷𝗼𝘆 𝗶𝗶𝗶𝗶𝗶,桥本茶,https://sns-avatar-qc.xhscdn.com/avatar/5ef1a69e2ec197000187e764.jpg?imageView2/2/w/80/format/jpg,17805,2205,173,374,穿搭,https://www.xiaohongshu.com/explore/68a6f57a000000001c034c0a?xsec_token=ABitb1jDHwIKZz0S1hB0KfSi0hEEkURaJtOfiYKlM7GZw=
69f5d62600000000370375a5,AB37jNdKjxYfcPpq0As4WAnxu6J-dVs0VyZTfUyd_mQdg=,ootd*6春夏气质姐感穿搭🐋套装合集！,一万,https://sns-avatar-qc.xhscdn.com/avatar/61e40749c27c7545962115fa.jpg?imageView2/2/w/80/format/jpg,4613,2027,70,275,穿搭,https://www.xiaohongshu.com/explore/68a6f57a000000001c034c0a?xsec_token=AB37jNdKjxYfcPpq0As4WAnxu6J-dVs0VyZTfUyd_mQdg=
6a48fa57000000002103dc19,AB8Y4ftibNX7Si0FeRfrjzhndenu-7_V0HG6PPv2xJl1k=,未来一周穿衣集市👀7.6-7.12,与时俱进🌞,https://sns-avatar-qc.xhscdn.com/avatar/1040g2jo310ndr25vma505pfsa8djcnr1hd03bf0?imageView2/2/w/80/format/jpg,344,179,10,45,穿搭,https://www.xiaohongshu.com/explore/68a6f57a000000001c034c0a?xsec_token=AB8Y4ftibNX7Si0FeRfrjzhndenu-7_V0HG6PPv2xJl1k=
6a27ef4b000000002202654c,ABk-qVA4i9oKVJvw36K9ZoYqJ58JGsnXoBCJC3-VICEL8=,今天穿白色☁️,lsuy-,https://sns-avatar-qc.xhscdn.com/avatar/1040g2jo31h7pjda6j40049mikb84b7je8qcorq8?imageView2/2/w/80/format/jpg,2862,567,41,99,穿搭,https://www.xiaohongshu.com/explore/68a6f57a000000001c034c0a?xsec_token=ABk-qVA4i9oKVJvw36K9ZoYqJ58JGsnXoBCJC3-VICEL8=
6a3772c3000000001101a7e2,ABzkFDtVmihGjua_cLBgs1VYSYlz766AFA2f_F4e-jmBA=,又是双马尾,lsuy-,https://sns-avatar-qc.xhscdn.com/avatar/1040g2jo31h7pjda6j40049mikb84b7je8qcorq8?imageView2/2/w/80/format/jpg,4284,610,43,265,穿搭,https://www.xiaohongshu.com/explore/68a6f57a000000001c034c0a?xsec_token=ABzkFDtVmihGjua_cLBgs1VYSYlz766AFA2f_F4e-jmBA=
68b18a2f000000001c03426e,ABmSh9x3pOAlVuwoG9-N2CsL8F4OxHjhAhDKMCzLx1zYA=,90s的老钱穿搭·佳能拍人像yyds,小贾夫人,https://sns-avatar-qc.xhscdn.com/avatar/1040g2jo31iummubhgm0047epn7qjcqv4jqlbg40?imageView2/2/w/80/format/jpg,525,99,37,20,穿搭,https://www.xiaohongshu.com/explore/68a6f57a000000001c034c0a?xsec_token=ABmSh9x3pOAlVuwoG9-N2CsL8F4OxHjhAhDKMCzLx1zYA=
6767cc1e000000000900d4c0,ABSL1AzwKi1SFTfV9p-dR9wCq5-CFA1Qsjfj_Hsbzkogg=,memories of Dec,taro.,https://sns-avatar-qc.xhscdn.com/avatar/1040g2jo31qfbdhkuga005nfefua094f4qdingk8?imageView2/2/w/80/format/jpg,1839,77,39,41,穿搭,https://www.xiaohongshu.com/explore/68a6f57a000000001c034c0a?xsec_token=ABSL1AzwKi1SFTfV9p-dR9wCq5-CFA1Qsjfj_Hsbzkogg=
6a24f6a0000000003502a052,ABHq5l2vuFHksKTuZ29IguCkTxVxmhrX1mbBqYJWotADY=,“当韩系穿搭遇上老钱风”ootd inspo.☕️,十点梨,https://sns-avatar-qc.xhscdn.com/avatar/6425cd513bc14a45a670a26d.jpg?imageView2/2/w/80/format/jpg,3804,2371,135,269,穿搭,https://www.xiaohongshu.com/explore/68a6f57a000000001c034c0a?xsec_token=ABHq5l2vuFHksKTuZ29IguCkTxVxmhrX1mbBqYJWotADY=
6a05cd470000000008000136,AB6fydUSmhOSG4lFryYVz53Yi5HAHluvJl3nLSn7Sc9i8=,日常能出彩的才是真美女穿搭,颂颂好脾气,https://sns-avatar-qc.xhscdn.com/avatar/1040g2jo31pgr1rnjig005oo84rnjonm0e5bg4oo?imageView2/2/w/80/format/jpg,6931,3066,159,248,穿搭,https://www.xiaohongshu.com/explore/68a6f57a000000001c034c0a?xsec_token=AB6fydUSmhOSG4lFryYVz53Yi5HAHluvJl3nLSn7Sc9i8=
6a48888b000000001101d589,AB8Y4ftibNX7Si0FeRfrjzhgnQauHJxx9w91liAdNWzao=,又一颗完美的公主头出现了,小熊不软糖批发商（暖妈十级女摄）,https://sns-avatar-qc.xhscdn.com/avatar/1040g2jo31tbp1cgel6004a0qmn6ujuaflu9idig?imageView2/2/w/80/format/jpg,16180,1987,208,1256,穿搭,https://www.xiaohongshu.com/explore/68a6f57a000000001c034c0a?xsec_token=AB8Y4ftibNX7Si0FeRfrjzhgnQauHJxx9w91liAdNWzao=
6a563bed0000000008030920,ABfRnKeGATNJ0mrIkCBPnbrBC1GWF1RZv7MAWNFGztZ2Q=,白金神女 | 2.8开门穿搭,江月月,https://sns-avatar-qc.xhscdn.com/avatar/1040g2jo322fuu7j97u005pik1go0u3f8mcsit0g?imageView2/2/w/80/format/jpg,3850,794,91,256,穿搭,https://www.xiaohongshu.com/explore/68a6f57a000000001c034c0a?xsec_token=ABfRnKeGATNJ0mrIkCBPnbrBC1GWF1RZv7MAWNFGztZ2Q=
6a166d78000000000702ef02,ABBgtYtp5vdypXEHpXVb4_QpkMNr0WfwpFN5WL5mzCJ3o=,爱穿艳丽又俗气的裙子！！！,南柯一梦,https://sns-avatar-qc.xhscdn.com/avatar/1040g2jo31hblp36j3q004aojkj09tjsljipq8to?imageView2/2/w/80/format/jpg,25059,4514,3013,2182,穿搭,https://www.xiaohongshu.com/explore/68a6f57a000000001c034c0a?xsec_token=ABBgtYtp5vdypXEHpXVb4_QpkMNr0WfwpFN5WL5mzCJ3o=
68fafc0e000000000303a85f,ABMQtEH0qEmHqBTnH4n-C4wUe2iPrEK2ti5ZvxOWTcfnw=,买到了超漂亮的18套💼☁️🦢🍂,YANGMEIWEN,https://sns-avatar-qc.xhscdn.com/avatar/64bb9ac6c1787f0001ec345b.jpg?imageView2/2/w/80/format/jpg,5543,2033,131,340,穿搭,https://www.xiaohongshu.com/explore/68a6f57a000000001c034c0a?xsec_token=ABMQtEH0qEmHqBTnH4n-C4wUe2iPrEK2ti5ZvxOWTcfnw=
6904cf72000000000301ec14,ABTM6yGL11yvYMl0qOa0jNFfyM9AiuIrAcL4k0QjxbCUc=,Sydney Sweeney 外网热议悉尼妹新造型🔥,6oksocool,https://sns-avatar-qc.xhscdn.com/avatar/1040g2jo319ud83vune605pp4e49g81k9von68qg?imageView2/2/w/80/format/jpg,3203,946,95,988,穿搭,https://www.xiaohongshu.com/explore/68a6f57a000000001c034c0a?xsec_token=ABTM6yGL11yvYMl0qOa0jNFfyM9AiuIrAcL4k0QjxbCUc=
6a4e7038000000001603d3f7,ABoe9urFr52VXIINk8ahKSRuO35q5shGVuTkDZx6NuXvM=,洛克王国 | S3赛季异色刷取搭配建议,昭昭萤火,https://sns-avatar-qc.xhscdn.com/avatar/1040g2jo31vtacgte2q0g5omp0j3jhprd8jhfjd8?imageView2/2/w/80/format/jpg,1581,1014,130,485,穿搭,https://www.xiaohongshu.com/explore/68a6f57a000000001c034c0a?xsec_token=ABoe9urFr52VXIINk8ahKSRuO35q5shGVuTkDZx6NuXvM=
6a3927760000000017029c5b,ABCFDiwoBbDPLEQ1MbYcjF2zzyXbQOyaAtnO0Os2Zbqxc=,Capri Vlog｜南意夏日🍋🧊👙,Shirley林,https://sns-avatar-qc.xhscdn.com/avatar/1040g2jo31t5kover5s005n3ijuf42abvv6ugnvg?imageView2/2/w/80/format/jpg,35156,3550,235,946,穿搭,https://www.xiaohongshu.com/explore/68a6f57a000000001c034c0a?xsec_token=ABCFDiwoBbDPLEQ1MbYcjF2zzyXbQOyaAtnO0Os2Zbqxc=
6a4f5bb8000000000f0298aa,ABKwI9xjY_W1WqV8vEzalhcMSsIIp9iFVLtGrPysB2mZI=,Outfit Achive |5️⃣穿搭不重样～,小芝煎煎,https://sns-avatar-qc.xhscdn.com/avatar/1040g2jo31u3jdg9lhq005o3f2rv08qgtveoiqu8?imageView2/2/w/80/format/jpg,677,440,38,23,穿搭,https://www.xiaohongshu.com/explore/68a6f57a000000001c034c0a?xsec_token=ABKwI9xjY_W1WqV8vEzalhcMSsIIp9iFVLtGrPysB2mZI=
6a4281b6000000001702914a,ABDnyPlIjJQ1u74vn6TCpl2VCM8JMMhUage9LtK-1E7As=,我又买漂亮裙子啦！！徐如蓝同款耶,meo2,https://sns-avatar-qc.xhscdn.com/avatar/1040g2jo30petr8u7lm0g5nvpm7cg89qf96dnggg?imageView2/2/w/80/format/jpg,308,67,36,33,穿搭,https://www.xiaohongshu.com/explore/68a6f57a000000001c034c0a?xsec_token=ABDnyPlIjJQ1u74vn6TCpl2VCM8JMMhUage9LtK-1E7As=
69ec2205000000001f00646c,ABP9axZ52w_sr7iISzEKbzxPraPZTjhZNsEp2vc_odeMU=,金铲铲S17奥恩神器搭配弈子推荐一览,金铲铲余生,https://sns-avatar-qc.xhscdn.com/avatar/1040g2jo321e70jjane005p3n42j3ood968pf11g?imageView2/2/w/80/format/jpg,4229,3733,33,454,穿搭,https://www.xiaohongshu.com/explore/68a6f57a000000001c034c0a?xsec_token=ABP9axZ52w_sr7iISzEKbzxPraPZTjhZNsEp2vc_odeMU=
6a538785000000001101dab2,ABo3v8vglQ5ty0dZYxIWvPT4B9BjQ3cQwFzY8UuNteIQ4=,7.13-7.20 每日五行颜色穿搭参考,须弥绘,https://sns-avatar-qc.xhscdn.com/avatar/1040g2jo31gsqte2i426g5phecum1ootom88qa2g?imageView2/2/w/80/format/jpg,481,220,7,57,穿搭,https://www.xiaohongshu.com/explore/68a6f57a000000001c034c0a?xsec_token=ABo3v8vglQ5ty0dZYxIWvPT4B9BjQ3cQwFzY8UuNteIQ4=
6a389c7c000000001702b729,ABl0NZz6UmBOJRlbunrZ8EFhGbbv4kadWlXN9KCMbCYLg=,梨形身材显高显瘦穿搭—粉色背心+印花蝴蝶裤,王平Amber,https://sns-avatar-qc.xhscdn.com/avatar/61a60d5483f8fb3605759674.jpg?imageView2/2/w/80/format/jpg,2209,1141,169,90,穿搭,https://www.xiaohongshu.com/explore/68a6f57a000000001c034c0a?xsec_token=ABl0NZz6UmBOJRlbunrZ8EFhGbbv4kadWlXN9KCMbCYLg=
6a09436a000000000803c763,ABK3V76G_iNmfeWoTRr7gfkhoCr01lp73dkKXiTlxNqIQ=,明码标价的穿搭合集,小岛,https://sns-avatar-qc.xhscdn.com/avatar/621613d9bb40629914baa17f.jpg?imageView2/2/w/80/format/jpg,1075,462,11,54,穿搭,https://www.xiaohongshu.com/explore/68a6f57a000000001c034c0a?xsec_token=ABK3V76G_iNmfeWoTRr7gfkhoCr01lp73dkKXiTlxNqIQ=
6a201744000000003700f34e,ABma6w5g1GReGUtqqk5Aj-my7yrOOSs8Pvi72OGcpRcSk=,挖宝人的购物分享36！🛍️美女感穿搭拿捏住！,无敌の我（黑化版）,https://sns-avatar-qc.xhscdn.com/avatar/1040g2jo31cbh5fbf0m0049ms0p482krmlcdna5o?imageView2/2/w/80/format/jpg,7342,2910,379,179,穿搭,https://www.xiaohongshu.com/explore/68a6f57a000000001c034c0a?xsec_token=ABma6w5g1GReGUtqqk5Aj-my7yrOOSs8Pvi72OGcpRcSk=
6a12d52d0000000035028f59,AB_NXtuz0OP0CQM5o7IRMxiBodkkZ7mZ1rPh4TtkPltoo=,奶蓝色海莉甲还可以这样搭配,01,https://sns-avatar-qc.xhscdn.com/avatar/1040g2jo31u761bjk1u0g49im346qgdst7g9mbs8?imageView2/2/w/80/format/jpg,18198,16670,142,4990,穿搭,https://www.xiaohongshu.com/explore/68a6f57a000000001c034c0a?xsec_token=AB_NXtuz0OP0CQM5o7IRMxiBodkkZ7mZ1rPh4TtkPltoo=
68ff26b600000000070000e2,ABs-h3mzvX3DqEi8dzgEIEbElAqYx_zhTd0AN9Y1j1v4o=,一周穿搭🫶🏿,rabbitsolovely,https://sns-avatar-qc.xhscdn.com/avatar/1040g2jo31v7br29kk0004a033kcqdaf6d5nuid8?imageView2/2/w/80/format/jpg,2800,614,15,162,穿搭,https://www.xiaohongshu.com/explore/68a6f57a000000001c034c0a?xsec_token=ABs-h3mzvX3DqEi8dzgEIEbElAqYx_zhTd0AN9Y1j1v4o=
6a4529de0000000022008272,AB36IyAedIoclyXkvLQrOd1KMZ90yoU7epejqSPK-5SS8=,白某又购物分享｜168 52kg,萨沙白,https://sns-avatar-qc.xhscdn.com/avatar/1040g2jo31m7d38oj5me04a3a2cggmk8olusp6u0?imageView2/2/w/80/format/jpg,3244,491,131,149,穿搭,https://www.xiaohongshu.com/explore/68a6f57a000000001c034c0a?xsec_token=AB36IyAedIoclyXkvLQrOd1KMZ90yoU7epejqSPK-5SS8=
67bb152e0000000029016661,ABNAQQhx35QgRFPCFWHcrr43H2Vei3ZYcImLelwCVNROs=,对镜穿搭不重样✌🏻不露脸依旧很会穿系列！,温婉_,https://sns-avatar-qc.xhscdn.com/avatar/1040g2jo31tnuloqsmq0g4bjdmamjf4bc8ldf7mg?imageView2/2/w/80/format/jpg,1900,971,28,616,穿搭,https://www.xiaohongshu.com/explore/68a6f57a000000001c034c0a?xsec_token=ABNAQQhx35QgRFPCFWHcrr43H2Vei3ZYcImLelwCVNROs=
69da1a7e000000001b0015a6,ABpzgW7keoEFLqVXJTkapBS2GIU5-Qb0_b6lAeb9_RC50=,日常极简穿搭,FUYUE赴约本人,https://sns-avatar-qc.xhscdn.com/avatar/60706992d1aebe00012cfb9b.jpg?imageView2/2/w/80/format/jpg,1407,495,36,110,穿搭,https://www.xiaohongshu.com/explore/68a6f57a000000001c034c0a?xsec_token=ABpzgW7keoEFLqVXJTkapBS2GIU5-Qb0_b6lAeb9_RC50=
6a49e625000000001503dedf,AB_92JVugd7Dn7-zXqMlyFfTLPb6_zN1DgYwYjT_3M1xQ=,身材基础！穿搭就不基础！,油头,https://sns-avatar-qc.xhscdn.com/avatar/1040g2jo31ovfqsc11o005o2opkh08tkkdco5638?imageView2/2/w/80/format/jpg,660,490,21,11,穿搭,https://www.xiaohongshu.com/explore/68a6f57a000000001c034c0a?xsec_token=AB_92JVugd7Dn7-zXqMlyFfTLPb6_zN1DgYwYjT_3M1xQ=
6a40a4b4000000002201ad9f,ABZHvGOCF1Qb1O0LuTMh262Xd5yEqmaZaznWIt__AUC1w=,Outfit Achive |5️⃣穿搭不重样～,小芝煎煎,https://sns-avatar-qc.xhscdn.com/avatar/1040g2jo31u3jdg9lhq005o3f2rv08qgtveoiqu8?imageView2/2/w/80/format/jpg,1503,1128,36,24,穿搭,https://www.xiaohongshu.com/explore/68a6f57a000000001c034c0a?xsec_token=ABZHvGOCF1Qb1O0LuTMh262Xd5yEqmaZaznWIt__AUC1w=
6a19820600000000380372eb,AB62lh0QmAeGiMW1tHl_bW-SVLtaCDPDDa5TULnHlhpfI=,换条裙子去吃饭啦🌸,何穗,https://sns-avatar-qc.xhscdn.com/avatar/64488f257cf83cd837e261d3.jpg?imageView2/2/w/80/format/jpg,47820,2613,2132,3217,穿搭,https://www.xiaohongshu.com/explore/68a6f57a000000001c034c0a?xsec_token=AB62lh0QmAeGiMW1tHl_bW-SVLtaCDPDDa5TULnHlhpfI=
66b55ac1000000001e01b701,ABrMymRfE1UayQzhBQUOZ4L4Jk2aNNdoiMkx6nLVgcBkg=,比起18岁，更喜欢30岁⁉️,孙少也,https://sns-avatar-qc.xhscdn.com/avatar/1040g2jo311f37e2tmg0048cpjrllt57k7jv3ttg?imageView2/2/w/80/format/jpg,2130,647,79,71,穿搭,https://www.xiaohongshu.com/explore/68a6f57a000000001c034c0a?xsec_token=ABrMymRfE1UayQzhBQUOZ4L4Jk2aNNdoiMkx6nLVgcBkg=
6a4fb479000000000f01f61f,ABKwI9xjY_W1WqV8vEzalhcMiK3k-hTUohj2gK7NUeQdE=,女大学生两套校园乖乖女穿搭记录一下✏️,打哈邱,https://sns-avatar-qc.xhscdn.com/avatar/1040g2jo31ir3m28ggm005pfen8p19n9lmiulvb8?imageView2/2/w/80/format/jpg,2842,896,53,31,穿搭,https://www.xiaohongshu.com/explore/68a6f57a000000001c034c0a?xsec_token=ABKwI9xjY_W1WqV8vEzalhcMiK3k-hTUohj2gK7NUeQdE=
698b21ba0000000015023754,ABlucorK0wdfP0q0CeQwuzHtF4zezUvtozANF1AdpciFM=,recent dump /: ˚˖❤︎,Ethere_,https://sns-avatar-qc.xhscdn.com/avatar/67a7a018310bb734a99d1763.jpg?imageView2/2/w/80/format/jpg,13969,1195,205,373,穿搭,https://www.xiaohongshu.com/explore/68a6f57a000000001c034c0a?xsec_token=ABlucorK0wdfP0q0CeQwuzHtF4zezUvtozANF1AdpciFM=
6a102ab00000000008031b4e,ABKFW0axtVg-ShumtuPGuooS4R7F5F6mkyUeXSn39InT0=,26夏·5套。通勤实用质感穿搭· 夏装（2）,十元脸,https://sns-avatar-qc.xhscdn.com/avatar/1040g2jo31ughmi0q2a005ojd7i7ocgudgo4v64o?imageView2/2/w/80/format/jpg,2813,1772,72,84,穿搭,https://www.xiaohongshu.com/explore/68a6f57a000000001c034c0a?xsec_token=ABKFW0axtVg-ShumtuPGuooS4R7F5F6mkyUeXSn39InT0=
68b94252000000001b032770,ABWmHMtZLY6_YtamKKVZbR66jjVsmYmZl8imAEP9CHaEo=,秋天喜欢穿的漂亮衣服！！,一只甜甜怪,https://sns-avatar-qc.xhscdn.com/avatar/1040g2jo31b7sm3bvno005nl66rvg8nh644fdq1g?imageView2/2/w/80/format/jpg,1418,531,16,36,穿搭,https://www.xiaohongshu.com/explore/68a6f57a000000001c034c0a?xsec_token=ABWmHMtZLY6_YtamKKVZbR66jjVsmYmZl8imAEP9CHaEo=
6a2e2bbb0000000022023b68,ABcL26rrWBFd_ipLEzPQSUyMqwmpPsC4QF-3_FaVJdisc=,反季囤货指南 vol.2 来啦！📣 美味加码！,十点梨,https://sns-avatar-qc.xhscdn.com/avatar/6425cd513bc14a45a670a26d.jpg?imageView2/2/w/80/format/jpg,12137,6376,227,971,穿搭,https://www.xiaohongshu.com/explore/68a6f57a000000001c034c0a?xsec_token=ABcL26rrWBFd_ipLEzPQSUyMqwmpPsC4QF-3_FaVJdisc=
69512fce000000002103da06,ABNJEsSNmiScK-LpiMpqDdYUCGHaKzaXx5WR9ykj6FRJg=,姐系氛围感｜实用又时髦的派克服穿搭思路*5,小居,https://sns-avatar-qc.xhscdn.com/avatar/1040g2jo313abn8o204005pa5ognhgnfdkfjh95g?imageView2/2/w/80/format/jpg,7316,3947,113,908,穿搭,https://www.xiaohongshu.com/explore/68a6f57a000000001c034c0a?xsec_token=ABNJEsSNmiScK-LpiMpqDdYUCGHaKzaXx5WR9ykj6FRJg=
69ddd0e6000000001d01c5c9,AB6YFAaGG9uO827bqFSRl1suVsciunevOhmZdCVpk2FpM=,30+穿搭｜all black给的姐感🕶️,是温温温呀,https://sns-avatar-qc.xhscdn.com/avatar/1040g2jo31meq58ndks005pabca6grqgr5jb21fo?imageView2/2/w/80/format/jpg,8675,3544,222,1244,穿搭,https://www.xiaohongshu.com/explore/68a6f57a000000001c034c0a?xsec_token=AB6YFAaGG9uO827bqFSRl1suVsciunevOhmZdCVpk2FpM=
6a3f6074000000001503f3f8,ABa1D12IXoFAjXeJ6-SnCv3fKICq1-RSRLFtK88ftm9-U=,反季质感外套🧥低至2折刚需囤货请捡漏,安甜,https://sns-avatar-qc.xhscdn.com/avatar/1040g2jo31he9sieq3s00405l2o2t84t5ic9edoo?imageView2/2/w/80/format/jpg,8883,4821,125,407,穿搭,https://www.xiaohongshu.com/explore/68a6f57a000000001c034c0a?xsec_token=ABa1D12IXoFAjXeJ6-SnCv3fKICq1-RSRLFtK88ftm9-U=
680fac41000000002300ca56,ABLUpI5FHK4veAka44LSLBBBz6ZUG2iYjVpgdnp2_sv7I=,👗,赵露思,https://sns-avatar-qc.xhscdn.com/avatar/1040g2jo32206nlg5n2004a17jb2vl5roop6fpu0?imageView2/2/w/80/format/jpg,249014,15009,11231,1333,穿搭,https://www.xiaohongshu.com/explore/68a6f57a000000001c034c0a?xsec_token=ABLUpI5FHK4veAka44LSLBBBz6ZUG2iYjVpgdnp2_sv7I=
68807d65000000002201f953,ABZI9yoLtPVtmEiu0814QlI6HVVSP2P4O0drrc0rdA6zs=,喜欢简单干净的穿搭,只阿裴,https://sns-avatar-qc.xhscdn.com/avatar/1040g2jo31utcu8pajq005o0nqle093v3ubtgd90?imageView2/2/w/80/format/jpg,2131,522,28,50,穿搭,https://www.xiaohongshu.com/explore/68a6f57a000000001c034c0a?xsec_token=ABZI9yoLtPVtmEiu0814QlI6HVVSP2P4O0drrc0rdA6zs=
6a44d0b1000000001702a639,AB7YyCH4EjzQUYvinIPW-S28GSStzxXrTZYtukEo5qAxQ=,这下该出片了吧,甜心羊总,https://sns-avatar-qc.xhscdn.com/avatar/1040g2jo31ubjrsobiq005ptj20i3idg0huvsfng?imageView2/2/w/80/format/jpg,6121,1809,148,294,穿搭,https://www.xiaohongshu.com/explore/68a6f57a000000001c034c0a?xsec_token=AB7YyCH4EjzQUYvinIPW-S28GSStzxXrTZYtukEo5qAxQ=
69e83ccf000000001f002fc7,ABogGELP8C-FLYMUlhEGX1is7ePfZnMZsZU6I8XT69w2o=,☀️阳光下的校园 我和这里的9年,xxjin金玉洁,https://sns-avatar-qc.xhscdn.com/avatar/1040g2jo31kirstdej2004a00gd8vspis2m33hpg?imageView2/2/w/80/format/jpg,4535,859,132,123,穿搭,https://www.xiaohongshu.com/explore/68a6f57a000000001c034c0a?xsec_token=ABogGELP8C-FLYMUlhEGX1is7ePfZnMZsZU6I8XT69w2o=
696b0f3a000000001a01e606,AB0YZY_EqJrMlKJ4IF-yQY6oaOGFvLFYC5uq9dciDiPgc=,本人也来发一下,HelloKittyyy_,https://sns-avatar-qc.xhscdn.com/avatar/635d12c44be37d2764c28f50.jpg?imageView2/2/w/80/format/jpg,235396,17867,1645,3931,穿搭,https://www.xiaohongshu.com/explore/68a6f57a000000001c034c0a?xsec_token=AB0YZY_EqJrMlKJ4IF-yQY6oaOGFvLFYC5uq9dciDiPgc=
69ce3378000000001a024259,ABq61rKHVjXSbNGJk5U_cnUgXi7myBFyvU6OBxZUH4VZI=,Island girl🌴,东瓜嘀嘀,https://sns-avatar-qc.xhscdn.com/avatar/5a03abf4b46c5d17c1e1e1b7.jpg?imageView2/2/w/80/format/jpg,18350,2968,389,1182,穿搭,https://www.xiaohongshu.com/explore/68a6f57a000000001c034c0a?xsec_token=ABq61rKHVjXSbNGJk5U_cnUgXi7myBFyvU6OBxZUH4VZI=
6a1d350900000000350259ff,ABCdmnJ4SUptKxjxNR_wdyc9CdGx2CqCBgHNwxP0w46Ac=,cody…非得把版型改成这样吗🧎‍♀️,sunset,https://sns-avatar-qc.xhscdn.com/avatar/68ece149f212dc1c530baf5a.jpg?imageView2/2/w/80/format/jpg,4035,296,106,286,穿搭,https://www.xiaohongshu.com/explore/68a6f57a000000001c034c0a?xsec_token=ABCdmnJ4SUptKxjxNR_wdyc9CdGx2CqCBgHNwxP0w46Ac=
6891a3610000000023039260,AB9o_-x2-7gRvDrT97nrAR3Y8kYgQR1ZiXnisAIGsYQec=,出门喝杯,97,https://sns-avatar-qc.xhscdn.com/avatar/6333aad23b71d25e2c8b2234.jpg?imageView2/2/w/80/format/jpg,3434,707,25,257,穿搭,https://www.xiaohongshu.com/explore/68a6f57a000000001c034c0a?xsec_token=AB9o_-x2-7gRvDrT97nrAR3Y8kYgQR1ZiXnisAIGsYQec=
6714df100000000021005604,ABInOpYgwkmORFZIkIsspNWGxuriv4eHcJhNr_Ev2jgI4=,早味,喵喵蛋饺,https://sns-avatar-qc.xhscdn.com/avatar/1040g2jo3229i7fvun4005np40b0091gnp5ngegg?imageView2/2/w/80/format/jpg,3858,284,70,63,穿搭,https://www.xiaohongshu.com/explore/68a6f57a000000001c034c0a?xsec_token=ABInOpYgwkmORFZIkIsspNWGxuriv4eHcJhNr_Ev2jgI4=
6a200c5d000000003503a8d3,ABma6w5g1GReGUtqqk5Aj-m7rMBpMbnspFYsz8Y9MRluo=,专四历年常考搭配分享,新疆师范大学小拉学长,https://sns-avatar-qc.xhscdn.com/avatar/1040g2jo3207nm2qblg405p9tpnf1158ktuq1mi0?imageView2/2/w/80/format/jpg,4244,3836,40,485,穿搭,https://www.xiaohongshu.com/explore/68a6f57a000000001c034c0a?xsec_token=ABma6w5g1GReGUtqqk5Aj-m7rMBpMbnspFYsz8Y9MRluo=
69eb2baf000000001f005cf2,AB3xmkKJ126-yfh3vQqqUVCrubCu_7iV_2PvI0vKKMBAo=,裸杏猫眼&配饰搭配思路✨🫶🏻,Yiiijooo,https://sns-avatar-qc.xhscdn.com/avatar/1040g2jo31d1gofbdgm004a4h4kjsabt7i3lg1g0?imageView2/2/w/80/format/jpg,12071,8443,52,1165,穿搭,https://www.xiaohongshu.com/explore/68a6f57a000000001c034c0a?xsec_token=AB3xmkKJ126-yfh3vQqqUVCrubCu_7iV_2PvI0vKKMBAo=
69e9bcc10000000019025c00,AB-FMmqngRlUPt92GcZYk24fwG22xsAiemcTkCICwZcJ4=,穿搭基础 身材就不基础！！,DanMeE,https://sns-avatar-qc.xhscdn.com/avatar/1040g2jo31vv5fp2cl60g5nnsor60bo1t0hltis0?imageView2/2/w/80/format/jpg,3476,780,61,404,穿搭,https://www.xiaohongshu.com/explore/68a6f57a000000001c034c0a?xsec_token=AB-FMmqngRlUPt92GcZYk24fwG22xsAiemcTkCICwZcJ4=
6a25621f0000000008024d61,ABWlruYc1Pi-3fyiVb4fLffGM867btCcm9G_CwRg5f6xA=,OOTD｜古早味辣妹穿搭,妍儿穿搭酱🍒,https://sns-avatar-qc.xhscdn.com/avatar/5e401cc9bcad070001e1bd4a.jpg?imageView2/2/w/80/format/jpg,972,343,2,68,穿搭,https://www.xiaohongshu.com/explore/68a6f57a000000001c034c0a?xsec_token=ABWlruYc1Pi-3fyiVb4fLffGM867btCcm9G_CwRg5f6xA=
692eb67d000000001e037462,AB2R-1kQ-RHKdHNdhHXXHzg9qzdEnkcuWvLNtKKkLq4J8=,我的冬日对镜拍穿搭合集☃️,Zyhuil,https://sns-avatar-qc.xhscdn.com/avatar/6466c9975417149a5a9ede65.jpg?imageView2/2/w/80/format/jpg,2546,400,78,113,穿搭,https://www.xiaohongshu.com/explore/68a6f57a000000001c034c0a?xsec_token=AB2R-1kQ-RHKdHNdhHXXHzg9qzdEnkcuWvLNtKKkLq4J8=
6a4f9e6f000000000f01e122,ABKwI9xjY_W1WqV8vEzalhcH7rKSm-1563Tta_po_9bGg=,生日🎂一周穿搭,Savislook,https://sns-avatar-qc.xhscdn.com/avatar/5e8daed6d6e3b000019b41c0.jpg?imageView2/2/w/80/format/jpg,2401,522,310,176,穿搭,https://www.xiaohongshu.com/explore/68a6f57a000000001c034c0a?xsec_token=ABKwI9xjY_W1WqV8vEzalhcH7rKSm-1563Tta_po_9bGg=
6a51d3e2000000000f02a8df,ABtq3vah3qEw5V7mmDQvxfC6IhhwOAOi_nbrzfog9uM_w=,+1 Aloved｜奥地利穿搭同款,只吃海盐卷,https://sns-avatar-qc.xhscdn.com/avatar/1040g2jo321ocp26pms0g5poh2kd7c3l40tpv1og?imageView2/2/w/80/format/jpg,580,207,19,16,穿搭,https://www.xiaohongshu.com/explore/68a6f57a000000001c034c0a?xsec_token=ABtq3vah3qEw5V7mmDQvxfC6IhhwOAOi_nbrzfog9uM_w=
69be6987000000001f003236,ABWf5OM7DFJ_BABhgNgJz_yclU8-V12RszCZrJIFEiV-c=,人渣跟女生出去玩怎么穿（5）,思远Glenindiv,https://sns-avatar-qc.xhscdn.com/avatar/57811adb02f37d086293d1c1.jpg?imageView2/2/w/80/format/jpg,30240,5246,1623,4590,穿搭,https://www.xiaohongshu.com/explore/68a6f57a000000001c034c0a?xsec_token=ABWf5OM7DFJ_BABhgNgJz_yclU8-V12RszCZrJIFEiV-c=
69a6ca1f000000001a02306b,ABedIDjeq9-hZHdlPM3_tQGIH4DVUSkioVEoKFmeeRPks=,初春一周穿搭合集,WestFan,https://sns-avatar-qc.xhscdn.com/avatar/1040g2jo3203s7pfi2q0g49elt5f2eth849pqdi0?imageView2/2/w/80/format/jpg,393,103,42,17,穿搭,https://www.xiaohongshu.com/explore/68a6f57a000000001c034c0a?xsec_token=ABedIDjeq9-hZHdlPM3_tQGIH4DVUSkioVEoKFmeeRPks=
6a4a087f000000002003991e,ABtPYiXblrkg46zuTjbCtOvS_1Fl3Z8-VIJzowF-U9ZQg=,热怒症拳打脚踢的一周,亚克力枪枪,https://sns-avatar-qc.xhscdn.com/avatar/6084fbf82628e06035065ed3.jpg?imageView2/2/w/80/format/jpg,7981,239,371,212,穿搭,https://www.xiaohongshu.com/explore/68a6f57a000000001c034c0a?xsec_token=ABtPYiXblrkg46zuTjbCtOvS_1Fl3Z8-VIJzowF-U9ZQg=
6a33deb20000000017009d67,ABgRFviqFOPfFVZPA0zXoMGMH_yEX6osygqVIJWHPKvrk=,烟紫水晶,江月月,https://sns-avatar-qc.xhscdn.com/avatar/1040g2jo322fuu7j97u005pik1go0u3f8mcsit0g?imageView2/2/w/80/format/jpg,3286,1101,57,282,穿搭,https://www.xiaohongshu.com/explore/68a6f57a000000001c034c0a?xsec_token=ABgRFviqFOPfFVZPA0zXoMGMH_yEX6osygqVIJWHPKvrk=
69e05f46000000002200c0da,ABg8TBacOCq0xsUaOMDtob0dygxdrEGR510YWMBBkGJ3c=,🛍️一些简单大方的穿搭分享❕,_coffee_mm,https://sns-avatar-qc.xhscdn.com/avatar/1040g2jo31i3kpfgp6m005q1nud3ms2digi87a9o?imageView2/2/w/80/format/jpg,2144,2014,45,97,穿搭,https://www.xiaohongshu.com/explore/68a6f57a000000001c034c0a?xsec_token=ABg8TBacOCq0xsUaOMDtob0dygxdrEGR510YWMBBkGJ3c=
6a4f7e46000000001101eed9,ABKwI9xjY_W1WqV8vEzalhcPFAkJfW2iMyIpXqSOxemhE=,2026年7月10日穿衣指南,南华悟真,https://sns-avatar-qc.xhscdn.com/avatar/1040g2jo31deiafd3gc505ovpm84l1h59i94vk0o?imageView2/2/w/80/format/jpg,78,22,3,9,穿搭,https://www.xiaohongshu.com/explore/68a6f57a000000001c034c0a?xsec_token=ABKwI9xjY_W1WqV8vEzalhcPFAkJfW2iMyIpXqSOxemhE=
6a0f10230000000006032190,ABSmVlUyLVxVFVKknKA4VzhBJH9aaRW5phlPNskVQAk8E=,日常基础款也能穿出美女味儿,颂颂好脾气,https://sns-avatar-qc.xhscdn.com/avatar/1040g2jo31pgr1rnjig005oo84rnjonm0e5bg4oo?imageView2/2/w/80/format/jpg,6274,3464,99,274,穿搭,https://www.xiaohongshu.com/explore/68a6f57a000000001c034c0a?xsec_token=ABSmVlUyLVxVFVKknKA4VzhBJH9aaRW5phlPNskVQAk8E=
688aa497000000002502673e,AB5c6ZmBTEfqf0IMDh8hG9g-kHTIgfPYH9U3RiMOR1_Gs=,Back for my favourite wild 🍓,吴千语Karena,https://sns-avatar-qc.xhscdn.com/avatar/5e1bb2b7e29ec00001828ada.jpg?imageView2/2/w/80/format/jpg,22500,1402,936,988,穿搭,https://www.xiaohongshu.com/explore/68a6f57a000000001c034c0a?xsec_token=AB5c6ZmBTEfqf0IMDh8hG9g-kHTIgfPYH9U3RiMOR1_Gs=
6a2e84440000000021021eb0,ABcL26rrWBFd_ipLEzPQSUyD3Xfk1-5LvKeq1EfVK_1iw=,98套合集｜世界上最舒服的穿搭配色,潮流米古,https://sns-avatar-qc.xhscdn.com/avatar/695dfe940c875af3ba5ce8c8.jpg?imageView2/2/w/80/format/jpg,284,305,2,19,穿搭,https://www.xiaohongshu.com/explore/68a6f57a000000001c034c0a?xsec_token=ABcL26rrWBFd_ipLEzPQSUyD3Xfk1-5LvKeq1EfVK_1iw=
69e481e6000000002101289a,AB7gnML7UV8GN2BOpOIaMCUrnKiiUcf_B1vcTvqAqRQfs=,近期穿搭合集,胤胤妈,https://sns-avatar-qc.xhscdn.com/avatar/1040g2jo31lrq4j9hl8005ng07e508qplij0t2m8?imageView2/2/w/80/format/jpg,122,16,30,4,穿搭,https://www.xiaohongshu.com/explore/68a6f57a000000001c034c0a?xsec_token=AB7gnML7UV8GN2BOpOIaMCUrnKiiUcf_B1vcTvqAqRQfs=
6a262cc9000000001c0243b3,ABKotL-IqqfFNusWd8eWKZTsYLPXbKzyJL2G-GUcUOMac=,一周穿搭合集💐,Ivyyy.,https://sns-avatar-qc.xhscdn.com/avatar/1040g2jo31vo6sq1i2a0g5n4nl3lk9vvv2obg9m8?imageView2/2/w/80/format/jpg,1286,386,31,32,穿搭,https://www.xiaohongshu.com/explore/68a6f57a000000001c034c0a?xsec_token=ABKotL-IqqfFNusWd8eWKZTsYLPXbKzyJL2G-GUcUOMac=
69d6780b00000000200396e5,AB4rZY1TKVTvRzkjAAED-bg6zKkRCHiEQNhY4BIRMtz1o=,主包的夏日at穿搭✖️7🫶😽,珈珈加油,https://sns-avatar-qc.xhscdn.com/avatar/1040g2jo31qo55okeno004a50fvilq2c0nq069h0?imageView2/2/w/80/format/jpg,900,126,122,61,穿搭,https://www.xiaohongshu.com/explore/68a6f57a000000001c034c0a?xsec_token=AB4rZY1TKVTvRzkjAAED-bg6zKkRCHiEQNhY4BIRMtz1o=
6a311ad3000000002200869f,ABTMymwRURqrOLxDws-cd_070BLzuBd53jvxks_JYykJk=,柔是东方骨,半口小希,https://sns-avatar-qc.xhscdn.com/avatar/608c2099c7594a002dc9f736.jpg?imageView2/2/w/80/format/jpg,6754,1760,67,166,穿搭,https://www.xiaohongshu.com/explore/68a6f57a000000001c034c0a?xsec_token=ABTMymwRURqrOLxDws-cd_070BLzuBd53jvxks_JYykJk=
698719ea0000000015023b42,ABELJlUME4HZ-KmxhwkIxYc2qoJD7XXuwF0KAi8qeP4ts=,开始期待夏天啦！！,可以静,https://sns-avatar-qc.xhscdn.com/avatar/1040g2jo31utnfi9tiq005n2hkc74efq90dhup10?imageView2/2/w/80/format/jpg,4759,950,129,660,穿搭,https://www.xiaohongshu.com/explore/68a6f57a000000001c034c0a?xsec_token=ABELJlUME4HZ-KmxhwkIxYc2qoJD7XXuwF0KAi8qeP4ts=
69202622000000001e012f39,ABDx_E9SOjBAVgWARFffm2sB0ENx1UC1V7R50ZI4Gb7dw=,🤎,你别说话我嫌烦,https://sns-avatar-qc.xhscdn.com/avatar/643fa01384a43f762420425b.jpg?imageView2/2/w/80/format/jpg,4452,554,33,142,穿搭,https://www.xiaohongshu.com/explore/68a6f57a000000001c034c0a?xsec_token=ABDx_E9SOjBAVgWARFffm2sB0ENx1UC1V7R50ZI4Gb7dw=
6a1ec7d800000000380351df,ABEUnMb0K94rO415NeW0VI8B6r59uM0kZcAx1TnEvkX10=,古早又松弛的韩女街头感穿搭🤎‧₊˚☆,为什么要背小书包,https://sns-avatar-qc.xhscdn.com/avatar/63fbaeeac04ea1143dd09386.jpg?imageView2/2/w/80/format/jpg,4193,1531,129,115,穿搭,https://www.xiaohongshu.com/explore/68a6f57a000000001c034c0a?xsec_token=ABEUnMb0K94rO415NeW0VI8B6r59uM0kZcAx1TnEvkX10=
6a059c4e0000000038037446,AB6fydUSmhOSG4lFryYVz53UeVGsVJ7WhEZdKddYr5YOQ=,购物分享：）初夏愉快🫧17min的入夏准备～,神蒜子,https://sns-avatar-qc.xhscdn.com/avatar/1040g2jo31hdpf0jhjs005nrmtno08lks07rpcg0?imageView2/2/w/80/format/jpg,7255,2974,417,255,穿搭,https://www.xiaohongshu.com/explore/68a6f57a000000001c034c0a?xsec_token=AB6fydUSmhOSG4lFryYVz53UeVGsVJ7WhEZdKddYr5YOQ=
6a09d2430000000007028dc4,ABK3V76G_iNmfeWoTRr7gfkiBnyR4Xam4Uih6ChxSXDeQ=,都进我的衣柜！,郑恺,https://sns-avatar-qc.xhscdn.com/avatar/1040g2jo31j6ugkfbj40g5n51kd2lmgn9rt8crto?imageView2/2/w/80/format/jpg,10566,2151,801,826,穿搭,https://www.xiaohongshu.com/explore/68a6f57a000000001c034c0a?xsec_token=ABK3V76G_iNmfeWoTRr7gfkiBnyR4Xam4Uih6ChxSXDeQ=
6a1afbbf000000003501eab7,AB-6JpaUxcCHfSFUE7sFRcsuLsQE7k-pG8su7QUfLgexg=,先别嫌弃👀 看完你就种草了 🍀,Kat🐱,https://sns-avatar-qc.xhscdn.com/avatar/652929b1bab57001111699c9.jpg?imageView2/2/w/80/format/jpg,49540,2922,2359,3432,穿搭,https://www.xiaohongshu.com/explore/68a6f57a000000001c034c0a?xsec_token=AB-6JpaUxcCHfSFUE7sFRcsuLsQE7k-pG8su7QUfLgexg=
6a4a3a9a000000001503cb40,ABtPYiXblrkg46zuTjbCtOvccglvReJp5VpLtxKg4O_Cs=,Winter outfits｜反季短款绝美外套🩰,怡宝,https://sns-avatar-qc.xhscdn.com/avatar/60e1da2f2039af9fa2b358ca.jpg?imageView2/2/w/80/format/jpg,8310,3645,150,355,穿搭,https://www.xiaohongshu.com/explore/68a6f57a000000001c034c0a?xsec_token=ABtPYiXblrkg46zuTjbCtOvccglvReJp5VpLtxKg4O_Cs=
6a1cba8c0000000008026194,ABCUat1hgNz1bFk1mbmjBKBeN5rGpu6fUXH-hv9uUUBQE=,苗疆小师妹,清柠,https://sns-avatar-qc.xhscdn.com/avatar/1040g2jo31na7vlti6m005ojldu1oc42h0fgj0e0?imageView2/2/w/80/format/jpg,6736,2906,266,500,穿搭,https://www.xiaohongshu.com/explore/68a6f57a000000001c034c0a?xsec_token=ABCUat1hgNz1bFk1mbmjBKBeN5rGpu6fUXH-hv9uUUBQE=
69ce4792000000002200ec3d,ABq61rKHVjXSbNGJk5U_cnUm8xk22g4dvGDtSXY5jCna8=,我都长这样了性格恶劣一点没关系吧,Aabbi,https://sns-avatar-qc.xhscdn.com/avatar/1040g2jo322ac7bvr6u004a2v84rh2lr4ffk4luo?imageView2/2/w/80/format/jpg,4209,624,127,417,穿搭,https://www.xiaohongshu.com/explore/68a6f57a000000001c034c0a?xsec_token=ABq61rKHVjXSbNGJk5U_cnUm8xk22g4dvGDtSXY5jCna8=
69f326c60000000020038794,ABMkZitvkbK6lhD7udikvAbKoVDausub4HeVJciET1Duo=,hi 购物分享🧳,DLIONGMK,https://sns-avatar-qc.xhscdn.com/avatar/1040g2jo31n3me80g5m0g4bupnu4piktp8cnepd0?imageView2/2/w/80/format/jpg,9156,3291,82,325,穿搭,https://www.xiaohongshu.com/explore/68a6f57a000000001c034c0a?xsec_token=ABMkZitvkbK6lhD7udikvAbKoVDausub4HeVJciET1Duo=
69b3c08a000000001b022c61,AB0DadK5xctEA7QpuL9QA-VctW_-Z46bWHL8RIRh4RYFY=,早春穿搭18图！,W_耐耐,https://sns-avatar-qc.xhscdn.com/avatar/1000g2jo2l23lo2aj200049vn5paqfecjh2ntm3o?imageView2/2/w/80/format/jpg,664,266,78,28,穿搭,https://www.xiaohongshu.com/explore/68a6f57a000000001c034c0a?xsec_token=AB0DadK5xctEA7QpuL9QA-VctW_-Z46bWHL8RIRh4RYFY=
691d8691000000001d038fb6,ABVXZgxv8OFePxqrz5OoigSq7CHJUj5D3S1uFN6PmSoO8=,爱上自己的那天人生才刚开始,iamlyn,https://sns-avatar-qc.xhscdn.com/avatar/1040g2jo31o7sjl8qks004beqrj9bef2oonrojm8?imageView2/2/w/80/format/jpg,2301,296,58,40,穿搭,https://www.xiaohongshu.com/explore/68a6f57a000000001c034c0a?xsec_token=ABVXZgxv8OFePxqrz5OoigSq7CHJUj5D3S1uFN6PmSoO8=
69cbc07e000000001a03405a,ABQcvt717ZcJUDilvwsKaf8YQzWNZJM0j6pA46MpysxOo=,近日最爱的温柔大姐姐穿搭,甜辣小笼包,https://sns-avatar-qc.xhscdn.com/avatar/1040g2jo30n7t7j2a5c005obh7jf0jt4iibsrag0?imageView2/2/w/80/format/jpg,942,276,24,71,穿搭,https://www.xiaohongshu.com/explore/68a6f57a000000001c034c0a?xsec_token=ABQcvt717ZcJUDilvwsKaf8YQzWNZJM0j6pA46MpysxOo=
6a0072d8000000003502f33c,ABRNeOtWhbdXD0kW18SasqiSt7Ni-T2eMewGK-pUBROys=,贫民窟里的白色百万富翁,夏美,https://sns-avatar-qc.xhscdn.com/avatar/6135a2af7fefa880551d6c52.jpg?imageView2/2/w/80/format/jpg,50286,23565,746,2973,穿搭,https://www.xiaohongshu.com/explore/68a6f57a000000001c034c0a?xsec_token=ABRNeOtWhbdXD0kW18SasqiSt7Ni-T2eMewGK-pUBROys=
6971f1f3000000000d008e70,ABHs2D978_RnDWbmrPgC3m-ZYCTQr1BO84KPx-YsNrfI0=,Dazz粘贴复制滤镜 ｜使用指南来咯,何美誼子📸,https://sns-avatar-qc.xhscdn.com/avatar/1040g2jo321ti3vdvnu005n4n44n4n0ndt0go2go?imageView2/2/w/80/format/jpg,163,101,16,29,穿搭,https://www.xiaohongshu.com/explore/68a6f57a000000001c034c0a?xsec_token=ABHs2D978_RnDWbmrPgC3m-ZYCTQr1BO84KPx-YsNrfI0=
69c28a0c00000000230133ca,ABxC6r9nPq0EU7P3fOQQIHfXZK-BXRmwQfZzgYPo3-yyk=,美女穿搭 美到发疯,颂伊宝,https://sns-avatar-qc.xhscdn.com/avatar/1040g2jo31rfk4f1e0m005neojfvg9cestj27loo?imageView2/2/w/80/format/jpg,5598,5138,100,197,穿搭,https://www.xiaohongshu.com/explore/68a6f57a000000001c034c0a?xsec_token=ABxC6r9nPq0EU7P3fOQQIHfXZK-BXRmwQfZzgYPo3-yyk=
6a357e6a0000000016026639,ABiiEONr4U1m0VY61LOU4_NsZWW_bnMPvbYjhZEM6SmL8=,放假了穿什么连衣裙,时髦疯子,https://sns-avatar-qc.xhscdn.com/avatar/1040g2jo31vbo6v772q005ne7lv308kkt0vtq3o0?imageView2/2/w/80/format/jpg,3225,1511,30,164,穿搭,https://www.xiaohongshu.com/explore/68a6f57a000000001c034c0a?xsec_token=ABiiEONr4U1m0VY61LOU4_NsZWW_bnMPvbYjhZEM6SmL8=
69e35c520000000023027ca0,ABeIxyQY9JMSxIUR7SfQhvrotUZG1WVeFjS5oKMjjN2gg=,无logo才是高级感｜都市男士夏日穿搭天花板,阿布dulla,https://sns-avatar-qc.xhscdn.com/avatar/1040g2jo31lc2s9p9kq005opf3k9ovd9jki22r3o?imageView2/2/w/80/format/jpg,10139,1720,117,294,穿搭,https://www.xiaohongshu.com/explore/68a6f57a000000001c034c0a?xsec_token=ABeIxyQY9JMSxIUR7SfQhvrotUZG1WVeFjS5oKMjjN2gg=
6a40e5f5000000001003c920,ABZHvGOCF1Qb1O0LuTMh262ccTg4TEJEeM5Gxz2IMe6DE=,国服宫本洗剪吹新赛季焚决！搭配无象神器！,下饭游戏解说,https://sns-avatar-qc.xhscdn.com/avatar/1040g2jo31qtrck4gngdg5phts6t1oohp4htg4ig?imageView2/2/w/80/format/jpg,1439,1642,18,40,穿搭,https://www.xiaohongshu.com/explore/68a6f57a000000001c034c0a?xsec_token=ABZHvGOCF1Qb1O0LuTMh262ccTg4TEJEeM5Gxz2IMe6DE=
6a4250c5000000001102d163,ABDnyPlIjJQ1u74vn6TCpl2S4T_Db4bnSVqacVvjA1RXA=,outfits｜大人感👩🏻‍💻轻熟风穿搭单品分享,玉米au,https://sns-avatar-qc.xhscdn.com/avatar/1040g2jo30nup51n91u005nhg906g995j40nibqo?imageView2/2/w/80/format/jpg,8147,4892,198,323,穿搭,https://www.xiaohongshu.com/explore/68a6f57a000000001c034c0a?xsec_token=ABDnyPlIjJQ1u74vn6TCpl2S4T_Db4bnSVqacVvjA1RXA=
6a48b9c300000000060323d9,AB8Y4ftibNX7Si0FeRfrjzhv77C-PvkbV9hzUeqIi6AGs=,季藏x扭蛋丨失色玩偶₊˚.丨限时分享,织就萤火,https://sns-avatar-qc.xhscdn.com/avatar/6486d218c66cea47a1fb66f6.jpg?imageView2/2/w/80/format/jpg,4005,1305,738,395,穿搭,https://www.xiaohongshu.com/explore/68a6f57a000000001c034c0a?xsec_token=AB8Y4ftibNX7Si0FeRfrjzhv77C-PvkbV9hzUeqIi6AGs=
6a2f933f000000001102dc68,ABCRfV8ETmOOfXjNl4OrQfuBpFgUvm2tXtytCotqi0llw=,凑崎纱夏/感觉Sana物欲也很低 好美好会穿😻,Mii daily,https://sns-avatar-qc.xhscdn.com/avatar/6463375ff9fdcdb5182ef3bc.jpg?imageView2/2/w/80/format/jpg,870,263,8,55,穿搭,https://www.xiaohongshu.com/explore/68a6f57a000000001c034c0a?xsec_token=ABCRfV8ETmOOfXjNl4OrQfuBpFgUvm2tXtytCotqi0llw=
6a49bdc80000000022016bf2,AB_92JVugd7Dn7-zXqMlyFfWRx1HYvaOi-dnKxseKrHOA=,【ootd】喜欢这种简单的随意感,神奇浮板少女,https://sns-avatar-qc.xhscdn.com/avatar/1040g2jo31r1b1u0png005nl9ehng8qmikqe9g7o?imageView2/2/w/80/format/jpg,3925,1189,58,102,穿搭,https://www.xiaohongshu.com/explore/68a6f57a000000001c034c0a?xsec_token=AB_92JVugd7Dn7-zXqMlyFfWRx1HYvaOi-dnKxseKrHOA=
69eb75f80000000022024e44,AB3xmkKJ126-yfh3vQqqUVChQ8gkq9wL1nH9Fch88hMKU=,跟前面的三套比，哪套最好看呢宝宝们,锦月姝（限流版）,https://sns-avatar-qc.xhscdn.com/avatar/1040g2jo31ph1i6dh3c6g5oi1pnkk1gs241ou7l8?imageView2/2/w/80/format/jpg,55,25,2,1,穿搭,https://www.xiaohongshu.com/explore/68a6f57a000000001c034c0a?xsec_token=AB3xmkKJ126-yfh3vQqqUVChQ8gkq9wL1nH9Fch88hMKU=
6985b393000000001a02f2c1,ABHGPZeFLUIrmqtZcWmVFEdL5604suLybjq5sjK5TKalQ=,松弛感好像比漂亮更胜一筹,永远财运爆棚的静静,https://sns-avatar-qc.xhscdn.com/avatar/6471fe6b63774f70a0483b45.jpg?imageView2/2/w/80/format/jpg,79,17,19,3,穿搭,https://www.xiaohongshu.com/explore/68a6f57a000000001c034c0a?xsec_token=ABHGPZeFLUIrmqtZcWmVFEdL5604suLybjq5sjK5TKalQ=
6a0d69690000000008024d69,ABpfkqthqV9qzB0xOewsqSc2xWc2542viOg63sEwKgqlg=,挑战100天穿搭分享第30天💜最爱绸缎裙,生旧叉烧好过生我🐷,https://sns-avatar-qc.xhscdn.com/avatar/1040g2jo31ugk6n7l2q6g42i1j7emratktc4klc0?imageView2/2/w/80/format/jpg,1767,556,37,217,穿搭,https://www.xiaohongshu.com/explore/68a6f57a000000001c034c0a?xsec_token=ABpfkqthqV9qzB0xOewsqSc2xWc2542viOg63sEwKgqlg=
699fb822000000002203bb47,ABGizNjyWCk94UaZmAsmG9fvlcm-rQaewSkE3Zw-Pc2uo=,18*ootd✨一些春夏穿搭灵感,董礼貌,https://sns-avatar-qc.xhscdn.com/avatar/1040g2jo31cu1tet6120049lbm8hhds925p9fu8o?imageView2/2/w/80/format/jpg,2294,1048,159,172,穿搭,https://www.xiaohongshu.com/explore/68a6f57a000000001c034c0a?xsec_token=ABGizNjyWCk94UaZmAsmG9fvlcm-rQaewSkE3Zw-Pc2uo=
6a5454f1000000002200bedc,ABPR2xrI6XFYqwMGOpEhVTfY2qg7aLufRw6J_0k966ni8=,解锁舒适日常风,井井玩,https://sns-avatar-qc.xhscdn.com/avatar/61b30e774fd8210778aa8c70.jpg?imageView2/2/w/80/format/jpg,2457,1104,41,107,穿搭,https://www.xiaohongshu.com/explore/68a6f57a000000001c034c0a?xsec_token=ABPR2xrI6XFYqwMGOpEhVTfY2qg7aLufRw6J_0k966ni8=
69eca17500000000350204a3,ABP9axZ52w_sr7iISzEKbzxFyhf7_i6IW_c1jsfjpDmTw=,👖｜小个子必吃榜*百搭长裤🔖（无广种草）🧺🐻,小茄乐园,https://sns-avatar-qc.xhscdn.com/avatar/64a3f9382c7a535610c66bdb.jpg?imageView2/2/w/80/format/jpg,18330,9259,447,530,穿搭,https://www.xiaohongshu.com/explore/68a6f57a000000001c034c0a?xsec_token=ABP9axZ52w_sr7iISzEKbzxFyhf7_i6IW_c1jsfjpDmTw=
6a54a7770000000020039e54,ABPR2xrI6XFYqwMGOpEhVTfW60oe9uRr9AeSiMCSMBA-I=,喜欢后背设计！,狗叫的猫🐱,https://sns-avatar-qc.xhscdn.com/avatar/1040g2jo3229ccdftnu004a07eqrsuhtt0fr4ghg?imageView2/2/w/80/format/jpg,3201,1118,41,174,穿搭,https://www.xiaohongshu.com/explore/68a6f57a000000001c034c0a?xsec_token=ABPR2xrI6XFYqwMGOpEhVTfW60oe9uRr9AeSiMCSMBA-I=
6a255b8c0000000022026d4d,ABWlruYc1Pi-3fyiVb4fLffMsR3QNx-yZJWXvjZe4Vr7U=,舒适配色穿搭｜今日是「紫色+黑色」合集,三木小个子ootd,https://sns-avatar-qc.xhscdn.com/avatar/1040g2jo31v3tb5jj1m5g5ogog4tgkm45uajms08?imageView2/2/w/80/format/jpg,2029,1106,164,159,穿搭,https://www.xiaohongshu.com/explore/68a6f57a000000001c034c0a?xsec_token=ABWlruYc1Pi-3fyiVb4fLffMsR3QNx-yZJWXvjZe4Vr7U=
6a14425000000000080034ef,ABksx3EeNDhfjF8xo9IFSwrFR-BL-GDYpRQtNsyO-anG8=,日常出去玩都倍儿有面儿,颂颂好脾气,https://sns-avatar-qc.xhscdn.com/avatar/1040g2jo31pgr1rnjig005oo84rnjonm0e5bg4oo?imageView2/2/w/80/format/jpg,2839,1738,63,112,穿搭,https://www.xiaohongshu.com/explore/68a6f57a000000001c034c0a?xsec_token=ABksx3EeNDhfjF8xo9IFSwrFR-BL-GDYpRQtNsyO-anG8=
6a0d8b710000000035028241,ABpfkqthqV9qzB0xOewsqScz8cGFkLye1YqhjycN6lIxc=,私藏5件真爱半裙（无广）,HelloDaH,https://sns-avatar-qc.xhscdn.com/avatar/1040g2jo31g3i8mkeh80g5n18h351k3ebhlcjspo?imageView2/2/w/80/format/jpg,5557,4342,158,457,穿搭,https://www.xiaohongshu.com/explore/68a6f57a000000001c034c0a?xsec_token=ABpfkqthqV9qzB0xOewsqScz8cGFkLye1YqhjycN6lIxc=
6a3bd78f00000000110186a3,ABJCUqKyPq7_MKO9FPBLc31H-S3gODkUsHtqurHOPm6lA=,2outfits*气质温柔lady穿搭,臭屁小茜,https://sns-avatar-qc.xhscdn.com/avatar/1040g2jo31t28c6vc56005n8s43o49idvko98lo8?imageView2/2/w/80/format/jpg,1849,819,34,82,穿搭,https://www.xiaohongshu.com/explore/68a6f57a000000001c034c0a?xsec_token=ABJCUqKyPq7_MKO9FPBLc31H-S3gODkUsHtqurHOPm6lA=
6a1424730000000035024ff5,ABksx3EeNDhfjF8xo9IFSwrGvOk3XxN7w6b8dH3QELJVA=,☕️☕️☕️,YYTTONG,https://sns-avatar-qc.xhscdn.com/avatar/1040g2jo31r1pphjnmu0g5p0f854aa693kb0546o?imageView2/2/w/80/format/jpg,2021,502,12,176,穿搭,https://www.xiaohongshu.com/explore/68a6f57a000000001c034c0a?xsec_token=ABksx3EeNDhfjF8xo9IFSwrGvOk3XxN7w6b8dH3QELJVA=
6a322544000000000e038401,ABxTds8Lx8Jb8S3DQ07lgtTkhDhoSADkbZyRjm28H6ykE=,在车上换衣服,Haeum,https://sns-avatar-qc.xhscdn.com/avatar/1040g2jo31nb50vo4lme05q74q6vtoojlpb1j8h8?imageView2/2/w/80/format/jpg,197,50,5,3,穿搭,https://www.xiaohongshu.com/explore/68a6f57a000000001c034c0a?xsec_token=ABxTds8Lx8Jb8S3DQ07lgtTkhDhoSADkbZyRjm28H6ykE=
69e352bd0000000022001c3e,ABeIxyQY9JMSxIUR7SfQhvrvpxaVdK21Nu093slUF6R48=,攒了一周穿搭,悠悠yoyou,https://sns-avatar-qc.xhscdn.com/avatar/1040g2jo31td26m3ils005nfkdjs08eot168ed70?imageView2/2/w/80/format/jpg,193,40,2,11,穿搭,https://www.xiaohongshu.com/explore/68a6f57a000000001c034c0a?xsec_token=ABeIxyQY9JMSxIUR7SfQhvrvpxaVdK21Nu093slUF6R48=
6a0d90e00000000036002816,ABpfkqthqV9qzB0xOewsqSczk0In6L_0VIBhfuzubT5k4=,生活就要边走边看,Yann 张妍,https://sns-avatar-qc.xhscdn.com/avatar/1040g2jo31q950ff7n4004adfg0soru50jr09eeg?imageView2/2/w/80/format/jpg,382,109,17,26,穿搭,https://www.xiaohongshu.com/explore/68a6f57a000000001c034c0a?xsec_token=ABpfkqthqV9qzB0xOewsqSczk0In6L_0VIBhfuzubT5k4=
6a0f034e0000000036002b84,ABSmVlUyLVxVFVKknKA4VzhGVdrhXEjqOzopMX9uW0e6c=,近期穿搭合集18图📝,装斯文,https://sns-avatar-qc.xhscdn.com/avatar/6123c5c3b10697f18ad229b9.jpg?imageView2/2/w/80/format/jpg,3485,1197,164,172,穿搭,https://www.xiaohongshu.com/explore/68a6f57a000000001c034c0a?xsec_token=ABSmVlUyLVxVFVKknKA4VzhGVdrhXEjqOzopMX9uW0e6c=
69e77011000000001d01bf18,ABJxzYZM8wxibuZ9sj_5bdjJd-wjD5RSsDdVQE4SltiV0=,KITH 最近上的Tee 都超级完美啊！人气🔥,하나 ^*^,https://sns-avatar-qc.xhscdn.com/avatar/1040g2jo31t9igg0m56005q1f7gs2nntrp6qmpeg?imageView2/2/w/80/format/jpg,13,5,3,5,穿搭,https://www.xiaohongshu.com/explore/68a6f57a000000001c034c0a?xsec_token=ABJxzYZM8wxibuZ9sj_5bdjJd-wjD5RSsDdVQE4SltiV0=
6a45ce48000000001503e3a9,AB36IyAedIoclyXkvLQrOd1Ps47LCCCW9-vntj7jUTFI4=,今日全身ootd…,一升屁,https://sns-avatar-qc.xhscdn.com/avatar/64802a6194b042977cdd7841.jpg?imageView2/2/w/80/format/jpg,11905,2688,129,406,穿搭,https://www.xiaohongshu.com/explore/68a6f57a000000001c034c0a?xsec_token=AB36IyAedIoclyXkvLQrOd1Ps47LCCCW9-vntj7jUTFI4=
69f1222b000000002202776b,ABI_1KySTbJ-o1xBwZTeUewYPNX-x6iDjUQEsUCKe4yNI=,及膝裙是2026的穿搭密码,Kerina Wang,https://sns-avatar-qc.xhscdn.com/avatar/1040g2jo31vecqoiniq005nve7q5gbos6vupftl8?imageView2/2/w/80/format/jpg,9272,3421,119,576,穿搭,https://www.xiaohongshu.com/explore/68a6f57a000000001c034c0a?xsec_token=ABI_1KySTbJ-o1xBwZTeUewYPNX-x6iDjUQEsUCKe4yNI=
6a2be3bd0000000035020c6d,ABngcQtSr4KYxREb1C6N24s2u_Zmu65y8ECOKG76FtVdM=,,郑的四次方,https://sns-avatar-qc.xhscdn.com/avatar/64a238ddf25b490a57284f08.jpg?imageView2/2/w/80/format/jpg,35285,2926,566,1287,穿搭,https://www.xiaohongshu.com/explore/68a6f57a000000001c034c0a?xsec_token=ABngcQtSr4KYxREb1C6N24s2u_Zmu65y8ECOKG76FtVdM=
6a2e76340000000006033b2c,ABcL26rrWBFd_ipLEzPQSUyKNTjGyKXZcPb-h-L4NHucE=,doggyqin 白桃小花 蕾丝绾中长裙,空空cold,https://sns-avatar-qc.xhscdn.com/avatar/1040g2jo316uatmg0k40g4a6f8v20hlumk441s0g?imageView2/2/w/80/format/jpg,12987,4725,108,585,穿搭,https://www.xiaohongshu.com/explore/68a6f57a000000001c034c0a?xsec_token=ABcL26rrWBFd_ipLEzPQSUyKNTjGyKXZcPb-h-L4NHucE=
69eb78b5000000001a03591d,AB3xmkKJ126-yfh3vQqqUVChxguweMwclNLdrLrEnDiI0=,漂亮的藏蓝色穿搭！！！喜欢吗！！,Rose Fang,https://sns-avatar-qc.xhscdn.com/avatar/1040g2jo31s0ptpevkc0g4a03aeqk30mnmb79fh8?imageView2/2/w/80/format/jpg,20595,12260,569,924,穿搭,https://www.xiaohongshu.com/explore/68a6f57a000000001c034c0a?xsec_token=AB3xmkKJ126-yfh3vQqqUVChxguweMwclNLdrLrEnDiI0=
6a339301000000001101d078,ABgRFviqFOPfFVZPA0zXoMGLTEbYFdDI5AVFnLFshvZP4=,“穿得像自己”比较重要,王煊燃,https://sns-avatar-qc.xhscdn.com/avatar/1040g2jo31voh9sut1m005nkvsmqg9c9v1hes448?imageView2/2/w/80/format/jpg,2474,1111,94,114,穿搭,https://www.xiaohongshu.com/explore/68a6f57a000000001c034c0a?xsec_token=ABgRFviqFOPfFVZPA0zXoMGLTEbYFdDI5AVFnLFshvZP4=
6a506eb20000000016027957,ABLF0fX3JyGHE2zHq8HaATLSD3FE6MUSs_2z8ALajR6BI=,Pdd夯物汇总🛍️🥂我愿称之为平价天花板‼️,liya,https://sns-avatar-qc.xhscdn.com/avatar/1040g2jo31ilgcfq4g8004abhbl7o9ek46k1avk8?imageView2/2/w/80/format/jpg,5662,3104,141,156,穿搭,https://www.xiaohongshu.com/explore/68a6f57a000000001c034c0a?xsec_token=ABLF0fX3JyGHE2zHq8HaATLSD3FE6MUSs_2z8ALajR6BI=
6a1846c10000000035028b38,ABt8qWqSZhj3ST5yff_wWQEUbJobEoQbwXruJXGInmybc=,无社交面具“低能量穿搭”☕️精力只剩1%又如何,十点梨,https://sns-avatar-qc.xhscdn.com/avatar/6425cd513bc14a45a670a26d.jpg?imageView2/2/w/80/format/jpg,1951,1147,53,151,穿搭,https://www.xiaohongshu.com/explore/68a6f57a000000001c034c0a?xsec_token=ABt8qWqSZhj3ST5yff_wWQEUbJobEoQbwXruJXGInmybc=
68a535e7000000001c031027,ABzaMpy1ASr80J9tu71GxMdh5p3n1DwfUIJSEZnSD1j_8=,173 53 吃吃减减是常态,Souyui,https://sns-avatar-qc.xhscdn.com/avatar/6323434af7bb8c2718d6602c.jpg?imageView2/2/w/80/format/jpg,1008,149,71,51,穿搭,https://www.xiaohongshu.com/explore/68a6f57a000000001c034c0a?xsec_token=ABzaMpy1ASr80J9tu71GxMdh5p3n1DwfUIJSEZnSD1j_8=
696a0ab6000000000a032455,ABGKBF92aEQPD5Bk5aBb1K1N1NxzKB-5a9M_M39lb9RQQ=,早春Inspo｜一周时髦高智感长裤穿搭,草鱼爱吃鱼zzz,https://sns-avatar-qc.xhscdn.com/avatar/63fd99cbfca3d98c0e1c0825.jpg?imageView2/2/w/80/format/jpg,10298,3445,51,338,穿搭,https://www.xiaohongshu.com/explore/68a6f57a000000001c034c0a?xsec_token=ABGKBF92aEQPD5Bk5aBb1K1N1NxzKB-5a9M_M39lb9RQQ=
69cd11b1000000002202679c,ABC4A-Vm3JNdCKqp-QrYhIzRe3-mZmZd03rMPslRK2p5U=,175/104｜姐系一周ootw☆.·春季辣妹穿搭灵感,禾一,https://sns-avatar-qc.xhscdn.com/avatar/661ece59f54d719b1e8a5886.jpg?imageView2/2/w/80/format/jpg,6155,2078,61,276,穿搭,https://www.xiaohongshu.com/explore/68a6f57a000000001c034c0a?xsec_token=ABC4A-Vm3JNdCKqp-QrYhIzRe3-mZmZd03rMPslRK2p5U=
6a05aa74000000000701212e,AB6fydUSmhOSG4lFryYVz53Q-1bJYGCxp8Qjjqb4DXFPE=,不是衣服太普通❌是你搭得太平庸‼️,月月是斯嘉丽,https://sns-avatar-qc.xhscdn.com/avatar/1040g2jo30ue1tchf5g0040la393804092tc8e9g?imageView2/2/w/80/format/jpg,28970,26521,569,5611,穿搭,https://www.xiaohongshu.com/explore/68a6f57a000000001c034c0a?xsec_token=AB6fydUSmhOSG4lFryYVz53Q-1bJYGCxp8Qjjqb4DXFPE=
69fc7ef2000000001b023f09,ABBsvyD1Okso0IR6uTzVuB3oogDNmYy9VG_tJ4m5j5_44=,紫色系夏日度假穿搭,琳慕,https://sns-avatar-qc.xhscdn.com/avatar/1040g2jo31ire2r30h4104a33rl8g9ijl5ubvalg?imageView2/2/w/80/format/jpg,1625,396,20,31,穿搭,https://www.xiaohongshu.com/explore/68a6f57a000000001c034c0a?xsec_token=ABBsvyD1Okso0IR6uTzVuB3oogDNmYy9VG_tJ4m5j5_44=
6a3e6317000000000702e128,ABGSK46j4rc3tr_oHoAYshJ0iysEOK5uI0xC3neBiJ7l8=,舒胡蕾家连衣裙一眼沦陷…,百原小津,https://sns-avatar-qc.xhscdn.com/avatar/5f8842a898a09700012aec49.jpg?imageView2/2/w/80/format/jpg,27998,5566,92,593,穿搭,https://www.xiaohongshu.com/explore/68a6f57a000000001c034c0a?xsec_token=ABGSK46j4rc3tr_oHoAYshJ0iysEOK5uI0xC3neBiJ7l8=
6983f983000000000c036bc2,AB_31CXHQJBmBx456G0WorGEJGdu3WLnUWnwHrRNPq5d4=,预习一下春天的穿搭*4套,皮皮,https://sns-avatar-qc.xhscdn.com/avatar/1040g2jo31g8trinnhe0g5p9bhmuaj86ulpdipg8?imageView2/2/w/80/format/jpg,2698,1194,64,163,穿搭,https://www.xiaohongshu.com/explore/68a6f57a000000001c034c0a?xsec_token=AB_31CXHQJBmBx456G0WorGEJGdu3WLnUWnwHrRNPq5d4=
69db16c30000000022003690,AB1Y1m2qKHgnd-rot8zRXlNGjfw4JEMu7mLGEyP0oM9bc=,18图♥️我的五一假期出游穿搭,鼻涕狗,https://sns-avatar-qc.xhscdn.com/avatar/1040g2jo31abqq0jin20g5nu202n08ain9hbtaj8?imageView2/2/w/80/format/jpg,5402,2752,164,338,穿搭,https://www.xiaohongshu.com/explore/68a6f57a000000001c034c0a?xsec_token=AB1Y1m2qKHgnd-rot8zRXlNGjfw4JEMu7mLGEyP0oM9bc=
6a2cd3d100000000080036ad,ABTEdHWg9miXo8pUg4ORwxM9rpSc99YvjU-vOW3sqDKwk=,绝密航天玩穿搭，翩翩顶呱呱,翩翩（航天小锦鲤）,https://sns-avatar-qc.xhscdn.com/avatar/1040g2jo31dfntgrvgs6g5p9nmeq11dnqooqjscg?imageView2/2/w/80/format/jpg,16189,4582,405,182,穿搭,https://www.xiaohongshu.com/explore/68a6f57a000000001c034c0a?xsec_token=ABTEdHWg9miXo8pUg4ORwxM9rpSc99YvjU-vOW3sqDKwk=
6a0e8a4500000000380216e3,ABHAadpkw5W4qhurD0oXcwKjFv1xmev3_ZoKXU6Ua_1a8=,穿搭障眼法,蟹煲,https://sns-avatar-qc.xhscdn.com/avatar/1040g2jo31t63dqdhm8005pq9tsj7dqb3tq42d30?imageView2/2/w/80/format/jpg,2539,1067,30,91,穿搭,https://www.xiaohongshu.com/explore/68a6f57a000000001c034c0a?xsec_token=ABHAadpkw5W4qhurD0oXcwKjFv1xmev3_ZoKXU6Ua_1a8=
6a1a53370000000035026b9b,AB-6JpaUxcCHfSFUE7sFRcshINNxYDdvx_XTc3YuRgzMs=,colorfit六月穿什么|来试试粉色系穿搭吧,王冰冰,https://sns-avatar-qc.xhscdn.com/avatar/1040g2jo30ukgo2e9la6g5opka3fmblt4r4eo7q8?imageView2/2/w/80/format/jpg,8559,1309,302,442,穿搭,https://www.xiaohongshu.com/explore/68a6f57a000000001c034c0a?xsec_token=AB-6JpaUxcCHfSFUE7sFRcshINNxYDdvx_XTc3YuRgzMs=
6a3e4846000000001102c404,ABGSK46j4rc3tr_oHoAYshJ4qVH6WW4YkeVH1nOF-E8wE=,Outfit Achive |5️⃣穿搭不重样～,小芝煎煎,https://sns-avatar-qc.xhscdn.com/avatar/1040g2jo31u3jdg9lhq005o3f2rv08qgtveoiqu8?imageView2/2/w/80/format/jpg,1939,1383,35,44,穿搭,https://www.xiaohongshu.com/explore/68a6f57a000000001c034c0a?xsec_token=ABGSK46j4rc3tr_oHoAYshJ4qVH6WW4YkeVH1nOF-E8wE=
6984817c000000000c035899,AB1BND7blXXF8XLmuJCL2YfloYwEU6romiYKjKG3DoYe8=,Cali vibin’🌴🥤,韩好甜,https://sns-avatar-qc.xhscdn.com/avatar/62f629e9100a6104703a4fea.jpg?imageView2/2/w/80/format/jpg,12743,1541,175,410,穿搭,https://www.xiaohongshu.com/explore/68a6f57a000000001c034c0a?xsec_token=AB1BND7blXXF8XLmuJCL2YfloYwEU6romiYKjKG3DoYe8=
6a520d97000000001101bbd2,AB_7EMKLCtQN--x6uKf4lW8iBi5n7T9ZaRvYslxJNc7Mo=,休闲穿搭思路、干净又耐看、慵懒风穿搭,橘子海🍊,https://sns-avatar-qc.xhscdn.com/avatar/66d97f907694f16250c1d9d7.jpg?imageView2/2/w/80/format/jpg,678,222,41,7,穿搭,https://www.xiaohongshu.com/explore/68a6f57a000000001c034c0a?xsec_token=AB_7EMKLCtQN--x6uKf4lW8iBi5n7T9ZaRvYslxJNc7Mo=
6a03d01b000000003603093e,ABHhzRNzR8nmtHlNz4KnHfgqVBCMKJSvcc-GTCn7jv2Uk=,🩵🫧🩵,姐姐的couture,https://sns-avatar-qc.xhscdn.com/avatar/1040g2jo31fsljcr906005oljvp96ssde97pi7vg?imageView2/2/w/80/format/jpg,5760,1577,197,231,穿搭,https://www.xiaohongshu.com/explore/68a6f57a000000001c034c0a?xsec_token=ABHhzRNzR8nmtHlNz4KnHfgqVBCMKJSvcc-GTCn7jv2Uk=
6a269e3a000000000702392f,ABKotL-IqqfFNusWd8eWKZTijpWUeVmgGqjbzcU4DcAro=,一些美女感的衣服开箱！,一个人,https://sns-avatar-qc.xhscdn.com/avatar/1040g2jo31o6bom1g5m005q6riahslfm3420k57o?imageView2/2/w/80/format/jpg,16341,4156,184,292,穿搭,https://www.xiaohongshu.com/explore/68a6f57a000000001c034c0a?xsec_token=ABKotL-IqqfFNusWd8eWKZTijpWUeVmgGqjbzcU4DcAro=
69c374dc0000000023022e37,ABnZxM2w7nq4DHti5bYe0nWEMmNFG5kfULAbOrXvezt38=,色彩缤纷~✍🏻🌀🫐💡🧃🛸,子秋,https://sns-avatar-qc.xhscdn.com/avatar/1040g2jo31a5ptm6dni004bv0fpo5p5544f8kbs0?imageView2/2/w/80/format/jpg,7045,1004,214,515,穿搭,https://www.xiaohongshu.com/explore/68a6f57a000000001c034c0a?xsec_token=ABnZxM2w7nq4DHti5bYe0nWEMmNFG5kfULAbOrXvezt38=
69b2b1e00000000016008ee0,ABC5_XnnYuqJOYrXrkfdlJ1gpwEBtIN_FElJlriCDB-vE=,早春四套西装上身，气场两米八,chris-小倩,https://sns-avatar-qc.xhscdn.com/avatar/5f66093bdcc13800018a5bc1.jpg?imageView2/2/w/80/format/jpg,704,269,76,76,穿搭,https://www.xiaohongshu.com/explore/68a6f57a000000001c034c0a?xsec_token=ABC5_XnnYuqJOYrXrkfdlJ1gpwEBtIN_FElJlriCDB-vE=
69de129b000000001a035c44,ABnCZ7LI9mrAuEGcHARKkGVvurVyDjlllcOQ67-hqvEL0=,当你以为自己穿搭很优雅出门（路人视角）,穗穗念,https://sns-avatar-qc.xhscdn.com/avatar/1040g2jo31id39mgkg2004butapi96hh21i8fee0?imageView2/2/w/80/format/jpg,4524,1169,246,102,穿搭,https://www.xiaohongshu.com/explore/68a6f57a000000001c034c0a?xsec_token=ABnCZ7LI9mrAuEGcHARKkGVvurVyDjlllcOQ67-hqvEL0=
6809f620000000000f03be13,ABjo3YuNPDLjMdf8A81L0q35etGtkW_UbsJm9CTKh-aDw=,学士服别穿短裤,周周念周周,https://sns-avatar-qc.xhscdn.com/avatar/1040g2jo31odjsde3g6005ni87ing950481lfin8?imageView2/2/w/80/format/jpg,32370,3430,3291,2581,穿搭,https://www.xiaohongshu.com/explore/68a6f57a000000001c034c0a?xsec_token=ABjo3YuNPDLjMdf8A81L0q35etGtkW_UbsJm9CTKh-aDw=
68f5f16100000000040034c4,ABm_L9-Q1MIsd7ot6wFwYZd_ynODL3OG_jheUuMrx7u80=,一周穿搭｜入秋后的复古时髦🛋️,桃花岛岛主,https://sns-avatar-qc.xhscdn.com/avatar/1040g2jo313vt97l2ie005ng8a8809encfd93pog?imageView2/2/w/80/format/jpg,4992,971,419,358,穿搭,https://www.xiaohongshu.com/explore/68a6f57a000000001c034c0a?xsec_token=ABm_L9-Q1MIsd7ot6wFwYZd_ynODL3OG_jheUuMrx7u80=
69c91b57000000001d01abde,ABybWDp6xoCSh0ZM6Bc0s9ErrSn2vjdQN6DvAc2LL5u7I=,松弛氛围感,池三也,https://sns-avatar-qc.xhscdn.com/avatar/62a9e1ef007b00f05fc39a98.jpg?imageView2/2/w/80/format/jpg,194,49,17,6,穿搭,https://www.xiaohongshu.com/explore/68a6f57a000000001c034c0a?xsec_token=ABybWDp6xoCSh0ZM6Bc0s9ErrSn2vjdQN6DvAc2LL5u7I=
6a0af079000000003502160a,ABsKIDPzMHAA3BdvoJc2tZNCmIVzbWs1gbF3uOwwGhqHQ=,8*高智感职场通勤穿搭,一点儿小儿,https://sns-avatar-qc.xhscdn.com/avatar/619ba64200000000210231a3.jpg?imageView2/2/w/80/format/jpg,11311,6096,121,607,穿搭,https://www.xiaohongshu.com/explore/68a6f57a000000001c034c0a?xsec_token=ABsKIDPzMHAA3BdvoJc2tZNCmIVzbWs1gbF3uOwwGhqHQ=
69defbc0000000001f007522,ABnCZ7LI9mrAuEGcHARKkGVlgUDlRobzYosrGDP0ciytU=,今日穿搭,miko酱ww,https://sns-avatar-qc.xhscdn.com/avatar/1040g2jo31h0u4f5ljs005okcdv2od9o8514t9r8?imageView2/2/w/80/format/jpg,2560,800,30,68,穿搭,https://www.xiaohongshu.com/explore/68a6f57a000000001c034c0a?xsec_token=ABnCZ7LI9mrAuEGcHARKkGVlgUDlRobzYosrGDP0ciytU=
6a4c958c00000000110046a7,ABIbGE4451ctX4rwHiGOryh5r0mjYpVIBQUsMijM-uAso=,平价古早薄荷蕾丝套装～好美萌清新！,闪闪ing！,https://sns-avatar-qc.xhscdn.com/avatar/1040g2jo320ei4cv15e0g5q3uq8qjfqdjs8afffo?imageView2/2/w/80/format/jpg,7361,3802,141,362,穿搭,https://www.xiaohongshu.com/explore/68a6f57a000000001c034c0a?xsec_token=ABIbGE4451ctX4rwHiGOryh5r0mjYpVIBQUsMijM-uAso=
697ccb68000000000b013e46,ABASKgmwMk-kSnwBJw4mljw32C7c_iqrTXTTeStSouvSo=,早春韩系穿搭🖤小香风套装好好看！！,求你吃饱就停😑,https://sns-avatar-qc.xhscdn.com/avatar/636b1f0714f22280f3b5c964.jpg?imageView2/2/w/80/format/jpg,7950,3100,49,519,穿搭,https://www.xiaohongshu.com/explore/68a6f57a000000001c034c0a?xsec_token=ABASKgmwMk-kSnwBJw4mljw32C7c_iqrTXTTeStSouvSo=
6a22990c0000000008024ed2,ABQR--UYIGb5ica6qvGSWCdDlp4sNB04lm0h0LDQJ3Oy0=,pov：听说大家喜欢看我走路,白柚米YOMi,https://sns-avatar-qc.xhscdn.com/avatar/1040g2jo30vnt9scqlq004a51915vnf7p086ia5o?imageView2/2/w/80/format/jpg,91646,11089,1512,5276,穿搭,https://www.xiaohongshu.com/explore/68a6f57a000000001c034c0a?xsec_token=ABQR--UYIGb5ica6qvGSWCdDlp4sNB04lm0h0LDQJ3Oy0=
67602263000000000b015be3,ABa-0IbWkfDwQKN8u4U8fvb36rCtheR5cznSPEfSnDQDg=,25秀场｜Victoria Beckham  Pre-Fall 2025,刀子嘴的刀🔪,https://sns-avatar-qc.xhscdn.com/avatar/1040g2jo31as4256cne005p7n9jmh879t5q13av0?imageView2/2/w/80/format/jpg,214,103,0,9,穿搭,https://www.xiaohongshu.com/explore/68a6f57a000000001c034c0a?xsec_token=ABa-0IbWkfDwQKN8u4U8fvb36rCtheR5cznSPEfSnDQDg=
69ca34170000000023022b3a,ABL0ZOAiRO7skS6jpcI-0kr1rgm13kBi6Cm00vKvYnt4s=,这套温柔又高级！,请您不要偷偷看我,https://sns-avatar-qc.xhscdn.com/avatar/62de3c02fad9d71e3c601836.jpg?imageView2/2/w/80/format/jpg,683,259,15,107,穿搭,https://www.xiaohongshu.com/explore/68a6f57a000000001c034c0a?xsec_token=ABL0ZOAiRO7skS6jpcI-0kr1rgm13kBi6Cm00vKvYnt4s=
69a6bd8a0000000015033c25,ABedIDjeq9-hZHdlPM3_tQGClN4Dc58qlDAnX-yWYdbSw=,穿搭分享｜慵懒的蓝色系,737**,https://sns-avatar-qc.xhscdn.com/avatar/1040g2jo31dvdmn23h00g4a1a009qdjnjln02d9o?imageView2/2/w/80/format/jpg,2322,774,34,113,穿搭,https://www.xiaohongshu.com/explore/68a6f57a000000001c034c0a?xsec_token=ABedIDjeq9-hZHdlPM3_tQGClN4Dc58qlDAnX-yWYdbSw=
6a071f51000000003502ccd1,ABVaA-O8xow8hyyUtoyja2esQ_9p7yGgtkzYzCsALK-MM=,跟着欧阳娜娜学穿搭！10套不同风格都好可,Elf Fashion Club,https://sns-avatar-qc.xhscdn.com/avatar/1040g2jo30pvk9jqkn6004bnmt1cqvq0lifuhhn8?imageView2/2/w/80/format/jpg,2699,1036,33,182,穿搭,https://www.xiaohongshu.com/explore/68a6f57a000000001c034c0a?xsec_token=ABVaA-O8xow8hyyUtoyja2esQ_9p7yGgtkzYzCsALK-MM=
69c8ca230000000023014159,ABjmzDNQAOny3bTvzUAlfXm1QBozG35sTGoe4pwNPyejY=,假如只有10分钟出门？通勤美学穿搭look*10！,小骨啊骨,https://sns-avatar-qc.xhscdn.com/avatar/1040g2jo31c6njj2f0m0049cg6j7q3kq43b4094g?imageView2/2/w/80/format/jpg,23876,17737,643,1399,穿搭,https://www.xiaohongshu.com/explore/68a6f57a000000001c034c0a?xsec_token=ABjmzDNQAOny3bTvzUAlfXm1QBozG35sTGoe4pwNPyejY=
69677aa6000000000b00954d,ABe8ullH-co916LpitLHeD2fwRAVJYDs9KSqku3EWBK6c=,审美积累｜选左还是右,穿搭灵感集,https://sns-avatar-qc.xhscdn.com/avatar/1040g2jo30p7ufmqtjo005nrb440g8udng362b6g?imageView2/2/w/80/format/jpg,6216,2666,34,211,穿搭,https://www.xiaohongshu.com/explore/68a6f57a000000001c034c0a?xsec_token=ABe8ullH-co916LpitLHeD2fwRAVJYDs9KSqku3EWBK6c=
69c906b10000000022027aa1,ABybWDp6xoCSh0ZM6Bc0s9Ero_CeXc-727RK0yE3Idsz0=,不是衣服太普通❌是你穿搭没用功‼️,月月是斯嘉丽,https://sns-avatar-qc.xhscdn.com/avatar/1040g2jo30ue1tchf5g0040la393804092tc8e9g?imageView2/2/w/80/format/jpg,25187,25747,549,4816,穿搭,https://www.xiaohongshu.com/explore/68a6f57a000000001c034c0a?xsec_token=ABybWDp6xoCSh0ZM6Bc0s9Ero_CeXc-727RK0yE3Idsz0=
68be7267000000001c00eacb,AB4UQpD5aX-4Uk9msWSxat2OrciNdZIp_FFCtdInf4blc=,-,帅晕,https://sns-avatar-qc.xhscdn.com/avatar/1040g2jo322d4m05pnu005n5ikfkklee48itqlj8?imageView2/2/w/80/format/jpg,444,45,16,10,穿搭,https://www.xiaohongshu.com/explore/68a6f57a000000001c034c0a?xsec_token=AB4UQpD5aX-4Uk9msWSxat2OrciNdZIp_FFCtdInf4blc=
6a51b67a000000001101af9c,ABtq3vah3qEw5V7mmDQvxfC3phdDLB2u3RnxqeOtbtVV8=,🫧🧊13件！“人生大衣”被这件蓝色大衣美到了,虹啊么,https://sns-avatar-qc.xhscdn.com/avatar/1040g2jo3222u3l3vn0104a75qr16f78ohbu26po?imageView2/2/w/80/format/jpg,1259,547,23,69,穿搭,https://www.xiaohongshu.com/explore/68a6f57a000000001c034c0a?xsec_token=ABtq3vah3qEw5V7mmDQvxfC3phdDLB2u3RnxqeOtbtVV8=
67eaae45000000000900ca49,ABngEqCk2Q3MAWSm1krkiqOXEYHDQ17o9JoYuE-F4YDdk=,🕶️ 隨機穿搭挑戰！我勇了,昆凌hannah_quinlivan,https://sns-avatar-qc.xhscdn.com/avatar/1000g2jo2pinvgi0ju0004b84m4fifjagl5tlhpg?imageView2/2/w/80/format/jpg,57120,3050,2437,1599,穿搭,https://www.xiaohongshu.com/explore/68a6f57a000000001c034c0a?xsec_token=ABngEqCk2Q3MAWSm1krkiqOXEYHDQ17o9JoYuE-F4YDdk=
6a261ed1000000000702a95e,ABKotL-IqqfFNusWd8eWKZTnRBANQKrAz_3jhH97-ENHA=,20 looks｜贵感穿搭之日常篇☕️,睿子__Rachel,https://sns-avatar-qc.xhscdn.com/avatar/1040g2jo30s54g1k4iq00444h9mujbjb22jl43so?imageView2/2/w/80/format/jpg,2715,1155,105,163,穿搭,https://www.xiaohongshu.com/explore/68a6f57a000000001c034c0a?xsec_token=ABKotL-IqqfFNusWd8eWKZTnRBANQKrAz_3jhH97-ENHA=
6a1a61290000000035038ebd,AB-6JpaUxcCHfSFUE7sFRcsoOGGe27OjWfsYXBaIg1RAU=,6️⃣套！慵懒低饱和穿搭🐈‍⬛实穿干净又耐看～,追追别后悔,https://sns-avatar-qc.xhscdn.com/avatar/66ed85eb38f13de3869bcafd.jpg?imageView2/2/w/80/format/jpg,3152,1221,97,63,穿搭,https://www.xiaohongshu.com/explore/68a6f57a000000001c034c0a?xsec_token=AB-6JpaUxcCHfSFUE7sFRcsoOGGe27OjWfsYXBaIg1RAU=
6a3b5efb000000002103fbd9,ABJCUqKyPq7_MKO9FPBLc31FU0OBNA75aL8qs7ksC5tTw=,轻熟感穿搭合集x11 附🔗,芭菲豆,https://sns-avatar-qc.xhscdn.com/avatar/6440a9075494bd5c8d2c32ed.jpg?imageView2/2/w/80/format/jpg,4399,1987,42,259,穿搭,https://www.xiaohongshu.com/explore/68a6f57a000000001c034c0a?xsec_token=ABJCUqKyPq7_MKO9FPBLc31FU0OBNA75aL8qs7ksC5tTw=
68d11c9d0000000007028ddd,ABOuZejoHi7oRzDQvjmYdYVFFumxz2zffFaYd7BN011A8=,一起看看最近的手机相册,高伯伯,https://sns-avatar-qc.xhscdn.com/avatar/1040g2jo31vcnlejhia005nk324f082493pqo50o?imageView2/2/w/80/format/jpg,1020,37,166,10,穿搭,https://www.xiaohongshu.com/explore/68a6f57a000000001c034c0a?xsec_token=ABOuZejoHi7oRzDQvjmYdYVFFumxz2zffFaYd7BN011A8=
6a4264df000000001101ea98,ABDnyPlIjJQ1u74vn6TCpl2amlSTYaZUbWCegqRs2oeP4=,半熟恋人|柳柳20套穿搭❗她超会穿,Camellia,https://sns-avatar-qc.xhscdn.com/avatar/1040g2jo310jn9kqsme6g5p0t2d4l1ggg5h5kcdg?imageView2/2/w/80/format/jpg,2561,1278,84,148,穿搭,https://www.xiaohongshu.com/explore/68a6f57a000000001c034c0a?xsec_token=ABDnyPlIjJQ1u74vn6TCpl2amlSTYaZUbWCegqRs2oeP4=
6a524cc2000000001003cc81,AB_7EMKLCtQN--x6uKf4lW8lDsVxSDJ4Eb-WF1LLb_28E=,7.12-7.19 五行颜色穿搭参考,须弥绘,https://sns-avatar-qc.xhscdn.com/avatar/1040g2jo31gsqte2i426g5phecum1ootom88qa2g?imageView2/2/w/80/format/jpg,354,154,4,41,穿搭,https://www.xiaohongshu.com/explore/68a6f57a000000001c034c0a?xsec_token=AB_7EMKLCtQN--x6uKf4lW8lDsVxSDJ4Eb-WF1LLb_28E=
6a438eed000000001102ceb2,AB17NFm1jEtNoI1fW2P7PWjTaKDHoyGoMDmjMQ7jLL3mI=,POV：当我第一次打官司不知道穿什么……,单单（重生版）,https://sns-avatar-qc.xhscdn.com/avatar/1040g2jo31v405hne3m004a13seduuckjme5gjag?imageView2/2/w/80/format/jpg,1688,148,95,77,穿搭,https://www.xiaohongshu.com/explore/68a6f57a000000001c034c0a?xsec_token=AB17NFm1jEtNoI1fW2P7PWjTaKDHoyGoMDmjMQ7jLL3mI=
6a4b6485000000000f0070c8,ABxrvC-kxowxsGCZWMLMpxK4_baKhdUa7IfdV7f3WXbXA=,🦓,希文_Sivan,https://sns-avatar-qc.xhscdn.com/avatar/624d555de8363e802e354219.jpg?imageView2/2/w/80/format/jpg,308,92,6,4,穿搭,https://www.xiaohongshu.com/explore/68a6f57a000000001c034c0a?xsec_token=ABxrvC-kxowxsGCZWMLMpxK4_baKhdUa7IfdV7f3WXbXA=
6a01b843000000000702ffcd,ABy36na50b3LfhavzrqKemxQLG0wolmksrHmliEEwrizQ=,不是通勤不显贵❌是你搭配没选对‼️,月月是斯嘉丽,https://sns-avatar-qc.xhscdn.com/avatar/1040g2jo30ue1tchf5g0040la393804092tc8e9g?imageView2/2/w/80/format/jpg,29303,24981,628,2609,穿搭,https://www.xiaohongshu.com/explore/68a6f57a000000001c034c0a?xsec_token=ABy36na50b3LfhavzrqKemxQLG0wolmksrHmliEEwrizQ=
66f164f3000000002a035cde,ABgEcPaioZnExuUsFZQ-3d8_LJukQZJiUlACg6eeMj1Hc=,🤍ིྀིྀ,wang*zzi,https://sns-avatar-qc.xhscdn.com/avatar/1040g2jo3106t6tl362005o6b74008cd83el6neg?imageView2/2/w/80/format/jpg,3206,670,30,138,穿搭,https://www.xiaohongshu.com/explore/68a6f57a000000001c034c0a?xsec_token=ABgEcPaioZnExuUsFZQ-3d8_LJukQZJiUlACg6eeMj1Hc=
6699b7150000000003026bc1,AB9jJraMCxsqCjsVzReOXInuQi47Hj9ZdOIGVWlQc4zUc=,上海街拍｜你们要的男士穿搭来咯,Shanghai sights,https://sns-avatar-qc.xhscdn.com/avatar/5fb1d59773e5e30001ee7c0e.jpg?imageView2/2/w/80/format/jpg,438,56,48,53,穿搭,https://www.xiaohongshu.com/explore/68a6f57a000000001c034c0a?xsec_token=AB9jJraMCxsqCjsVzReOXInuQi47Hj9ZdOIGVWlQc4zUc=
69fd8d5e000000003502d166,ABaqbqG8RBpToh2gLxdwuu2sFbaszXkqAS_YBLe1BFhkc=,千禧年｜自由作家的都市文艺穿搭,馥桂,https://sns-avatar-qc.xhscdn.com/avatar/1040g2jo31p98rmbc2a005onruhfkg1p5u2rgg48?imageView2/2/w/80/format/jpg,9750,5090,311,756,穿搭,https://www.xiaohongshu.com/explore/68a6f57a000000001c034c0a?xsec_token=ABaqbqG8RBpToh2gLxdwuu2sFbaszXkqAS_YBLe1BFhkc=
6a579bf4000000001503ea3d,ABjSHbn7Z-0MZ_oVOZkblHnTX5o9tSks8SDNCRyQadSvU=,夏日姐感穿搭｜微喇裤的极简高智穿搭*5,小居,https://sns-avatar-qc.xhscdn.com/avatar/1040g2jo313abn8o204005pa5ognhgnfdkfjh95g?imageView2/2/w/80/format/jpg,151,64,13,5,穿搭,https://www.xiaohongshu.com/explore/68a6f57a000000001c034c0a?xsec_token=ABjSHbn7Z-0MZ_oVOZkblHnTX5o9tSks8SDNCRyQadSvU=
6a4a5066000000000f01c86c,ABtPYiXblrkg46zuTjbCtOvWkjbuVGyS5yYnkXPGlnFlQ=,电竞房穿搭,颉颉与猫,https://sns-avatar-qc.xhscdn.com/avatar/1040g2jo322fjdbutn2005pjivjj0u3t85hneh5o?imageView2/2/w/80/format/jpg,4981,1203,0,70,穿搭,https://www.xiaohongshu.com/explore/68a6f57a000000001c034c0a?xsec_token=ABtPYiXblrkg46zuTjbCtOvWkjbuVGyS5yYnkXPGlnFlQ=
6a50a5c4000000002101a789,ABLF0fX3JyGHE2zHq8HaATLVAWJCDLHA4jOgXu6PGXBi0=,本周穿搭灵感👤,吴三斤Richie,https://sns-avatar-qc.xhscdn.com/avatar/6710d1da245d003455a06148.jpg?imageView2/2/w/80/format/jpg,202,20,16,6,穿搭,https://www.xiaohongshu.com/explore/68a6f57a000000001c034c0a?xsec_token=ABLF0fX3JyGHE2zHq8HaATLVAWJCDLHA4jOgXu6PGXBi0=
683d08cb000000002301d4cd,ABmYzg8Q546-EFxUMvYBQqejbrJFnKGZ7AE2VEox5klWE=,我很喜歡打扮🖤,Melinda Wang,https://sns-avatar-qc.xhscdn.com/avatar/1040g2jo319m4es076u105o5v1d2g8fa30jn4pko?imageView2/2/w/80/format/jpg,10254,533,386,826,穿搭,https://www.xiaohongshu.com/explore/68a6f57a000000001c034c0a?xsec_token=ABmYzg8Q546-EFxUMvYBQqejbrJFnKGZ7AE2VEox5klWE=
6a407725000000000702dc59,ABZHvGOCF1Qb1O0LuTMh262RbjhVB1GcWSX3cfUaegVEs=,下班后请大胆的去当穿搭博主,su苏,https://sns-avatar-qc.xhscdn.com/avatar/1040g2jo31emb19ol5k004a6jl8hcjt9p0aja6gg?imageView2/2/w/80/format/jpg,5324,1933,88,261,穿搭,https://www.xiaohongshu.com/explore/68a6f57a000000001c034c0a?xsec_token=ABZHvGOCF1Qb1O0LuTMh262RbjhVB1GcWSX3cfUaegVEs=
6a3922f6000000000702bcb6,ABCFDiwoBbDPLEQ1MbYcjF2-F4AeGpYVEodZan-WENBuw=,今天穿这个,典杯睿欧,https://sns-avatar-qc.xhscdn.com/avatar/1040g2jo31ut4pau9ia405q428d3jfumci99urd8?imageView2/2/w/80/format/jpg,451,91,13,20,穿搭,https://www.xiaohongshu.com/explore/68a6f57a000000001c034c0a?xsec_token=ABCFDiwoBbDPLEQ1MbYcjF2-F4AeGpYVEodZan-WENBuw=
67ee6d830000000009038ca2,ABLc9yk8R65jalu_pOIKdLEsB_MiA9wA_J8p72b-erD6s=,phone kisses 💋,taro.,https://sns-avatar-qc.xhscdn.com/avatar/1040g2jo31qfbdhkuga005nfefua094f4qdingk8?imageView2/2/w/80/format/jpg,6083,294,85,201,穿搭,https://www.xiaohongshu.com/explore/68a6f57a000000001c034c0a?xsec_token=ABLc9yk8R65jalu_pOIKdLEsB_MiA9wA_J8p72b-erD6s=
